/*
SQLyog Ultimate v11.11 (64 bit)
MySQL - 5.6.21 : Database - katiadinews
*********************************************************************
*/

/*!40101 SET NAMES utf8 */;

/*!40101 SET SQL_MODE=''*/;

/*!40014 SET @OLD_UNIQUE_CHECKS=@@UNIQUE_CHECKS, UNIQUE_CHECKS=0 */;
/*!40014 SET @OLD_FOREIGN_KEY_CHECKS=@@FOREIGN_KEY_CHECKS, FOREIGN_KEY_CHECKS=0 */;
/*!40101 SET @OLD_SQL_MODE=@@SQL_MODE, SQL_MODE='NO_AUTO_VALUE_ON_ZERO' */;
/*!40111 SET @OLD_SQL_NOTES=@@SQL_NOTES, SQL_NOTES=0 */;
/*Table structure for table `os_acl` */

DROP TABLE IF EXISTS `os_acl`;

CREATE TABLE `os_acl` (
  `id` int(11) unsigned NOT NULL AUTO_INCREMENT,
  `group_id` int(11) DEFAULT NULL,
  `controller` varchar(150) COLLATE utf8_unicode_ci DEFAULT NULL,
  `actions` varchar(150) COLLATE utf8_unicode_ci DEFAULT NULL,
  `action_title` varchar(150) COLLATE utf8_unicode_ci DEFAULT NULL,
  `access` tinyint(1) DEFAULT '0',
  `controller_type` tinyint(1) DEFAULT NULL,
  PRIMARY KEY (`id`)
) ENGINE=InnoDB AUTO_INCREMENT=309 DEFAULT CHARSET=utf8 COLLATE=utf8_unicode_ci;

/*Data for the table `os_acl` */

insert  into `os_acl`(`id`,`group_id`,`controller`,`actions`,`action_title`,`access`,`controller_type`) values (1,1,'City','admin','Manage City',1,1),(2,1,'City','create','New City',1,1),(3,1,'City','update','Edit City',1,1),(4,1,'City','delete','Delete City',1,1),(5,1,'State','admin','Manage States',1,1),(6,1,'State','create','New State',1,1),(7,1,'State','update','Edit State',1,1),(8,1,'State','delete','Delete State',1,1),(9,1,'Country','admin','Manage Countries',1,1),(10,1,'Country','create','New Country',1,1),(11,1,'Country','update','Edit Country',1,1),(12,1,'Country','delete','Delete Country',1,1),(13,1,'Content','admin','Manage Content',1,1),(14,1,'Content','create','New Content',1,1),(15,1,'Content','update','Edit Content',1,1),(16,1,'Content','delete','Delete Content',1,1),(17,1,'ContentCategory','admin','Manage Content Categoty',1,1),(18,1,'ContentCategory','create','New Content Categoty',1,1),(19,1,'ContentCategory','update','Edit Content Categoty',1,1),(20,1,'ContentCategory','delete','Delete Content Categoty',1,1),(21,1,'Currency','admin','Manage Currency',1,1),(22,1,'Country','view','Country Details',1,1),(23,1,'Currency','update','Edit Currency',1,1),(24,1,'Currency','delete','Delete Currency',1,1),(25,1,'User','admin','Manage User',1,1),(26,1,'User','create','New User',1,1),(27,1,'User','update','Edit User',1,1),(28,1,'User','delete','Delete User',1,1),(29,1,'User','edit','Change Password',1,1),(30,1,'User','view','User Details',1,1),(31,1,'Acl','admin','Manage Access Controll List (ACL)',1,1),(32,1,'Acl','create','New Access Controll List (ACL)',1,1),(33,1,'Acl','update','Edit Access Controll List (ACL)',1,1),(34,1,'Acl','delete','Delete Access Controll List (ACL)',1,1),(35,1,'Acl','view','Access Controll List (ACL) Details',1,1),(36,1,'AclAction','admin','Manage ACL Actions',1,1),(37,1,'UserGroup','admin','Manage User Group',1,1),(38,1,'UserGroup','create','New User Group',1,1),(39,1,'UserGroup','delete','Delete User Group',1,1),(40,1,'UserGroup','update','Edit User Group',1,1),(41,1,'UserGroup','view','User Group Details',1,1),(42,1,'Acl','edit','Update Access Controll List (ACL)',1,1),(43,1,'AclAction','create','New ACL Actions',1,1),(44,1,'AclAction','delete','Delete ACL Actions',1,1),(45,1,'AclAction','update','Edit ACL Actions',1,1),(46,1,'AclAction','view','ACL Actions Details',1,1),(47,1,'AclController','admin','Manage ACL Controller',1,1),(48,1,'AclController','create','New ACL Controller',1,1),(49,1,'AclController','delete','Delete ACL Controller',1,1),(50,1,'AclController','update','Edit ACL Controller',1,1),(51,1,'AclController','view','ACL Controller Details',1,1),(52,1,'City','view','City Details',1,1),(53,1,'Content','view','Content Details',1,1),(54,1,'ContentCategory','view','Content Categoty Details',1,1),(55,1,'Currency','create','New Currency',1,1),(56,1,'Currency','view','Currency Details',1,1),(57,1,'State','view','State Details',1,1),(58,1,'UserAdmin','admin','Manage Admin User',1,1),(59,1,'UserAdmin','create','New Admin User',1,1),(60,1,'UserAdmin','delete','Delete Admin User',1,1),(61,1,'UserAdmin','update','Edit Admin User',1,1),(62,1,'UserAdmin','view','Admin User Details',1,1),(63,1,'UserAdmin','edit','Change Password',1,1),(64,1,'UserProfile','admin','Manage User Profile',1,1),(65,1,'UserProfile','create','New User Profile',1,1),(66,1,'UserProfile','delete','Delete User Profile',1,1),(67,1,'UserProfile','update','Edit User Profile',1,1),(68,1,'UserProfile','view','User Profile Details',1,1),(69,1,'UserStatus','admin','Manage User Status',1,1),(70,1,'UserStatus','create','New User Status',1,1),(71,1,'UserStatus','delete','Delete User Status',1,1),(72,1,'UserStatus','update','Edit User Status',1,1),(73,1,'UserStatus','view','User Status Details',1,1),(74,1,'AclAction','actions','Manage ACL Actions',1,1),(75,1,'Site','contact','Contact',1,1),(76,1,'Banner','admin','Manage Banners',1,1),(77,1,'Banner','create','New Banner',1,1),(78,1,'Banner','update','Edit Banner',1,1),(79,1,'Banner','view','Banner Details',1,1),(80,1,'Banner','delete','Delete Banner',1,1),(81,1,'BannerCategory','admin','Manage Banner Categories',1,1),(82,1,'BannerCategory','create','New Banner Category',1,1),(83,1,'BannerCategory','update','Edit Banner Category',1,1),(84,1,'BannerCategory','view','Banner Category Details',1,1),(85,1,'BannerCategory','delete','Delete Banner Category',1,1),(86,1,'DocumentCategory','admin','Manage Document Categories',1,1),(87,1,'DocumentCategory','create','New Document Category ',1,1),(88,1,'DocumentCategory','update','Edit Document Category ',1,1),(89,1,'DocumentCategory','delete','Delete Document Category ',1,1),(90,1,'DocumentCategory','view','Document Category Details',1,1),(91,1,'Document','admin','Manage Document',1,1),(92,1,'Document','create','New Document',1,1),(93,1,'Document','update','Edit Document',1,1),(94,1,'Document','delete','Delete Document',1,1),(95,1,'Document','view','Document Details',1,1),(96,1,'Subscriber','admin','Manage Subscribers',1,1),(97,1,'Subscriber','create','New Subscriber',1,1),(98,1,'Subscriber','update','Edit Subscriber',1,1),(99,1,'Subscriber','delete','Delete Subscriber',1,1),(100,1,'Subscriber','view','Subscriber Details',1,1),(101,1,'Message','admin','Manage Message',1,1),(102,1,'Message','create','New Message',1,1),(103,1,'Message','update','Edit Message',1,1),(104,1,'Message','delete','Delete Message',1,1),(105,1,'Message','view','Message Details',1,1),(106,1,'Message','send','Send Message',1,1),(107,1,'DirectoryCategory','admin','Manage Directory Category',1,1),(108,1,'DirectoryCategory','create','News Directory Category',1,1),(109,1,'DirectoryCategory','update','Edit Directory Category',1,1),(110,1,'DirectoryCategory','delete','Delete Directory Category',1,1),(111,1,'DirectoryCategory','view','Directory Category Details',1,1),(112,1,'Edirectory','admin','Manage Directory',1,1),(113,1,'Edirectory','create','News Directory',1,1),(114,1,'Edirectory','update','Edit Directory',1,1),(115,1,'Edirectory','view','Directory Details',1,1),(116,1,'Edirectory','delete','Delete Directory',1,1),(117,1,'Menu','admin','Manage Menu',1,1),(118,1,'Menu','create','New Menu',1,1),(119,1,'Menu','update','Edit Menu',1,1),(120,1,'Menu','delete','Delete Menu',1,1),(121,1,'Menu','view','Menu Details',1,1),(122,1,'Massmail','admin','Manage Mass Mail',1,1),(123,1,'Massmail','create','News Mass Mail',1,1),(124,1,'Massmail','update','Edit Mass Mail',1,1),(125,1,'Massmail','delete','Delete Mass Mail',1,1),(126,1,'Massmail','view','Mass Mail Details',1,1),(127,1,'OnlineUser','admin','Manage Admin Online Users',1,1),(128,1,'OnlineUser','user','Manage Frontend Online Users',1,1),(129,1,'OnlineUser','delete','Shutdown Online Users',1,1),(130,1,'Thana','admin','Manage Thana',1,1),(131,1,'Thana','create','News Thana',1,1),(132,1,'Thana','update','Edit Thana',1,1),(133,1,'Thana','delete','Delete Thana',1,1),(134,1,'Thana','view','Thana Details',1,1),(135,1,'Visitor','admin','Manage Admin Visitors',1,1),(136,1,'Visitor','user','Manage Frontend Visitors',1,1),(137,1,'Visitor','delete','Delete Visitors',1,1),(138,1,'Visitor','truncate','Truncate Visitor Statistics',1,1),(139,1,'Visitor','truncateuser','Truncate Admin Visitor Statistics',1,1),(140,1,'WeblinkCategory','admin','Manage Weblink Category',1,1),(141,1,'WeblinkCategory','create','News Weblink Category',1,1),(142,1,'WeblinkCategory','update','Edit Weblink Category',1,1),(143,1,'WeblinkCategory','delete','Delete Weblink Category',1,1),(144,1,'WeblinkCategory','view','Weblink Category Details',1,1),(145,1,'Weblink','admin','Manage Weblink',1,1),(146,1,'Weblink','create','News Weblink',1,1),(147,1,'Weblink','update','Edit Weblink',1,1),(148,1,'Weblink','delete','Delete Weblink',1,1),(149,1,'Weblink','view','Weblink Details',1,1),(150,1,'District','admin','Manage District',1,1),(151,1,'District','create','News District',1,1),(152,1,'District','update','Edit District',1,1),(153,1,'District','delete','Delete District',1,1),(154,1,'District','view','District Details',1,1),(155,2,'City','admin','Manage City',0,1),(156,2,'City','create','New City',0,1),(157,2,'City','update','Edit City',0,1),(158,2,'City','delete','Delete City',0,1),(159,2,'State','admin','Manage States',0,1),(160,2,'State','create','New State',0,1),(161,2,'State','update','Edit State',0,1),(162,2,'State','delete','Delete State',0,1),(163,2,'Country','admin','Manage Countries',0,1),(164,2,'Country','create','New Country',0,1),(165,2,'Country','update','Edit Country',0,1),(166,2,'Country','delete','Delete Country',0,1),(167,2,'Content','admin','Manage Content',1,1),(168,2,'Content','create','New Content',1,1),(169,2,'Content','update','Edit Content',1,1),(170,2,'Content','delete','Delete Content',0,1),(171,2,'ContentCategory','admin','Manage Content Categoty',1,1),(172,2,'ContentCategory','create','New Content Categoty',1,1),(173,2,'ContentCategory','update','Edit Content Categoty',1,1),(174,2,'ContentCategory','delete','Delete Content Categoty',0,1),(175,2,'Currency','admin','Manage Currency',0,1),(176,2,'Country','view','Country Details',0,1),(177,2,'Currency','update','Edit Currency',0,1),(178,2,'Currency','delete','Delete Currency',0,1),(179,2,'User','admin','Manage User',1,1),(180,2,'User','create','New User',0,1),(181,2,'User','update','Edit User',0,1),(182,2,'User','delete','Delete User',0,1),(183,2,'User','edit','Change Password',0,1),(184,2,'User','view','User Details',0,1),(185,2,'Acl','admin','Manage Access Controll List (ACL)',0,1),(186,2,'Acl','create','New Access Controll List (ACL)',0,1),(187,2,'Acl','update','Edit Access Controll List (ACL)',0,1),(188,2,'Acl','delete','Delete Access Controll List (ACL)',0,1),(189,2,'Acl','view','Access Controll List (ACL) Details',0,1),(190,2,'AclAction','admin','Manage ACL Actions',0,1),(191,2,'UserGroup','admin','Manage User Group',0,1),(192,2,'UserGroup','create','New User Group',0,1),(193,2,'UserGroup','delete','Delete User Group',0,1),(194,2,'UserGroup','update','Edit User Group',0,1),(195,2,'UserGroup','view','User Group Details',0,1),(196,2,'Acl','edit','Update Access Controll List (ACL)',0,1),(197,2,'AclAction','create','New ACL Actions',0,1),(198,2,'AclAction','delete','Delete ACL Actions',0,1),(199,2,'AclAction','update','Edit ACL Actions',0,1),(200,2,'AclAction','view','ACL Actions Details',0,1),(201,2,'AclController','admin','Manage ACL Controller',0,1),(202,2,'AclController','create','New ACL Controller',0,1),(203,2,'AclController','delete','Delete ACL Controller',0,1),(204,2,'AclController','update','Edit ACL Controller',0,1),(205,2,'AclController','view','ACL Controller Details',0,1),(206,2,'City','view','City Details',0,1),(207,2,'Content','view','Content Details',1,1),(208,2,'ContentCategory','view','Content Categoty Details',1,1),(209,2,'Currency','create','New Currency',0,1),(210,2,'Currency','view','Currency Details',0,1),(211,2,'State','view','State Details',0,1),(212,2,'UserAdmin','admin','Manage Admin User',0,1),(213,2,'UserAdmin','create','New Admin User',0,1),(214,2,'UserAdmin','delete','Delete Admin User',0,1),(215,2,'UserAdmin','update','Edit Admin User',0,1),(216,2,'UserAdmin','view','Admin User Details',0,1),(217,2,'UserAdmin','edit','Change Password',0,1),(218,2,'UserProfile','admin','Manage User Profile',0,1),(219,2,'UserProfile','create','New User Profile',0,1),(220,2,'UserProfile','delete','Delete User Profile',0,1),(221,2,'UserProfile','update','Edit User Profile',0,1),(222,2,'UserProfile','view','User Profile Details',0,1),(223,2,'UserStatus','admin','Manage User Status',0,1),(224,2,'UserStatus','create','New User Status',0,1),(225,2,'UserStatus','delete','Delete User Status',0,1),(226,2,'UserStatus','update','Edit User Status',0,1),(227,2,'UserStatus','view','User Status Details',0,1),(228,2,'AclAction','actions','Manage ACL Actions',0,1),(229,2,'Site','contact','Contact',1,1),(230,2,'Banner','admin','Manage Banners',1,1),(231,2,'Banner','create','New Banner',1,1),(232,2,'Banner','update','Edit Banner',1,1),(233,2,'Banner','view','Banner Details',1,1),(234,2,'Banner','delete','Delete Banner',0,1),(235,2,'BannerCategory','admin','Manage Banner Categories',1,1),(236,2,'BannerCategory','create','New Banner Category',1,1),(237,2,'BannerCategory','update','Edit Banner Category',1,1),(238,2,'BannerCategory','view','Banner Category Details',1,1),(239,2,'BannerCategory','delete','Delete Banner Category',0,1),(240,2,'DocumentCategory','admin','Manage Document Categories',0,1),(241,2,'DocumentCategory','create','New Document Category ',0,1),(242,2,'DocumentCategory','update','Edit Document Category ',0,1),(243,2,'DocumentCategory','delete','Delete Document Category ',0,1),(244,2,'DocumentCategory','view','Document Category Details',0,1),(245,2,'Document','admin','Manage Document',0,1),(246,2,'Document','create','New Document',0,1),(247,2,'Document','update','Edit Document',0,1),(248,2,'Document','delete','Delete Document',0,1),(249,2,'Document','view','Document Details',0,1),(250,2,'Subscriber','admin','Manage Subscribers',0,1),(251,2,'Subscriber','create','New Subscriber',0,1),(252,2,'Subscriber','update','Edit Subscriber',0,1),(253,2,'Subscriber','delete','Delete Subscriber',0,1),(254,2,'Subscriber','view','Subscriber Details',0,1),(255,2,'Message','admin','Manage Message',1,1),(256,2,'Message','create','New Message',1,1),(257,2,'Message','update','Edit Message',1,1),(258,2,'Message','delete','Delete Message',1,1),(259,2,'Message','view','Message Details',1,1),(260,2,'Message','send','Send Message',1,1),(261,2,'DirectoryCategory','admin','Manage Directory Category',0,1),(262,2,'DirectoryCategory','create','News Directory Category',0,1),(263,2,'DirectoryCategory','update','Edit Directory Category',0,1),(264,2,'DirectoryCategory','delete','Delete Directory Category',0,1),(265,2,'DirectoryCategory','view','Directory Category Details',0,1),(266,2,'Edirectory','admin','Manage Directory',0,1),(267,2,'Edirectory','create','News Directory',0,1),(268,2,'Edirectory','update','Edit Directory',0,1),(269,2,'Edirectory','view','Directory Details',0,1),(270,2,'Edirectory','delete','Delete Directory',0,1),(271,2,'Menu','admin','Manage Menu',0,1),(272,2,'Menu','create','New Menu',0,1),(273,2,'Menu','update','Edit Menu',0,1),(274,2,'Menu','delete','Delete Menu',0,1),(275,2,'Menu','view','Menu Details',0,1),(276,2,'Massmail','admin','Manage Mass Mail',0,1),(277,2,'Massmail','create','News Mass Mail',0,1),(278,2,'Massmail','update','Edit Mass Mail',0,1),(279,2,'Massmail','delete','Delete Mass Mail',0,1),(280,2,'Massmail','view','Mass Mail Details',0,1),(281,2,'OnlineUser','admin','Manage Admin Online Users',1,1),(282,2,'OnlineUser','user','Manage Frontend Online Users',1,1),(283,2,'OnlineUser','delete','Shutdown Online Users',1,1),(284,2,'Thana','admin','Manage Thana',0,1),(285,2,'Thana','create','News Thana',0,1),(286,2,'Thana','update','Edit Thana',0,1),(287,2,'Thana','delete','Delete Thana',0,1),(288,2,'Thana','view','Thana Details',0,1),(289,2,'Visitor','admin','Manage Admin Visitors',1,1),(290,2,'Visitor','user','Manage Frontend Visitors',1,1),(291,2,'Visitor','delete','Delete Visitors',1,1),(292,2,'Visitor','truncate','Truncate Visitor Statistics',1,1),(293,2,'Visitor','truncateuser','Truncate Admin Visitor Statistics',1,1),(294,2,'WeblinkCategory','admin','Manage Weblink Category',1,1),(295,2,'WeblinkCategory','create','News Weblink Category',1,1),(296,2,'WeblinkCategory','update','Edit Weblink Category',1,1),(297,2,'WeblinkCategory','delete','Delete Weblink Category',0,1),(298,2,'WeblinkCategory','view','Weblink Category Details',1,1),(299,2,'Weblink','admin','Manage Weblink',1,1),(300,2,'Weblink','create','News Weblink',1,1),(301,2,'Weblink','update','Edit Weblink',1,1),(302,2,'Weblink','delete','Delete Weblink',1,1),(303,2,'Weblink','view','Weblink Details',1,1),(304,2,'District','admin','Manage District',0,1),(305,2,'District','create','News District',0,1),(306,2,'District','update','Edit District',0,1),(307,2,'District','delete','Delete District',0,1),(308,2,'District','view','District Details',0,1);

/*Table structure for table `os_acl_action` */

DROP TABLE IF EXISTS `os_acl_action`;

CREATE TABLE `os_acl_action` (
  `id` int(11) unsigned NOT NULL AUTO_INCREMENT,
  `controller_id` int(11) DEFAULT NULL,
  `title` varchar(150) COLLATE utf8_unicode_ci DEFAULT NULL,
  `action` varchar(150) COLLATE utf8_unicode_ci DEFAULT NULL,
  `controller_type` tinyint(1) DEFAULT NULL,
  PRIMARY KEY (`id`)
) ENGINE=InnoDB AUTO_INCREMENT=156 DEFAULT CHARSET=utf8 COLLATE=utf8_unicode_ci;

/*Data for the table `os_acl_action` */

insert  into `os_acl_action`(`id`,`controller_id`,`title`,`action`,`controller_type`) values (1,1,'Manage City','admin',1),(2,1,'New City','create',1),(3,1,'Edit City','update',1),(4,1,'Delete City','delete',1),(5,2,'Manage States','admin',1),(6,2,'New State','create',1),(7,2,'Edit State','update',1),(8,2,'Delete State','delete',1),(9,3,'Manage Countries','admin',1),(10,3,'New Country','create',1),(11,3,'Edit Country','update',1),(12,3,'Delete Country','delete',1),(13,5,'Manage Content','admin',1),(14,5,'New Content','create',1),(15,5,'Edit Content','update',1),(16,5,'Delete Content','delete',1),(17,4,'Manage Content Categoty','admin',1),(18,4,'New Content Categoty','create',1),(19,4,'Edit Content Categoty','update',1),(20,4,'Delete Content Categoty','delete',1),(21,6,'Manage Currency','admin',1),(22,3,'Country Details','view',1),(23,6,'Edit Currency','update',1),(24,6,'Delete Currency','delete',1),(25,9,'Manage User','admin',1),(26,9,'New User','create',1),(27,9,'Edit User','update',1),(28,9,'Delete User','delete',1),(29,9,'Change Password','edit',1),(30,9,'User Details','view',1),(31,13,'Manage Access Controll List (ACL)','admin',1),(32,13,'New Access Controll List (ACL)','create',1),(33,13,'Edit Access Controll List (ACL)','update',1),(34,13,'Delete Access Controll List (ACL)','delete',1),(35,13,'Access Controll List (ACL) Details','view',1),(36,14,'Manage ACL Actions','admin',1),(37,10,'Manage User Group','admin',1),(38,10,'New User Group','create',1),(39,10,'Delete User Group','delete',1),(40,10,'Edit User Group','update',1),(41,10,'User Group Details','view',1),(42,13,'Update Access Controll List (ACL)','edit',1),(43,14,'New ACL Actions','create',1),(44,14,'Delete ACL Actions','delete',1),(45,14,'Edit ACL Actions','update',1),(46,14,'ACL Actions Details','view',1),(47,15,'Manage ACL Controller','admin',1),(48,15,'New ACL Controller','create',1),(49,15,'Delete ACL Controller','delete',1),(50,15,'Edit ACL Controller','update',1),(51,15,'ACL Controller Details','view',1),(52,1,'City Details','view',1),(53,5,'Content Details','view',1),(54,4,'Content Categoty Details','view',1),(55,6,'New Currency','create',1),(56,6,'Currency Details','view',1),(57,2,'State Details','view',1),(58,8,'Manage Admin User','admin',1),(59,8,'New Admin User','create',1),(60,8,'Delete Admin User','delete',1),(61,8,'Edit Admin User','update',1),(62,8,'Admin User Details','view',1),(63,8,'Change Password','edit',1),(64,11,'Manage User Profile','admin',1),(65,11,'New User Profile','create',1),(66,11,'Delete User Profile','delete',1),(67,11,'Edit User Profile','update',1),(68,11,'User Profile Details','view',1),(69,12,'Manage User Status','admin',1),(70,12,'New User Status','create',1),(71,12,'Delete User Status','delete',1),(72,12,'Edit User Status','update',1),(73,12,'User Status Details','view',1),(74,14,'New ACL Actions','create',1),(75,14,'Manage ACL Actions','actions',1),(76,7,'Contact','contact',1),(77,16,'Manage Banners','admin',1),(78,16,'New Banner','create',1),(79,16,'Edit Banner','update',1),(80,16,'Banner Details','view',1),(81,16,'Delete Banner','delete',1),(82,17,'Manage Banner Categories','admin',1),(83,17,'New Banner Category','create',1),(84,17,'Edit Banner Category','update',1),(85,17,'Banner Category Details','view',1),(86,17,'Delete Banner Category','delete',1),(87,18,'Manage Document Categories','admin',1),(88,18,'New Document Category ','create',1),(89,18,'Edit Document Category ','update',1),(90,18,'Delete Document Category ','delete',1),(91,18,'Document Category Details','view',1),(92,19,'Manage Document','admin',1),(93,19,'New Document','create',1),(94,19,'Edit Document','update',1),(95,19,'Delete Document','delete',1),(96,19,'Document Details','view',1),(97,20,'Manage Subscribers','admin',1),(98,20,'New Subscriber','create',1),(99,20,'Edit Subscriber','update',1),(100,20,'Delete Subscriber','delete',1),(101,20,'Subscriber Details','view',1),(102,21,'Manage Message','admin',1),(103,21,'New Message','create',1),(104,21,'Edit Message','update',1),(105,21,'Delete Message','delete',1),(106,21,'Message Details','view',1),(107,21,'Send Message','send',1),(108,23,'Manage Directory Category','admin',1),(109,23,'News Directory Category','create',1),(110,23,'Edit Directory Category','update',1),(111,23,'Delete Directory Category','delete',1),(112,23,'Directory Category Details','view',1),(113,24,'Manage Directory','admin',1),(114,24,'News Directory','create',1),(115,24,'Edit Directory','update',1),(116,24,'Directory Details','view',1),(117,24,'Delete Directory','delete',1),(118,27,'Manage Menu','admin',1),(119,27,'New Menu','create',1),(120,27,'Edit Menu','update',1),(121,27,'Delete Menu','delete',1),(122,27,'Menu Details','view',1),(123,26,'Manage Mass Mail','admin',1),(124,26,'News Mass Mail','create',1),(125,26,'Edit Mass Mail','update',1),(126,26,'Delete Mass Mail','delete',1),(127,26,'Mass Mail Details','view',1),(128,28,'Manage Admin Online Users','admin',1),(129,28,'Manage Frontend Online Users','user',1),(130,28,'Shutdown Online Users','delete',1),(131,29,'Manage Thana','admin',1),(132,29,'News Thana','create',1),(133,29,'Edit Thana','update',1),(134,29,'Delete Thana','delete',1),(135,29,'Thana Details','view',1),(136,30,'Manage Admin Visitors','admin',1),(137,30,'Manage Frontend Visitors','user',1),(138,30,'Delete Visitors','delete',1),(139,30,'Truncate Visitor Statistics','truncate',1),(140,30,'Truncate Admin Visitor Statistics','truncateuser',1),(141,31,'Manage Weblink Category','admin',1),(142,31,'News Weblink Category','create',1),(143,31,'Edit Weblink Category','update',1),(144,31,'Delete Weblink Category','delete',1),(145,31,'Weblink Category Details','view',1),(146,32,'Manage Weblink','admin',1),(147,32,'News Weblink','create',1),(148,32,'Edit Weblink','update',1),(149,32,'Delete Weblink','delete',1),(150,32,'Weblink Details','view',1),(151,25,'Manage District','admin',1),(152,25,'News District','create',1),(153,25,'Edit District','update',1),(154,25,'Delete District','delete',1),(155,25,'District Details','view',1);

/*Table structure for table `os_acl_controller` */

DROP TABLE IF EXISTS `os_acl_controller`;

CREATE TABLE `os_acl_controller` (
  `id` int(11) unsigned NOT NULL AUTO_INCREMENT,
  `controller` varchar(150) COLLATE utf8_unicode_ci DEFAULT NULL,
  `title` varchar(150) COLLATE utf8_unicode_ci DEFAULT NULL,
  `controller_type` tinyint(2) DEFAULT NULL,
  `status` tinyint(1) DEFAULT '1',
  PRIMARY KEY (`id`)
) ENGINE=InnoDB AUTO_INCREMENT=33 DEFAULT CHARSET=utf8 COLLATE=utf8_unicode_ci;

/*Data for the table `os_acl_controller` */

insert  into `os_acl_controller`(`id`,`controller`,`title`,`controller_type`,`status`) values (1,'City','City',1,1),(2,'State','State',1,1),(3,'Country','Country',1,1),(4,'ContentCategory','Content Categoty',1,1),(5,'Content','Content',1,1),(6,'Currency','Currency',1,1),(7,'Site','Site',1,1),(8,'UserAdmin','Admin User',1,1),(9,'User','User',1,1),(10,'UserGroup','User Group',1,1),(11,'UserProfile','User Profile',1,1),(12,'UserStatus','User Status',1,1),(13,'Acl','Access Controll List (ACL)',1,1),(14,'AclAction','ACL Actions',1,1),(15,'AclController','ACL Controllers',1,1),(16,'Banner','Banner',1,1),(17,'BannerCategory','Banner Category',1,1),(18,'DocumentCategory','Document Category',1,1),(19,'Document','Document Management',1,1),(20,'Subscriber','Subscriber',1,1),(21,'Message','Message',1,1),(22,'AuditTrail','Audit Trail',1,1),(23,'DirectoryCategory','Directory Category',1,1),(24,'Edirectory','Directory',1,1),(25,'District','District',1,1),(26,'Massmail','Mass Mail',1,1),(27,'Menu','Menu',1,1),(28,'OnlineUser','Online Users',1,1),(29,'Thana','Thana',1,1),(30,'Visitor','Visitor Statistics',1,1),(31,'WeblinkCategory','Weblink Category',1,1),(32,'Weblink','Weblink',1,1);

/*Table structure for table `os_audit_trail` */

DROP TABLE IF EXISTS `os_audit_trail`;

CREATE TABLE `os_audit_trail` (
  `id` int(10) unsigned NOT NULL AUTO_INCREMENT COMMENT 'ID',
  `user_id` int(11) NOT NULL COMMENT 'User',
  `login_time` timestamp NULL DEFAULT NULL COMMENT 'Login Time',
  `logout_time` timestamp NULL DEFAULT NULL COMMENT 'Logout Time',
  `user_type` tinyint(1) DEFAULT NULL,
  PRIMARY KEY (`id`)
) ENGINE=InnoDB AUTO_INCREMENT=20 DEFAULT CHARSET=utf8 COLLATE=utf8_unicode_ci;

/*Data for the table `os_audit_trail` */

insert  into `os_audit_trail`(`id`,`user_id`,`login_time`,`logout_time`,`user_type`) values (1,1,'2016-06-17 11:05:44','2016-06-17 11:08:12',1),(2,1,'2016-06-17 11:08:33','2016-06-17 11:13:54',1),(3,1,'2016-06-17 11:14:09','2016-06-17 11:14:28',1),(4,1,'2016-06-17 11:30:27','2016-06-17 11:37:22',1),(5,1,'2016-06-18 00:18:28','2016-06-18 00:21:18',1),(6,2,'2016-06-18 00:21:28','2016-06-18 00:21:35',1),(7,1,'2016-06-18 00:21:45','2016-06-18 00:24:30',1),(8,2,'2016-06-18 00:24:34','2016-06-18 00:24:40',1),(9,1,'2016-06-18 00:24:49','2016-06-18 00:25:10',1),(10,2,'2016-06-18 00:25:14','2016-06-18 00:26:08',1),(11,2,'2016-06-18 00:26:13','2016-06-18 00:26:18',1),(12,2,'2016-06-18 00:27:47','2016-06-18 00:41:52',1),(13,2,'2016-06-18 00:42:21','2016-06-18 00:57:48',1),(14,2,'2016-06-18 01:05:10',NULL,1),(15,2,'2016-06-18 01:41:15',NULL,1),(16,2,'2016-08-08 11:03:54',NULL,1),(17,1,'2016-08-30 15:05:30','2016-08-30 16:06:32',1),(18,1,'2016-08-30 16:06:38','2016-08-30 16:37:45',1),(19,1,'2016-11-03 22:57:47','2016-11-03 23:40:39',1);

/*Table structure for table `os_banner` */

DROP TABLE IF EXISTS `os_banner`;

CREATE TABLE `os_banner` (
  `id` int(11) unsigned NOT NULL AUTO_INCREMENT,
  `catid` int(10) unsigned NOT NULL DEFAULT '0',
  `name` varchar(255) CHARACTER SET utf8 NOT NULL DEFAULT '',
  `alias` varchar(255) CHARACTER SET utf8 DEFAULT '',
  `banner` varchar(255) COLLATE utf8_unicode_ci DEFAULT '0',
  `clickurl` varchar(200) CHARACTER SET utf8 DEFAULT '',
  `description` text CHARACTER SET utf8,
  `published` tinyint(1) DEFAULT '1',
  `sticky` tinyint(1) DEFAULT '0',
  `ordering` int(11) DEFAULT '0',
  `created_on` datetime DEFAULT NULL,
  `created_by` int(11) DEFAULT NULL,
  `publish_up` datetime DEFAULT '0000-00-00 00:00:00',
  `publish_down` datetime DEFAULT '0000-00-00 00:00:00',
  PRIMARY KEY (`id`),
  KEY `idx_banner_catid` (`catid`)
) ENGINE=InnoDB AUTO_INCREMENT=4 DEFAULT CHARSET=utf8 COLLATE=utf8_unicode_ci;

/*Data for the table `os_banner` */

insert  into `os_banner`(`id`,`catid`,`name`,`alias`,`banner`,`clickurl`,`description`,`published`,`sticky`,`ordering`,`created_on`,`created_by`,`publish_up`,`publish_down`) values (1,5,'Logo','logo','1432921553_logo.jpg','http://www.katiadinews.com','',1,0,1,'2015-05-29 23:45:53',1,'0000-00-00 00:00:00','0000-00-00 00:00:00'),(2,4,'Long Advertisement','long-advertisement','1432921936_long-add.png','http://www.katiadinews.com','',1,0,1,'2015-05-29 23:52:16',1,'0000-00-00 00:00:00','0000-00-00 00:00:00'),(3,1,'Short Advertisement','short-advertisement','1432921975_short-add.png','http://www.katiadinews.com','',1,0,1,'2015-05-29 23:52:55',1,'0000-00-00 00:00:00','0000-00-00 00:00:00');

/*Table structure for table `os_banner_category` */

DROP TABLE IF EXISTS `os_banner_category`;

CREATE TABLE `os_banner_category` (
  `id` int(11) NOT NULL AUTO_INCREMENT,
  `parent_id` int(11) unsigned NOT NULL DEFAULT '0',
  `title` varchar(255) NOT NULL,
  `alias` varchar(255) CHARACTER SET utf8 COLLATE utf8_bin NOT NULL,
  `description` mediumtext NOT NULL,
  `published` tinyint(1) NOT NULL DEFAULT '1',
  `created_by` int(11) DEFAULT NULL,
  `created_time` datetime NOT NULL DEFAULT '0000-00-00 00:00:00',
  `modified_by` int(11) DEFAULT NULL,
  `modified_time` datetime NOT NULL DEFAULT '0000-00-00 00:00:00',
  PRIMARY KEY (`id`),
  KEY `cat_idx` (`published`),
  KEY `idx_alias` (`alias`)
) ENGINE=InnoDB AUTO_INCREMENT=6 DEFAULT CHARSET=utf8;

/*Data for the table `os_banner_category` */

insert  into `os_banner_category`(`id`,`parent_id`,`title`,`alias`,`description`,`published`,`created_by`,`created_time`,`modified_by`,`modified_time`) values (1,0,'Home Right (260px X *px)','home-right-(260px-x-*px)','',1,1,'2015-03-06 03:01:00',NULL,'0000-00-00 00:00:00'),(2,0,'Inner Right (260px X *px)','inner-right-(260px-x-*px)','',1,1,'2015-03-06 03:02:00',NULL,'0000-00-00 00:00:00'),(3,0,'ফটো এলবাম','ফটো-এলবাম','',1,1,'2015-03-06 03:30:00',NULL,'0000-00-00 00:00:00'),(4,0,'Top Long Banner (870px X *px)','logo-(620px-x-105px)','',1,1,'2015-05-29 23:36:00',1,'2015-05-29 23:47:00'),(5,0,'Logo (620px X 105px)','logo-(620px-x-105px)','',1,1,'2015-05-29 23:47:00',NULL,'0000-00-00 00:00:00');

/*Table structure for table `os_city` */

DROP TABLE IF EXISTS `os_city`;

CREATE TABLE `os_city` (
  `id` int(11) unsigned NOT NULL AUTO_INCREMENT,
  `country_id` int(11) DEFAULT NULL,
  `state_id` int(11) DEFAULT NULL,
  `city_name` varchar(255) COLLATE utf8_unicode_ci DEFAULT NULL,
  `city_3_code` varchar(9) COLLATE utf8_unicode_ci DEFAULT NULL,
  `city_2_code` varchar(6) COLLATE utf8_unicode_ci DEFAULT NULL,
  `ordering` double DEFAULT NULL,
  `published` tinyint(1) DEFAULT NULL,
  `created_on` datetime DEFAULT NULL,
  `created_by` double DEFAULT NULL,
  `modified_on` datetime DEFAULT NULL,
  `modified_by` double DEFAULT NULL,
  `locked_on` datetime DEFAULT NULL,
  `locked_by` double DEFAULT NULL,
  PRIMARY KEY (`id`)
) ENGINE=InnoDB AUTO_INCREMENT=78 DEFAULT CHARSET=utf8 COLLATE=utf8_unicode_ci;

/*Data for the table `os_city` */

insert  into `os_city`(`id`,`country_id`,`state_id`,`city_name`,`city_3_code`,`city_2_code`,`ordering`,`published`,`created_on`,`created_by`,`modified_on`,`modified_by`,`locked_on`,`locked_by`) values (1,18,653,'Akhaura','','',1,1,'2012-12-24 05:15:00',1,NULL,NULL,NULL,NULL),(2,18,653,'Cox\'s Bazar','','',2,1,'2012-12-24 05:15:00',1,NULL,NULL,NULL,NULL),(3,18,653,'Bandarban','','',NULL,1,NULL,NULL,NULL,NULL,NULL,NULL),(4,18,653,'Brahmanbaria','','',NULL,1,NULL,NULL,NULL,NULL,NULL,NULL),(5,18,653,'Sarail','','',NULL,1,NULL,NULL,NULL,NULL,NULL,NULL),(6,18,653,'Shahbazpur Town','','',NULL,1,NULL,NULL,NULL,NULL,NULL,NULL),(7,18,653,'Chandpur','','',NULL,1,NULL,NULL,NULL,NULL,NULL,NULL),(8,18,653,' Chaumuhani','','',NULL,1,NULL,NULL,NULL,NULL,NULL,NULL),(9,18,653,'Feni','','',NULL,1,NULL,NULL,NULL,NULL,NULL,NULL),(10,18,653,'Khagrachhari','','',NULL,1,NULL,NULL,NULL,NULL,NULL,NULL),(11,18,653,'Laksam','','',NULL,1,NULL,NULL,NULL,NULL,NULL,NULL),(12,18,653,'Lakshmipur','','',NULL,1,NULL,NULL,NULL,NULL,NULL,NULL),(13,18,653,'Noakhali','','',NULL,1,NULL,NULL,NULL,NULL,NULL,NULL),(14,18,653,'Rangamati','','',NULL,1,NULL,NULL,NULL,NULL,NULL,NULL),(15,18,653,'Rangunia','','',NULL,1,NULL,NULL,NULL,NULL,NULL,NULL),(16,18,653,'Shandwip','','',NULL,1,NULL,NULL,NULL,NULL,NULL,NULL),(17,18,653,'Chittagong','','',NULL,1,NULL,NULL,NULL,NULL,NULL,NULL),(18,18,653,'Comilla','','',NULL,1,NULL,NULL,NULL,NULL,NULL,NULL),(19,18,654,'Dhaka','','',NULL,1,NULL,NULL,NULL,NULL,NULL,NULL),(20,18,654,'Narayanganj','','',NULL,1,NULL,NULL,NULL,NULL,NULL,NULL),(21,18,654,'Gazipur','','',NULL,1,NULL,NULL,NULL,NULL,NULL,NULL),(22,18,654,'Aricha','','',NULL,1,NULL,NULL,NULL,NULL,NULL,NULL),(23,18,654,'Bhairab','','',NULL,1,NULL,NULL,NULL,NULL,NULL,NULL),(24,18,654,'Faridpur','','',NULL,1,NULL,NULL,NULL,NULL,NULL,NULL),(25,18,654,'Jamalpur','','',NULL,1,NULL,NULL,NULL,NULL,NULL,NULL),(26,18,654,'Kishoreganj','','',NULL,1,NULL,NULL,NULL,NULL,NULL,NULL),(27,18,654,'Manikganj','','',NULL,1,NULL,NULL,NULL,NULL,NULL,NULL),(28,18,654,'Madaripur','','',NULL,1,NULL,NULL,NULL,NULL,NULL,NULL),(29,18,654,'Munshiganj','','',NULL,1,NULL,NULL,NULL,NULL,NULL,NULL),(30,18,654,'Mymensingh','','',NULL,1,NULL,NULL,NULL,NULL,NULL,NULL),(31,18,654,'Narsingdi','','',NULL,1,NULL,NULL,NULL,NULL,NULL,NULL),(32,18,654,'Netrokona','','',NULL,1,NULL,NULL,NULL,NULL,NULL,NULL),(33,18,654,'Rajbari','','',NULL,1,NULL,NULL,NULL,NULL,NULL,NULL),(34,18,654,'Shariatpur','','',NULL,1,NULL,NULL,NULL,NULL,NULL,NULL),(35,18,654,'Sherpur','','',NULL,1,NULL,NULL,NULL,NULL,NULL,NULL),(36,18,654,'Tangail','','',NULL,1,NULL,NULL,NULL,NULL,NULL,NULL),(37,18,654,'Tongi','','',NULL,1,NULL,NULL,NULL,NULL,NULL,NULL),(38,18,655,'Barisal','','',NULL,1,NULL,NULL,NULL,NULL,NULL,NULL),(39,18,655,'Barguna','','',NULL,1,NULL,NULL,NULL,NULL,NULL,NULL),(40,18,655,'Bakerganj','','',NULL,1,NULL,NULL,NULL,NULL,NULL,NULL),(41,18,655,'Bhola','','',NULL,1,NULL,NULL,NULL,NULL,NULL,NULL),(42,18,655,'Jhalokati','','',NULL,1,NULL,NULL,NULL,NULL,NULL,NULL),(43,18,655,'Patuakhali','','',NULL,1,NULL,NULL,NULL,NULL,NULL,NULL),(44,18,655,'Pirojpur','','',NULL,1,NULL,NULL,NULL,NULL,NULL,NULL),(45,18,656,'Khulna','','',NULL,1,NULL,NULL,NULL,NULL,NULL,NULL),(46,18,656,'Bagherhat','','',NULL,1,NULL,NULL,NULL,NULL,NULL,NULL),(47,18,656,'Chuadanga','','',NULL,1,NULL,NULL,NULL,NULL,NULL,NULL),(48,18,656,'Jessore','','',NULL,1,NULL,NULL,NULL,NULL,NULL,NULL),(49,18,656,'Jhenaidah','','',NULL,1,NULL,NULL,NULL,NULL,NULL,NULL),(50,18,656,'Kushtia','','',NULL,1,NULL,NULL,NULL,NULL,NULL,NULL),(51,18,656,'Magura','','',NULL,1,NULL,NULL,NULL,NULL,NULL,NULL),(52,18,656,'Meherpur','','',NULL,1,NULL,NULL,NULL,NULL,NULL,NULL),(53,18,656,'Narail','','',NULL,1,NULL,NULL,NULL,NULL,NULL,NULL),(54,18,656,'Shatkhira','','',NULL,1,NULL,NULL,NULL,NULL,NULL,NULL),(55,18,657,'Rajshahi','','',NULL,1,NULL,NULL,NULL,NULL,NULL,NULL),(56,18,657,'Bogra','','',NULL,1,NULL,NULL,NULL,NULL,NULL,NULL),(57,18,657,'Joypurhat','','',NULL,1,NULL,NULL,NULL,NULL,NULL,NULL),(58,18,657,'Naogaon','','',NULL,1,NULL,NULL,NULL,NULL,NULL,NULL),(59,18,657,'Natore','','',NULL,1,NULL,NULL,NULL,NULL,NULL,NULL),(60,18,657,'Nawabganj','','',NULL,1,NULL,NULL,NULL,NULL,NULL,NULL),(61,18,657,'Pabna','','',NULL,1,NULL,NULL,NULL,NULL,NULL,NULL),(62,18,657,'Sirajganj','','',NULL,1,NULL,NULL,NULL,NULL,NULL,NULL),(63,18,658,'Rangpur','','',NULL,1,NULL,NULL,NULL,NULL,NULL,NULL),(64,18,658,'Saidpur','','',NULL,1,NULL,NULL,NULL,NULL,NULL,NULL),(65,18,658,'Dinajpur','','',NULL,1,NULL,NULL,NULL,NULL,NULL,NULL),(66,18,658,'Gaibandha','','',NULL,1,NULL,NULL,NULL,NULL,NULL,NULL),(67,18,658,'Kurigram','','',NULL,1,NULL,NULL,NULL,NULL,NULL,NULL),(68,18,658,'Lalmonirhat','','',NULL,1,NULL,NULL,NULL,NULL,NULL,NULL),(69,18,658,'Nilphamari','','',NULL,1,NULL,NULL,NULL,NULL,NULL,NULL),(70,18,658,'Panchagarh','','',NULL,1,NULL,NULL,NULL,NULL,NULL,NULL),(71,18,658,' Thakurgaon','','',NULL,1,NULL,NULL,NULL,NULL,NULL,NULL),(72,18,659,'Sylhet','','',NULL,1,NULL,NULL,NULL,NULL,NULL,NULL),(73,18,659,'Habiganj','','',NULL,1,NULL,NULL,NULL,NULL,NULL,NULL),(74,18,658,'Maulvibazar','','',NULL,1,NULL,NULL,NULL,NULL,NULL,NULL),(75,18,658,'Sreemangal','','',NULL,1,NULL,NULL,NULL,NULL,NULL,NULL),(76,18,658,'Sunamganj','','',NULL,1,NULL,NULL,NULL,NULL,NULL,NULL),(77,18,658,'Beanibazar','','',NULL,1,NULL,NULL,NULL,NULL,NULL,NULL);

/*Table structure for table `os_content` */

DROP TABLE IF EXISTS `os_content`;

CREATE TABLE `os_content` (
  `id` int(10) unsigned NOT NULL AUTO_INCREMENT,
  `title` varchar(255) NOT NULL DEFAULT '',
  `alias` varchar(255) CHARACTER SET utf8 COLLATE utf8_bin NOT NULL DEFAULT '',
  `introtext` text NOT NULL,
  `fulltext` text NOT NULL,
  `state` tinyint(3) NOT NULL DEFAULT '1',
  `catid` int(10) unsigned NOT NULL DEFAULT '0',
  `created` datetime NOT NULL DEFAULT '0000-00-00 00:00:00',
  `created_by` int(10) unsigned NOT NULL DEFAULT '0',
  `modified` datetime NOT NULL DEFAULT '0000-00-00 00:00:00',
  `modified_by` int(10) unsigned NOT NULL DEFAULT '0',
  `publish_up` datetime NOT NULL DEFAULT '0000-00-00 00:00:00',
  `publish_down` datetime NOT NULL DEFAULT '0000-00-00 00:00:00',
  `ordering` int(11) NOT NULL DEFAULT '0',
  `metakey` text NOT NULL,
  `metadesc` text NOT NULL,
  `hits` int(10) unsigned NOT NULL DEFAULT '0',
  `featured` tinyint(3) unsigned NOT NULL DEFAULT '0',
  `images` varchar(250) DEFAULT NULL,
  `editorial_choice` tinyint(1) DEFAULT '0',
  PRIMARY KEY (`id`),
  KEY `idx_state` (`state`),
  KEY `idx_catid` (`catid`),
  KEY `idx_createdby` (`created_by`),
  KEY `idx_featured_catid` (`featured`,`catid`)
) ENGINE=InnoDB AUTO_INCREMENT=46 DEFAULT CHARSET=utf8;

/*Data for the table `os_content` */

insert  into `os_content`(`id`,`title`,`alias`,`introtext`,`fulltext`,`state`,`catid`,`created`,`created_by`,`modified`,`modified_by`,`publish_up`,`publish_down`,`ordering`,`metakey`,`metadesc`,`hits`,`featured`,`images`,`editorial_choice`) values (1,'About Us','about-us','<p>Lorem ipsum dolor sit amet, consectetur adipiscing elit. Aliquam eget nibh libero, sed luctus eros. Phasellus consequat lobortis nisi. Fusce sodales porttitor tincidunt. Pellentesque commodo laoreet eros, posuere varius nisl accumsan at. Pellentesque venenatis, lectus vel scelerisque feugiat, nisi justo elementum tortor, rutrum tincidunt odio eros eu elit. Aliquam vel quam sapien. Vivamus ac nunc erat. Suspendisse ultricies egestas blandit. Pellentesque eu elit id ligula fermentum lobortis. In venenatis fermentum elit, a eleifend metus consequat vel. Suspendisse eu erat ipsum, blandit iaculis dui. Aenean massa urna, sagittis venenatis fringilla quis, pulvinar et ante. Morbi vitae quam pellentesque mi sollicitudin laoreet. Ut consectetur nisl nec nunc auctor feugiat. Donec sodales congue aliquam. Ut mattis, erat ac vestibulum porttitor, nulla purus commodo purus, non sollicitudin odio orci vel dolor.</p>\r\n\r\n<p>In imperdiet vestibulum tempus. Nullam ultricies placerat quam, eget volutpat dolor dignissim sed. Duis ut nisi libero, sed eleifend lorem. Nunc lectus mauris, auctor at suscipit id, mattis nec dui. Etiam eu felis nulla, ut aliquam ligula. Ut lacinia elementum mi a euismod. Integer imperdiet dolor non turpis hendrerit varius a non felis. Sed quis urna ac ante sodales laoreet sed ut nulla. Suspendisse potenti. Integer rhoncus turpis sit amet tortor porta interdum convallis augue consequat. Duis suscipit placerat erat eget tincidunt.</p>\r\n\r\n<p>Vestibulum vitae tristique ligula. Nam volutpat leo vitae mi tincidunt et malesuada erat faucibus. In hac habitasse platea dictumst. Donec convallis nisi in sapien dignissim gravida. Cras fringilla bibendum felis, at feugiat lorem commodo non. Praesent tempus, turpis vel fringilla ullamcorper, ipsum nibh congue tellus, in sodales quam magna quis augue. Vivamus id porttitor erat.</p>\r\n\r\n<p>Sed varius auctor vehicula. Morbi ultrices molestie tellus id fringilla. Vestibulum eu est nulla. Praesent in nibh massa, in dapibus augue. Aliquam accumsan dolor a orci dapibus non vestibulum libero pellentesque. Duis pharetra augue in enim tempor pretium. Mauris nec elit massa. Fusce non felis sem, nec sollicitudin lacus. Maecenas malesuada erat sed lacus feugiat volutpat. Nullam vehicula eros in lacus luctus imperdiet. Ut mattis ornare orci, sed faucibus nisi dapibus a. Quisque at pulvinar enim.</p>\r\n\r\n<p>Proin hendrerit nibh in nulla facilisis sit amet ullamcorper mauris volutpat. Curabitur auctor adipiscing tortor, egestas vulputate nisi vulputate nec. Nulla in fringilla quam. Fusce tempus varius sapien, vel egestas dui pulvinar sit amet. Suspendisse commodo ipsum vitae ligula tincidunt feugiat. Duis id arcu vel mauris pulvinar consequat vitae sed sem. Suspendisse imperdiet arcu ut nisl bibendum dictum. Mauris consequat tempor libero, et faucibus nisl pellentesque eu. Quisque quis nibh eros, et congue nisi. Curabitur dolor elit, imperdiet rutrum iaculis eu, varius ut risus. Fusce non eros arcu.</p>\r\n\r\n<p>Pellentesque accumsan pharetra interdum. Praesent faucibus commodo iaculis. Morbi laoreet massa volutpat diam laoreet cursus. Morbi ut libero eu erat porta venenatis. Proin auctor sem non sapien scelerisque vel suscipit justo lacinia. Nam eget eros augue, vel euismod ante. Nam interdum, quam eu tempor iaculis, arcu enim molestie sem, in rutrum dui dolor quis nunc. Proin ac massa ligula, sit amet aliquam mi.</p>\r\n','',1,1,'2013-03-12 00:00:00',1,'2015-05-29 23:14:09',1,'0000-00-00 00:00:00','0000-00-00 00:00:00',0,'','',0,1,NULL,0),(2,'Contact Us','services','4th Street, Suite 88<br />\r\nNew York NY 10887<br />\r\nEmail: info@upozila.com<br />\r\nPhone: +40 (0) 111 1234 567<br />\r\nFax: +40 (0) 111 1234 568<br />','',1,1,'2013-03-24 00:00:00',1,'2015-05-29 23:27:27',1,'0000-00-00 00:00:00','0000-00-00 00:00:00',0,'','',0,1,NULL,0),(3,'কেবল ‘বাংলাদেশ’ জেতা হয়নি ধোনির!','কেবল-‘বাংলাদেশ’-জেতা-হয়নি-ধোনির!','<p style=\"text-align: justify;\"><span style=\"font-size:16px\">এর আগেও জিম্বাবুয়ে সফরে আগ্রহী ছিলেন না। মহেন্দ্র সিং ধোনির বদলে অধিনায়ক করে পাঠানো হয়েছিল সুরেশ রায়নাকে। তবে এবার একগাদা তারকা খেলোয়াড় বিশ্রাম নিলেও ধোনি খুব আগ্রহ নিয়েই জিম্বাবুয়ে এসেছেন। এমনিতে ভারত সামনে খুব বেশি রঙিন পোশাকের ম্যাচ খেলবে না। ধোনি নিজে যেমন চার মাসের লম্বা ছুটি পাবেন এই সফরের পর। এটা একটা কারণ তো বটেই, জিম্বাবুয়ে সফরে ধোনির আগ্রহের জায়গা ছিল আরও একটি। নিজের অধিনায়কত্বের রেকর্ডের মুকুটে কিছু পালক যোগ করা যে বাকি ছিল!</span></p>\r\n\r\n<p style=\"text-align: justify;\"><span style=\"font-size:16px\">২০০৭ সালে অধিনায়কত্ব নিয়েই ভারতকে জিতিয়েছিলেন টি-টোয়েন্টি বিশ্বকাপ। সেই বছরই শুরুর দিকে আসল বিশ্বকাপে বাংলাদেশের কাছে হেরে বিদায় নেওয়া ভারতের ক্ষতে অনেকটাই প্রলেপ দিতে পেরেছিলেন ধোনি। এরপর থেকেই অধিনায়ক ধোনির জয়জয়কার। ভারতকে কী জেতাননি! ১৯৮৩-র পর ২০১১ সালে আবারও এনে দিয়েছেন ওয়ানডে বিশ্বকাপের ট্রফিও।</span></p>\r\n\r\n<p style=\"text-align: justify;\"><span style=\"font-size:16px\">অধিনায়ক ধোনির অর্জনের পাল্লা যত ভারীই হোক, কিছু কিছু অপূর্ণতা তো ছিলই। এরই একটা বিদেশের মাটিতে কোনো দলকে ধবলধোলাই করা। অবশেষে অধিনায়ক ধোনি সেই কীর্তিটাও পূরণ করে ফেললেন। এটাই বিদেশের মাটিতে ধোনির নেতৃত্বে ভারতের কোনো প্রথম হোয়াইটওয়াশ।</span></p>\r\n\r\n<p style=\"text-align: justify;\"><span style=\"font-size:16px\">পুরো সিরিজে এক ম্যাচেও ব্যাট করেননি ধোনি। ২৭৮ ম্যাচে ক্যারিয়ারে ধোনির জন্য যা অভূতপূর্ব অভিজ্ঞতাও। এই সিরিজে ধোনি ও ধোনির ভারত আরও কিছু অর্জন যোগ করেছে রেকর্ড ও পরিসংখ্যানের পাতায়।<br />\r\nপুরো সিরিজে ভারত মাত্র তিনটি উইকেট হারিয়েছে। কোনো সিরিজ জয়ী দলের এটাই সবচেয়ে কম উইকেট হারানোর নজির। এই সিরিজেই অভিষেকে সেঞ্চুরির রেকর্ড লোকেশ রাহুলের। ভারতীয় ওপেনার হয়ে ওয়ানডে অভিষেকে ৫০ কিংবা এর বেশি রান করার উদাহরণ আছে মাত্র তিনটি। এর দুটিই এবারের সিরিজে হয়েছে। রাহুলের পর গত ম্যাচে এই কীর্তি গড়েছেন ফাইজ ফজল।</span></p>\r\n\r\n<p style=\"text-align: justify;\"><span style=\"font-size:16px\">ফজল হয়তো ভারতের হয়ে কখনো খেলতে পারবেন এই আশাই ছেড়ে দিয়েছিলেন। ৩১ বছর বয়সে গিয়ে অভিষেক হলো তাঁর। নির্দিষ্ট করে বললে ৩০ বছর ২৮২ দিন বয়সে। গত ৩৫ বছরে ভারতের হয়ে এর চেয়ে বেশি বয়সে অভিষেক হয়েছিল আর একজনেরই। ২০০০ সালে অভিষেকের সময় সমীর দিঘের বয়স ছিল ৩১ বছর ৯৪ দিন।</span></p>\r\n\r\n<p style=\"text-align: justify;\"><span style=\"font-size:16px\">বোলাররাও এই সিরিজে দারুণ করেছে। জসপ্রীত বুমরা তো ছিলেন বেশ ধারাবাহিক। ওয়ানডে অভিষেকের পর ৪ ম্যাচে ১১ উইকেট নিয়েছেন এই পেসার। বুমরাই প্রথম ৪ ম্যাচে ১১ উইকেট নেওয়া প্রথম ভারতীয়। এর আগে ১০ উইকেট নেওয়ার কীর্তি ছিলেন রুদ্রপ্রতাপ সিংয়ের।</span></p>\r\n\r\n<p style=\"text-align: justify;\"><span style=\"font-size:16px\">এত এত ব্যক্তিগত ও দলীয় অর্জনের সিরিজে ধোনিকে একটা তথ্যও মনে করিয়ে দেওয়া যায়। অধিনায়ক ধোনি টেস্ট খেলুড়ে আট প্রতিপক্ষের সঙ্গেই ওয়ানডে সিরিজ জিতেছেন। কেবল একটা দলের বিপক্ষেই সিরিজ জেতা হয়নি, সেই দলটার নাম বাংলাদেশ। গত বিশ্বকাপের পর সেই মিশন নিয়ে বাংলাদেশে এসে ধোনি মুস্তাফিজ-ধাক্কায় সিরিজ হেরে গেছেন ২-১-এ।</span></p>\r\n\r\n<p style=\"text-align: justify;\"><span style=\"font-size:16px\">ওয়ানডে ইতিহাসে একমাত্র রিকি পন্টিংয়েরই আছে অধিনায়ক হিসেবে ৯ প্রতিপক্ষের সব কটির বিপক্ষে সিরিজ জয়ের কীর্তি। এই বাংলাদেশ-আক্ষেপ নিয়েই কি ক্যারিয়ার শেষ করতে হবে ধোনিকে?</span></p>\r\n','',1,20,'2016-06-17 11:31:46',1,'0000-00-00 00:00:00',0,'0000-00-00 00:00:00','0000-00-00 00:00:00',0,'','',39,1,'1466188306_dhoni.jpg',1),(4,'কোহলির আরেক দ্রুততম রেকর্ড ভাঙলেন আমলা','কোহলির-আরেক-দ্রুততম-রেকর্ড-ভাঙলেন-আমলা','<p style=\"text-align: justify;\"><span style=\"font-size:16px\">বিরাট কোহলি নাকি একদিন শচীন টেন্ডুলকারের সব রেকর্ড ভেঙে দেবেন। যে ফর্মে আছেন, এই ধারাবাহিকতা রাখতে পারলে তা হয়তো পারবেন। কিন্তু কোহলিকেই যে স্বস্তিতে থাকতে দিচ্ছেন না হাশিম আমলা। তিনিও কি কম ধারাবাহিক নাকি? কোহলির বেশ কটি দ্রুততম&#39;র রেকর্ড আমলার ব্যাটে ভেঙেছে। আমলার কারণে আরও একটি রেকর্ডে বেশি দিন আয়েশ করতে পারলেন না কোহলি। এবার দ্রুততম সময়ে ২৩তম সেঞ্চুরি তুলে নেওয়ার রেকর্ডটায় কোহলিকে পেছনে ফেলেছেন আমলা।</span></p>\r\n\r\n<p style=\"text-align: justify;\"><span style=\"font-size:16px\">ত্রিদেশীয় সিরিজের গত ম্যাচে দক্ষিণ আফ্রিকা অনায়াসে হারিয়েছে ওয়েস্ট ইন্ডিজকে। তাতে ৭ উইকেট নিয়ে বাকি সবাইকে যেন ম্লান করে দিয়েছেন ইমরান তাহির। না হলে কিন্তু প্রোটিয়াদের জয়ের নায়ক ছিলেন আমলাও। আমলার ১১০ রানের ইনিংস দক্ষিণ আফ্রিকাকে ৩৪৩ রানের বড় পুঁজি এনে দিয়েছিল।</span></p>\r\n\r\n<p style=\"text-align: justify;\"><span style=\"font-size:16px\">আমলা ২৩তম ওয়ানডে সেঞ্চুরি পেলেন ১৩২ ইনিংসে। কোহলি সেটি পেয়েছিলেন ১৫৭ ইনিংসে। আমলা তো কোহলির চেয়ে বেশ এগিয়েই আছেন দেখা যাচ্ছে! এর আগে কোহলির আরও কটি দ্রুততমর রেকর্ড আমলা ভেঙেছিলেন। এর মধ্যে আছে দ্রুততম সময়ে ওয়ানডেতে ৬ হাজার রান পূর্ণ করা।</span></p>\r\n','',1,20,'2016-06-17 11:33:12',1,'0000-00-00 00:00:00',0,'0000-00-00 00:00:00','0000-00-00 00:00:00',0,'','',68,1,'1466188392_kohli-amla.jpg',1),(5,'‘পরিবারই আমার সকল আনন্দের জায়গা’','‘পরিবারই-আমার-সকল-আনন্দের-জায়গা’','<p style=\"text-align: justify;\"><span style=\"font-size:16px\"><strong>এখন বুঝি ঈদের নাটকের শুটিং করছেন?</strong><br />\r\nআরও মাসখানেক আগে ঈদের নাটকের শুটিং শুরু করেছি। ঈদে এবার আমার অভিনয় করা অনেকগুলো নাটক প্রচারিত হবে।&nbsp;<br />\r\n<strong>আজ কোন নাটকের শুটিং করছেন?</strong><br />\r\nতানিম রহমান অংশুর এই নাটকের নাম &lsquo;ক তে কাজী খ তে খেলা&rsquo;। আট ঘণ্টার ঘটনার গল্প। নাটকের শুরুতে দেখা যাবে, স্বামী-স্ত্রী বিচ্ছেদের জন্য ঝগড়া করছে। মুখোমুখি অবস্থানের একদিকে আছেন মেয়ের বাবা-মা ও মামা আর অন্যদিকে ছেলের বাবা-মা, চাচা। সবাই মিলে চাইছেন, বিচ্ছেদটা হয়েই যাক। কিন্তু মেয়েটা ​বিবাহবিচ্ছেদের কাগজে সই করবে না, সে চায় দেনমোহরের সব টাকা তাঁকে নগদে দিয়ে দিতে হবে। কোনো বাকি চলবে না। ছেলের বাবা চেক দিতে চাইছেন। মেয়ে বলে, &lsquo;এর আগে আপনি যেসব চেক দিয়েছেন সব বাউন্স করছে। আমি আপনার চেক-এ বিশ্বাস করি না।&rsquo; একটা পর্যায়ে আনুষ্ঠানিক বিবাহবিচ্ছেদ হয়ে যায়। এরপরই নাটকের আসল গল্প শুরু হয়। বাকিটা অবশ্য এখন বলা যাবে না।<br />\r\n<strong>এবারের ঈদে কতোগুলো নাটকে অভিনয় করা হয়েছে?</strong><br />\r\nএবার ঈদে অনেকগুলো নাটকে অভিনয় করলাম। আমার কেন যেন মনে হয়, আমার অভিনয়জীবনে সবচেয়ে বেশি নাটক এবার ঈদ উৎসবে প্রচারিত হবে। আমি যেসব নাটকে অভিনয় করেছি সেসবের পরিচালকেরা এখনকার সময়ের নামকরা। এঁদের মধ্যে আছেন তানিম রহমান অংশু, কৌশিক শংকর দাশ, মুশফিক কল্লোল, জোহর রহমান রাসেল, এজাজ মুন্না, গৌতম কৈরি, অনিরুদ্ধ রাসেল, রাসেল শিকদার, কাজল আরেফিন।</span></p>\r\n\r\n<p style=\"text-align: justify;\"><span style=\"font-size:16px\"><strong><img alt=\"শুটিংয়ের ফাঁকে প্রথম আলোর জন্য পোজ দিলেন উর্মিলা।ছবি: খালেদ সরকার\" src=\"http://paimages.prothom-alo.com/contents/cache/images/350x0x1/uploads/media/2016/06/11/5a55c005aa9c3ab30bd0609b88987784-Bino-7.jpg\" style=\"width:350px\" />নাটক ও টেলিছবিতে অভিনয়ের সময় আপনি কোন বিষয়টার দিকে বেশি গুরুত্ব দেন?</strong><br />\r\nঅভিনয় শুরুর আগে প্রথমে আমি আমার চরিত্রের গুরুত্বটা দেখি। গল্পটাও প্রাধান্য পায়। যেসব গল্পে মেসেজ থাকে সেগুলো আমাকে টানে বেশি। অনেকে যখন নাটক দেখার পর বলেন যে, আপু আপনার ওই নাটকে এই কথাটা আমাকে খুব অনুপ্রেরণা দিয়েছে, তখন তা শুনতে ভালো লাগে।<br />\r\nভক্ত ও দর্শকেরা প্রতিক্রিয়া কীভাবে জানতে পারেন?<br />\r\nবাইরে কোথাও বের হলেও পাই। এ ছাড়া এখন সবচেয়ে বেশি রিপ্লাই পাই ফেসবুকের মাধ্যমে।<br />\r\n<strong>পড়াশোনার কি খবর?</strong><br />\r\nআমি চট্টগ্রাম বিশ্ববিদ্যালয় থেকে আইন বিষয়ে অনার্স শেষ করেছি। মাস্টার্স দেশের বাইরে থেকে করব। তাই একটু সময় নিচ্ছি। সে কারণে নাটকে সময় বেশি দিতে পারছি।<br />\r\n<strong>আপনি তো বিশ্ববিদ্যালয়ে রাজনীতির সঙ্গে জড়িত ছিলেন?</strong><br />\r\nরাজনীতি এখনো করি। যত দিন পর্যন্ত বেঁচে আছি রাজনীতি করব। রাজনীতি নিয়ে আমার অনেক বড় একটা স্বপ্নও আছে।<br />\r\nকী সেই স্বপ্ন?<br />\r\nভবিষ্যতে নেত্রী হওয়ার একটা সুপ্ত ইচ্ছে মনের মধ্যে আছে।<br />\r\n<strong>নাটকের বাইরে কি করতে ভালো লাগে?</strong><br />\r\nঅভিনয়ের বাইরে যতটা সময় পাই পরিবারকে দিই। পরিবারই আমার সকল আনন্দের জায়গা। শুক্র ও শনি কোনো কাজ করি না। বাবা-মা ও শ্বশুর-শাশুড়িকে সময় দিই। রান্না করতে ভালো লাগে। সব ধরনের বাঙালি রান্না আমি করতে পারি। আমার হাতের রান্না খেয়ে সবাই বলে, মায়ের রান্নার গুণটা আমি পেয়েছি। এটা শুনতে আমার ভালো লাগে। আমার ভাই তো প্রায়ই বলে, আমি রেঁধেছি না মা রেধেঁছে এটা সে বুঝতে পারে না। আমার শাশুড়ি খুবই ভালো। ছুটির দিনে তাঁর সঙ্গে আমার জমে ভালো। অনেক ঘোরাঘুরি করি। গল্প করি।<br />\r\n<strong>এই মুহূর্তে কোন কাজটা করতে সবচেয়ে বেশি ভালো লাগছে?</strong><br />\r\nঅভিনয়টাই সবচেয়ে বেশি ভালো লাগছে। ২০১০ সালে আমি লাক্স চ্যানেল আই সুপারস্টার প্রতিযোগিতায় নাম লেখাই। সেরা পাঁচে জায়গা করে নেওয়ার পরও লম্বা একটা বিরতিও ছিল। আমার পরে যাঁরা ছিল তাঁরা অনেক কাজ করেছে। আমার আগে যাঁরা ছিল তাঁরা তো বেশি কাজ করতই। তারপরও দুই বছর ধরে আমি সিরিয়াসলি কাজ করছি। আর বিয়ের পর আমি খুব বেশি কাজ করেছি। আমার শ্বশুরবাড়ির সবাই আমাকে উৎ​সাহ দেয়। এ ক্ষেত্রে আমি খুবই সৌভাগ্যবান বলতে পারেন। মা যেই কাজটা করতেন এখন আমার শাশুড়ি সেই কাজটা করছেন। আমার শাশুড়ির বয়স ৬০-এর কাছাকাছি। তাঁর কোনো মেয়ে নাই। তিনি আমাকে মেয়ের মতোই দেখেন। আমার শ্বশুরের টেক্সটাইলের ব্যবসা। দেখা যাচ্ছে, আমার শুটিংয়ের অনেক কস্টিউম আমার শ্বশুর নিজেই কিনে দিচ্ছেন।<br />\r\n<strong>ভবিষ্যতে নিজেকে কী হিসেবে দেখতে চান?</strong><br />\r\nআমি সবার আগে নিজেকে একজন ভালো মানুষ হিসেবে দেখতে চাই। কেউ আমাকে ভালো অভিনেত্রী বললে সেটাতে আমি যতটা না খুশি হই তার চেয়ে বেশি খুশি হই যখন কেউ আমাকে বলেন যে, আমি ভালো একজন মানুষ।<br />\r\n<strong>সময় দেওয়ার জন্য ধন্যবাদ</strong><br />\r\nআপনাকেও ধন্যবাদ। প্রথম আলোর পাঠকদের ঈদের অগ্রিম শুভেচ্ছা।</span></p>\r\n','',1,8,'2016-06-17 11:34:48',1,'0000-00-00 00:00:00',0,'0000-00-00 00:00:00','0000-00-00 00:00:00',0,'','',34,1,'1466188488_bino-6.jpg',1),(6,'তারকা হতে চাই না','তারকা-হতে-চাই-না','<p style=\"text-align: justify;\"><span style=\"font-size:16px\">&lsquo;বাবা বলত, তোমার কণ্ঠ মোটা। গান দরকার নাই। ক্লাস সিক্সে পড়াকালীন মোটা কণ্ঠ নিয়েই ফোক গানের প্রতিযোগিতায় অংশ নিলাম। জাতীয় পর্যায়ে খুলনা বিভাগ থেকে তৃতীয় হলাম। এরপর বাবার একটু আগ্রহ তৈরি হলো।&rsquo; নিজের গান শুরুর কাহিনি বলছিলেন &lsquo;পাওয়ার ভয়েজ&rsquo; সেরা দশের রেশমি মির্জা। প্রথম আলোর স্টুডিওতে ছবি তুলতে ঢোকার সময় গল্প হলো শুরু। ছবি তোলার ফাঁকে ও শেষ হওয়ার পরও চলতে থাকল তা।<br />\r\n&lsquo;শুরুতে দেশের গান গাইতাম। ফোক গানে পুরস্কার পেয়ে মনে হলো এই গান গাওয়াই ভালো। বাবা গোলাম রসুল বিটিভিতে ফোক গানই গাইতেন। তাঁর কণ্ঠেই &ldquo;পরের জায়গা পরের জমি&rdquo;, &ldquo;আমার সোনার ময়না পাখি&rdquo;, &ldquo;ও কি গাড়িয়াল ভাই&rdquo; গানগুলোর সঙ্গে পরিচয়। আমার ভালো লাগত লালনগীতি, পল্লিগীতি। নীনা হামিদ, ফেরদৌসী রহমান, রুনা লায়লার গাওয়া গানও শুনতাম ছোটবেলায়।&rsquo;<br />\r\nরেশমিকে একটু বাঁয়ে ঘুরে দাঁড়াতে বলেন আলোকচিত্রী। মুখটা সামান্য ওপরে তুলে তাকাতে বললেন ক্যামেরার লেন্সে। এভাবে কয়েকটি ক্লিকের পর পেছনের লাল পর্দা তুলে সাদাটা নামাতে নামাতে রেশমি বললেন, &lsquo;খুলনায় কোনো অনুষ্ঠান হলেই আমার ডাক পড়ে। পদ্মার ওপারের অনেক অনুষ্ঠানে গেয়েছি। ছোট ভাইয়ের জন্য ফরম সংগ্রহ করতে ঢাকায় এসে নিজেই আবেদন করে বসলাম। গানের প্রতিযোগিতা &ldquo;পাওয়ার ভয়েজ&rdquo;-এর আঞ্চলিক প্রতিযোগিতা জিতে সারা দেশ থেকে ঢাকায় ডাক পায় ১৬৭ জন। তাদের ভেতর আমিও ছিলাম।&rsquo;<br />\r\nছবি তোলা শেষ হলো।<br />\r\nচা পান করতে করতে এবার বাকি কথা শোনা যাক?<br />\r\nরেশমি হেসে সম্মতি দেন। কম চিনি দেওয়া লাল চায়ের কাপটা দুই হাতে চেপে ধরে কথা বলতে থাকেন তিনি। &lsquo;একটা মজার কথা আছে। টপ টেনে টেকার লড়াই চলছিল তখন। লালন ব্যান্ডের &ldquo;এক চোখে হাসন, আরেক চোখে লালন&rdquo; গানটি গাওয়া শেষ হতেই রুনা ম্যাডাম বলেছিলেন, ভোটিং লাগবে না। তুমি সেরা দশে চলে গেছো।&rsquo;<br />\r\nরেশমি গানের দল গড়লেন ২০১৫ সালে। নাম &lsquo;রেশমি অ্যান্ড মাটি ব্যান্ড&rsquo;। প্রতিষ্ঠার বছর ওই নামেই প্রকাশিত হয় প্রথম অ্যালবাম।<br />\r\nতারকা হতে হলে যতটা অপেক্ষা করতে হয়, শিল্পী হতে তার থেকেও বেশি অপেক্ষার দরকার আছে। রেশমির কি তাড়া আছে? নাকি অপেক্ষার যথেষ্ট সময় আছে? এ রকম একটি প্রশ্ন করা হলো রেশমিকে।<br />\r\nতিনি বললেন, &lsquo;গাইতেই ভালো লাগে। তারকা হতে চাই না। এখনকার অনেক গান কিছুদিন পরে খুঁজে পাওয়া যাবে না। কিন্তু ফোক গানের ক্ষেত্রে সেটা কখনোই হওয়ার নয়। কত পুরোনো সব ফোক গান এখনো ফিউশন করে গাইছে নতুন প্রজন্ম।&rsquo;<br />\r\n&lsquo;রেওয়াজ করেন কখন?&rsquo;<br />\r\n&lsquo;সত্যি কথা বলি, আগে রেওয়াজ করতাম। এখন এত এত শো করি যে ওইটাই রেওয়াজ হিসেবে চালিয়ে দেওয়া যায়।&rsquo;</span></p>\r\n','',1,8,'2016-06-17 11:36:02',1,'0000-00-00 00:00:00',0,'0000-00-00 00:00:00','0000-00-00 00:00:00',0,'','',49,1,'1466188562_taroka.jpg',1),(7,'আমি টিকটিকি নই','আমি-টিকটিকি-নই','<p style=\"text-align: justify;\"><span style=\"font-size:16px\">প্রশ্নোত্তর পর্বের আয়োজন কম করেননি ফেসবুকের সহপ্রতিষ্ঠাতা মার্ক জাকারবার্গ। কখনো ফেসবুকের প্রধান কার্যালয়ে, কখনো বা ফেসবুক পোস্টে, আবার চীন বা ভারত দর্শনে এসেও ব্যবহারকারীর মুখোমুখি হয়েছেন তিনি। ১৪ জুনের প্রশ্নোত্তর পর্বের বিশেষত্ব হলো, সেদিন সবার সামনেই হাজির হয়েছিলেন, তবে যুক্তরাষ্ট্রের ক্যালিফোর্নিয়ায় ফেসবুকের প্রধান কার্যালয়ে বসেই। সরাসরি ভিডিও সম্প্রচারের সেবা ফেসবুক লাইভে ব্যবহারকারীর প্রশ্নের উত্তর দেন তিনি। ৮২ লাখ জোড়া চোখ তখন মার্ক জাকারবার্গের ওপর নিবদ্ধ। এমন সময় একজন প্রশ্ন করে বসলেন, &lsquo;মার্ক, যা শুনছি তা কি ঠিক? আড়ালে তুমি নাকি আসলে টিকটিকি?&rsquo; মার্ক অবশ্য রাগ বা হাসিঠাট্টার মধ্যে না গিয়ে শান্ত সুরে উত্তর দিলেন, &lsquo;আমার উত্তরটা হচ্ছে, না। আমি টিকটিকি না।&rsquo;</span></p>\r\n\r\n<p style=\"text-align: justify;\"><span style=\"font-size:16px\">কিছুটা ফেসবুক লাইভের প্রচারণা, কিছুটা ব্যবহারকারীর কাছে আসা এক ঘণ্টার সে প্রশ্নোত্তর পর্বের উদ্দেশ্য ছিল এমনই। লাখ খানেক মানুষ সেদিন কমেন্টে তাঁদের প্রশ্ন-মতামত জানিয়েছিলেন।<br />\r\nদুনিয়াকে এক সুতায় গাঁথার যে কথা মার্ক জাকারবার্গ প্রায়ই বলেন, সেদিনও তার পুনরাবৃত্তি করেছেন। তবে ভার্চ্যুয়াল এবং অগমেন্টেড রিয়্যালিটি কাজের ওপর গুরুত্ব দেন। ভবিষ্যতে শুধু চিন্তা থেকেই ফেসবুকে পোস্ট করা যাবে, বন্ধুদের মধ্যে ভাবের আদান-প্রদান করা যাবে। এ জন্য কয়েক দশক সময় যে লেগে যাবে, তা-ও স্বীকার করলেন মার্ক।<br />\r\nফেসবুক ব্যবহারে টাকা খরচ করতে হবে, এমন একটা কথা প্রায়ই শোনা যাচ্ছিল। সে সম্ভাবনা গুজব বলেই উড়িয়ে দিলেন মার্ক, &lsquo;এটা ফ্রি, সব সময় তা-ই থাকবে।&rsquo;<br />\r\nফেসবুক লাইভের একপর্যায়ে কৌতুক অভিনেতা জেরি সিনফিল্ডের সঙ্গে পরিচয় করিয়ে দেন মার্ক। মার্কের সঙ্গে প্রায় ১৫ মিনিট বেশ হালকা সুরেই গল্প করেন জেরি। নিজের ব্যক্তিগত জীবন সম্পর্কেও বলেন। কন্যা ম্যাক্স প্রতি সকালে তাঁকে নির্দিষ্ট সময়ের আগেই ঘুম ভাঙিয়ে দেয়। কারণ সে নাকি নাক দিয়ে অদ্ভুত শব্দ করে।<br />\r\n<strong>মেহেদী হাসান</strong>, সূত্র: সিবিএস নিউজ</span></p>\r\n','',1,7,'2016-06-17 11:37:17',1,'0000-00-00 00:00:00',0,'0000-00-00 00:00:00','0000-00-00 00:00:00',0,'','',52,1,'1466188637_jakarbarg.jpg',1),(8,'প্রকৃতির সঙ্গে মিশে থাকা একটি ভবন','প্রকৃতির-সঙ্গে-মিশে-থাকা-একটি-ভবন','<p style=\"text-align: justify;\"><span style=\"font-size:18px\">একাধিক ব্লকে বিভক্ত একটি ভবন। তাতে প্রশিক্ষণ কেন্দ্র, লাইব্রেরি, অভ্যন্তরীণ খেলাধুলা ও থাকা-খাওয়ার ব্যবস্থা। একটির সঙ্গে আরেকটি সংযুক্ত বারান্দা ও খোলা প্যাভিলিয়ন দিয়ে। বিশাল ভবন। কিন্তু পুরো ভবনটিই দৃষ্টির আড়ালে। পাশ দিয়ে চলে গেছে গ্রাম্য সড়ক। অথচ সেখানে দাঁড়িয়ে ভবনটি চোখেই পড়বে না। কারণ, পুরো ভবনটি মাটির তলায়।<br />\r\nভবনের বিভিন্ন কক্ষের ছাদ মাটির সমতলে। তাতে লাগানো সবুজ ঘাস মিশে গেছে আশপাশের মাঠের সঙ্গে। গাইবান্ধার ফুলছড়ি উপজেলার কঞ্চিপাড়া ইউনিয়নের মদনেরপাড়া গ্রামে ফ্রেন্ডশিপ সেন্টার নামক এই ভবনের দিকে সবাই অবাক হয়ে তাকায়। প্রকৃতির মধ্যে মিশে যেন অদৃশ্য হয়ে আছে কমপ্লেক্সটি।<br />\r\nগাইবান্ধা-বালাসী সড়ক ঘেঁষে গড়ে ওঠা এই ভবনের আয়তন ৩২ হাজার বর্গফুট। স্থানীয়ভাবে তৈরি ইটের গাঁথুনি দিয়ে নির্মিত ভবনটি দেখতে প্রতিদিনই কৌতূহলী মানুষের ভিড় জমে।<br />\r\nমদনেরপাড়া গ্রামের ব্যবসায়ী সাইদুর রহমান বলেন, বাইরে থেকে অনেক লোক ভবন দেখতে আসার কারণে স্থানীয়ভাবে উৎপাদিত জিনিসপত্রের বিক্রি বেড়েছে। কঞ্চিপাড়া ইউনিয়নের সমিতির বাজার গ্রামের কলেজশিক্ষক সাখাওয়াত হোসেন বলেন, নদীভাঙনকবলিত এই প্রত্যন্ত এলাকায় এমন একটি ব্যতিক্রমী স্থাপনা এলাকার সৌন্দর্য বাড়িয়ে দিয়েছে অনেক গুণ।<br />\r\nআধুনিক ও চৌকস স্থাপত্যশৈলীর এই ভবন এবার আন্তর্জাতিক পর্যায়ে নিজের উপস্থিতি জানান দিল। সারা বিশ্বের সম্মানজনক আগা খান স্থাপত্য পুরস্কারের জন্য সংক্ষিপ্ত তালিকায় এবার বাংলাদেশের যে দুটি স্থাপনা মনোনয়ন পেয়েছে, এটি তার একটি। সুইজারল্যান্ডভিত্তিক আগা খান ডেভেলপমেন্ট নেটওয়ার্কের (একেডিএন) পুরস্কারের জন্য বিশ্বের ৩৮৪টি স্থাপনাকে পেছনে ফেলে সেরা ১৯ স্থাপনার তালিকায় রয়েছে ফ্রেন্ডশিপ সেন্টার। এটির স্থপতি কাশেফ মাহবুব চৌধুরী।<br />\r\nতরুণ স্থপতিদের উদ্ভাবনী ধারণাকে স্বীকৃতি দিতে আগা খান ডেভেলপমেন্ট নেটওয়ার্ক প্রতি তিন বছর পরপর এই পুরস্কার দেয়। অনেক বিষয় এ ক্ষেত্রে বিবেচনা করা হয়। উদ্ভাবনী আইডিয়ার পাশাপাশি স্থাপনাটি কতটা পরিবেশবান্ধব, সেটি দেখা হয়। সেই সঙ্গে সংশ্লিষ্ট দেশের সংস্কৃতির সঙ্গে এটির যোগসূত্রও বিবেচনা করা হয়।<br />\r\nফ্রেন্ডশিপ সেন্টার সম্পর্কে বলতে গিয়ে স্থপতি কাশেফ মাহবুব চৌধুরী প্রথম আলোকে বলেন, &lsquo;স্বল্প বাজেটে প্রকল্পটি নির্মাণের চিন্তা ছিল। কম খরচের চিন্তা আর চাপের কারণে চমৎকার এই সৃষ্টি সম্ভব হয়েছে।&rsquo; এই ভবনের অনুপ্রেরণা বৌদ্ধবিহারের ধারণা থেকে এসেছে বলে জানালেন তিনি। ফ্রেন্ডশিপ সেন্টারের ভবনটি ওপর দিক থেকে দেখলে মহাস্থানগড়ের প্রাচীন বৌদ্ধবিহারের ছবি ফুটে ওঠে অনেকটা।<br />\r\nভবনের বিশেষত্ব জানতে চাইলে তরুণ এই স্থপতি বলেন, &lsquo;ভবনের জমি খুবই নিচু ছিল। পানি আটকাতে চারদিকে বাঁধ দেওয়া হয়েছে। ভবনের ছাদের লেভেল রাস্তার প্রায় সমতলে। আমার লক্ষ্য ছিল অল্প খরচে সবার জন্য ভিন্নধর্মী কিছু একটা করা। এটি একটি বেসরকারি উন্নয়ন সংস্থার কার্যালয়। সংস্থাটি চরের মানুষের জন্য কাজ করে। সেখানে প্রশিক্ষণ কেন্দ্রের পাশাপাশি চরের মানুষজনের জন্য সেবা দেওয়ার বিষয়টি রয়েছে। তাই সেখানে সাধারণ মানুষ থেকে শুরু করে বিদেশি দাতা সংস্থার লোকজন আসবেন, থাকবেন&mdash;সেটাও একটি বিষয়। সবাই যাতে ভবনে স্বাচ্ছন্দ্যে বিচরণ করতে পারেন, সেটাও মাথায় রাখতে হয়েছে।&rsquo;<br />\r\nকাশেফ মাহবুব চৌধুরী জানালেন, প্রশিক্ষণ কেন্দ্র হিসেবে এটা ব্যবহৃত হবে জেনে নিরিবিলি ও শান্ত একটি পরিবেশ তৈরির বিষয়টি ভাবা হয়েছে। পর্যাপ্ত আলো আর বাতাসের ব্যবস্থা রাখা হয়েছে। ব্যবহার করা হয়েছে দেশি উপকরণ।<br />\r\nফ্রেন্ডশিপ সেন্টার কার্যালয় সূত্র জানিয়েছে, এই ভবন নির্মাণে খরচ হয়েছে আনুমানিক আট কোটি টাকা। নির্মাণকাজ শেষ করতে সময় লেগেছে প্রায় দুই বছর। প্রতিষ্ঠানটি মনে করছে, মাটি ভরাট করে ভবন নির্মাণ করতে গেলে বাজেটের ৬০ শতাংশই শেষ হয়ে যেত। এ ছাড়া প্রতিষ্ঠানটির অবস্থান গ্রামে হওয়ার কারণে সেখানে দোতলা ভবন করলে গ্রামের পরিবেশের সঙ্গে মিলত না। তাই সমতল ভূমির সঙ্গে মিল রেখে ভবন নির্মাণ করা হয়েছে। এতে গ্রামের প্রকৃতির অংশ হয়ে উঠেছে ভবনটি।<br />\r\nফ্রেন্ডশিপ সেন্টারের সহকারী ব্যবস্থাপক লোকমান হোসেন প্রথম আলোকে বলেন, মাটির নিচে ভবনের কক্ষ অনেকটা ঠান্ডা থাকে। বাইরের আলো-বাতাসও পাওয়া যায়। এটি পরিবেশবান্ধব কার্যালয়।<br />\r\nবাংলাদেশ প্রকৌশল বিশ্ববিদ্যালয়ের (বুয়েট) সাবেক অধ্যাপক স্থপতি শামসুল ওয়ারেস প্রথম আলোকে বলেন, &lsquo;স্থাপত্যশৈলীর দিক থেকে ফ্রেন্ডশিপ সেন্টার স্থাপনাটি একটি মৌলিক কাজ। আলোছায়ার খেলা রয়েছে সেখানে। আমাদের গ্রামীণ সংস্কৃতিতে বাড়ির একটি অবিচ্ছেদ্য অংশ উঠান। এই ভবনে উঠানের অংশ রাখা হয়েছে।&rsquo;<br />\r\nকাশেফ মাহবুব চৌধুরী ১৯৯৫ সালে বুয়েট থেকে স্নাতক শেষ করে স্থাপত্য পেশায় যোগ দেন। আরেক স্থপতি মেরিনা তাবাসসুমের সঙ্গে প্রতিষ্ঠা করেন আরবানা। দুজনে যৌথভাবে সোহরাওয়ার্দী উদ্যানে স্বাধীনতাস্তম্ভ ও স্বাধীনতা জাদুঘরের নকশা করেছেন। এখন কাশেফ মাহবুবই আরবানার একক প্রধান। এর আগেও আগা খান পুরস্কারের জন্য দুবার মনোনীত হয়েছিলেন কাশেফ। ২০০৪ সালে মেরিনা তাবাসসুমের সঙ্গে যৌথভাবে একটি প্রকল্পের জন্য মনোনয়ন পেয়েছিলেন। চট্টগ্রামের চান্দগাঁওয়ে নির্মিত একটি মসজিদের জন্য ২০১০ সালে এককভাবে মনোনয়ন পান আগা খান পুরস্কারের জন্য।<br />\r\nমেরিনা তাবাসসুমের করা অনন্য স্থাপত্যশৈলীর বায়তুর রউফ মসজিদটিও এবার আগা খান স্থাপত্য পুরস্কারের সংক্ষিপ্ত তালিকায় মনোনয়ন পেয়েছে। রাজধানীর দক্ষিণখান এলাকায় এই মসজিদটি অবস্থিত।</span></p>\r\n','',1,2,'2016-06-18 00:35:58',2,'0000-00-00 00:00:00',0,'0000-00-00 00:00:00','0000-00-00 00:00:00',0,'','',92,1,'1466235358_a-27.jpg',1),(9,'ডুয়েটের ভর্তি পরীক্ষার ফল প্রকাশ','ডুয়েটের-ভর্তি-পরীক্ষার-ফল-প্রকাশ','<div class=\"oh pb1 comment_count_and_social lh24\">\r\n<div class=\"fr\">\r\n<div class=\"pb0\">&nbsp; <span style=\"font-size:18px\">ঢাকা প্রকৌশল ও প্রযুক্তি বিশ্ববিদ্যালয়ের (ডুয়েট) ২০১৫-১৬ শিক্ষাবর্ষে বিএসসি ইঞ্জিনিয়ারিং/বি.আর্ক প্রোগ্রামে ভর্তি পরীক্ষার ফল আজ রোববার প্রকাশিত হয়েছে। বিশ্ববিদ্যালয়ের ওয়েবসাইট <a href=\"http://www.duet.ac.bd\" target=\"_blank\">www.duet.ac.bd</a> থেকে ফলের বিস্তারিত জানা যাবে।</span></div>\r\n</div>\r\n</div>\r\n\r\n<div>\r\n<p><span style=\"font-size:18px\">বিশ্ববিদ্যালয়ের সংবাদ বিজ্ঞপ্তিতে এ তথ্য জানিয়ে বলা হয়, ১৯ মে ভর্তি পরীক্ষা অনুষ্ঠিত হয়। ৬০০ আসনের বিপরীতে ৭ হাজার ৬৪৫ জন শিক্ষার্থী পরীক্ষায় অংশ নেন।</span></p>\r\n</div>\r\n','',1,15,'2016-06-18 00:41:11',2,'0000-00-00 00:00:00',0,'0000-00-00 00:00:00','0000-00-00 00:00:00',0,'','',61,0,NULL,0),(10,'	 রবীন্দ্র বিশ্ববিদ্যালয় শাহজাদপুরেই, এ বছর ভর্তি','	-রবীন্দ্র-বিশ্ববিদ্যালয়-শাহজাদপুরেই,-এ-বছর-ভর্তি','<p style=\"text-align: justify;\"><span style=\"font-size:18px\">কবিগুরুর স্মৃতিবিজড়িত সিরাজগঞ্জের শাহজাদপুরে অবশেষে রবীন্দ্র বিশ্ববিদ্যালয় হচ্ছে। চলতি বছর থেকে প্রস্তাবিত সরকারি এই বিশ্ববিদ্যালয়ে শিক্ষার্থী ভর্তির পরিকল্পনাও নিয়েছে সরকার।&nbsp;<br />\r\nশিক্ষা মন্ত্রণালয়-সম্পর্কিত সংসদীয় স্থায়ী কমিটি প্রস্তাবিত বিশ্ববিদ্যালয় বিলের খসড়া যাচাই-বাছাই করে জাতীয় সংসদে উপস্থাপন করেছে। পরবর্তী অধিবেশনে বিলটি পাস হলে উপাচার্য নিয়োগ দিয়ে শিক্ষা কার্যক্রম শুরু করা হবে।&nbsp;<br />\r\nজাতীয় সংসদ সচিবালয়, শিক্ষা মন্ত্রণালয় ও বিশ্ববিদ্যালয় মঞ্জুরি কমিশন (ইউজিসি) সূত্রে এসব তথ্য জানা গেছে।&nbsp;<br />\r\nএ বিষয়ে শিক্ষাসচিব সোহরাব হোসাইন প্রথম আলোকে বলেন, &lsquo;আশা করা যাচ্ছে, আসন্ন শিক্ষাবর্ষ (২০১৬-১৭) থেকেই নতুন বিশ্ববিদ্যালয়টিতে শিক্ষার্থী ভর্তি করা হবে।&rsquo;&nbsp;<br />\r\nবর্তমানে দেশে ৩৮টি সরকারি ও স্বায়ত্তশাসিত বিশ্ববিদ্যালয় রয়েছে। রবীন্দ্র বিশ্ববিদ্যালয়টি হবে দেশের ৩৯তম সরকারি বিশ্ববিদ্যালয়।<br />\r\nকয়েক বছর ধরে বিশ্বকবি রবীন্দ্রনাথ ঠাকুরের নামে দেশে একটি সরকারি বিশ্ববিদ্যালয় হবে বলে আলোচনা চলছে। গত বছর রবীন্দ্রনাথ ঠাকুরের ১৫৪তম জন্মবার্ষিকীতে শাহজাদপুরে &lsquo;রবীন্দ্র বিশ্ববিদ্যালয়, বাংলাদেশ&rsquo;-এর নামফলক উন্মোচন করেন প্রধানমন্ত্রী শেখ হাসিনা। আগে মূল ক্যাম্পাস শাহজাদপুরে রেখে কবির স্মৃতিবিজড়িত কুষ্টিয়ার শিলাইদহ ও নওগাঁর পতিসরে বিশ্ববিদ্যালয়ের ক্যাম্পাস থাকার কথা আলোচনা হলেও সর্বশেষ সিদ্ধান্ত অনুযায়ী শুধু শাহজাদপুরে হবে বিশ্ববিদ্যালয়ের কার্যক্রম। এ নিয়ে কুষ্টিয়াবাসীর ক্ষোভ থামাতে ইতিমধ্যে রবীন্দ্র মৈত্রী বিশ্ববিদ্যালয় নামে সেখানে একটি বেসরকারি বিশ্ববিদ্যালয়ের অনুমোদন দিয়েছে শিক্ষা মন্ত্রণালয়।<br />\r\nইউজিসির পাবলিক বিশ্ববিদ্যালয় বিভাগের অতিরিক্ত পরিচালক ফেরদৌস জামান বলেন, শাহজাদপুরে প্রাথমিকভাবে রবীন্দ্রনাথ ঠাকুরের কাছারি বাড়ি ও স্থানীয় একটি সরকারি কলেজের চারতলা ভবনকে ব্যবহার করার প্রস্তুতি রয়েছে। স্থানীয় সাংসদ এ বিষয়ে সহায়তার প্রতিশ্রুতি দিয়েছেন।&nbsp;<br />\r\nপ্রস্তাবিত আইনে বিশ্ববিদ্যালয়টি করার কারণ হিসেবে বলা হয়েছে, উচ্চশিক্ষার বিভিন্ন ক্ষেত্রে অগ্রসরমাণ বিশ্বের সঙ্গে সংগতি রক্ষা, জাতীয় পর্যায়ে উচ্চশিক্ষা ও গবেষণা এবং বাংলাদেশের জাতীয় সংগীতের স্রষ্টা বিশ্বকবি রবীন্দ্রনাথ ঠাকুরের অমর সৃষ্টিকে এ দেশের মানুষের স্মৃতিতে চির অম্লান রাখতে তাঁর স্মৃতিবিজড়িত সিরাজগঞ্জের শাহজাদপুরে বিশ্ববিদ্যালয়টি করা হচ্ছে।&nbsp;<br />\r\nবিশ্ববিদ্যালয়টির শিক্ষার মাধ্যম হবে বাংলা। তবে ক্ষেত্রবিশেষে ইংরেজির ব্যবহার করা যাবে। এটি সাধারণ বিশ্ববিদ্যালয় হলেও এখানে রবীন্দ্রনাথ ঠাকুরের জীবন ও দর্শন, সাহিত্য ও সংগীত এবং বিশ্বসংস্কৃতি বিষয়ে অধ্যয়ন ও গবেষণা করা হবে। এ ছাড়া কলা, সংগীত ও নৃত্য, চারুকলা, নাট্যকলা, সামাজিক বিজ্ঞান, কৃষি ও সমবায়, ব্যবসায় প্রশাসন, আইন, বিজ্ঞান, জীববিজ্ঞান, প্রকৌশল ও প্রযুক্তিসহ নতুন কিছু বিষয়ে স্নাতক ও স্নাতকোত্তর পর্যায়ে পড়ানো হবে। বিশ্ববিদ্যালয়টির প্রথম উপাচার্য হিসেবে রাজশাহী বিশ্ববিদ্যালয়ের সাবেক এক উপাচার্যের কথা চিন্তা করা হচ্ছে।&nbsp;<br />\r\nজানতে চাইলে শিক্ষা মন্ত্রণালয়-সম্পর্কিত সংসদীয় কমিটির সভাপতি আফছারুল আমীন গত শনিবার প্রথম আলোকে বলেন, রবীন্দ্র বিশ্ববিদ্যালয়, বাংলাদেশ বিলটি শিক্ষামন্ত্রী নুরুল ইসলাম নাহিদ জাতীয় সংসদে উত্থাপনের পর সেটি যাচাই-বাছাই করার জন্য সংসদীয় কমিটির কাছে পাঠানো হয়। দ্রুত সময়ের মধ্যে কমিটি দুটি সভা করে সেটি সংসদে প্রতিবেদন দিয়েছে। সদ্য শেষ হওয়া অধিবেশন অল্প দিন হওয়ায় বিলটি পাস হয়নি। এখন কেবল বিলটি পাসের অপেক্ষায় আছে।</span></p>\r\n','',1,15,'2016-06-18 00:46:19',2,'0000-00-00 00:00:00',0,'0000-00-00 00:00:00','0000-00-00 00:00:00',0,'','',47,0,NULL,0),(11,'কোরিয়ায় স্নাতকোত্তর পড়ার সুযোগ','কোরিয়ায়-স্নাতকোত্তর-পড়ার-সুযোগ','<p style=\"text-align: justify;\"><span style=\"font-size:18px\">কোরিয়া ডেভেলপমেন্ট ইনস্টিটিউট পরিচালিত কেডিআই স্কুল অব পাবলিক পলিসি অ্যান্ড ম্যানেজমেন্ট পূর্ণ বৃত্তির সুবিধাসহ স্নাতকোত্তর পর্যায়ে পড়ার সুযোগ দিচ্ছে। পাবলিক পলিসি ও ডেভেলপমেন্ট পলিসি বিষয়ে স্নাতকোত্তর পড়তে আগ্রহী শিক্ষার্থীরা কোরিয়ার এই বৃত্তির জন্য আবেদন করতে পারেন। স্নাতক উত্তীর্ণ যেকোনো শিক্ষার্থী এতে আবেদন করতে পারবেন। আসছে ফল সেমিস্টারে ভর্তির জন্য আবেদনের শেষ দিন ২৫ মে ২০১৬।</span></p>\r\n\r\n<p style=\"text-align: justify;\"><span style=\"font-size:18px\">আবেদন ও বৃত্তিসংক্রান্ত তথ্য বিশ্ববিদ্যালয়ের ভর্তিবিষয়ক ওয়েবসাইটে পাওয়া যাবে।</span></p>\r\n','',1,15,'2016-06-18 00:51:38',2,'0000-00-00 00:00:00',0,'0000-00-00 00:00:00','0000-00-00 00:00:00',0,'','',48,0,NULL,0),(12,'বঙ্গবন্ধুর দুই ঘাতককে দেশে ফেরত প্রসঙ্গে দুই কংগ্রেসম্যান','বঙ্গবন্ধুর-দুই-ঘাতককে-দেশে-ফেরত-প্রসঙ্গে-দুই-কংগ্রেসম্যান','<p style=\"text-align: justify;\"><span style=\"font-size:18px\"><span style=\"font-family:solaimanlipi\"><strong>হাকিকুল ইসলাম খোকন,ওসমান গনি,সুহাস বডুয়া,বাপসনিঊজ:</strong> যুক্তরাষ্ট্রে বাংলাদেশের রাষ্ট্রদূত মোহাম্মাদ জিয়াউদ্দিন বলেছেন, বাংলাদেশ সন্ত্রাস ও জঙ্গিবাদের মূলোৎপাটনে যুক্তরাষ্ট্র, প্রতিবেশী ও অন্যান্য বন্ধু দেশগুলোর সঙ্গে ঘনিষ্ঠভাবে কাজ করছে।রাষ্ট্রদূত সব ধরণের সন্ত্রাস ও জঙ্গিবাদ দমনে প্রধানমন্ত্রী শেখ হাসিনার জিরো টলারেন্স নীতির কথা পুনর্ব্যক্ত করে বলেন, সম্প্রতি বংলাদেশে ব্লাগার হত্যাকাণ্ডের বিরুদ্ধে সরকার কঠোর পদক্ষেপ নিয়েছে।তিনি বুধবার ক্যাপিটাল হিলে মার্কিন কংগ্রেসে বাংলাদেশ ককাসের কো-চেয়ারম্যান কংগ্রেসম্যান জোসেফ ক্রাউলি (ডি-এন ওয়াই) এবং ফরেন এ্যাফেয়ার্স কমিটি ও এশিয়া ও প্যাসেফিক বিষয়ক সাব কমিটির সদস্য কংগ্রেসওম্যান তুলসী গাব্বাড&rsquo;র সঙ্গে তাদের কার্যালয়ে পৃথক বৈঠককালে একথা বলেন।ক্রাউলির সঙ্গে বৈঠকে রাষ্ট্রদূত প্রেসিডেন্ট বরাক ওবামার কাছে পাঠানো প্রধানমন্ত্রী শেখ হাসিনা শোক বার্তার উল্লেখ করে অরল্যান্ডের নাইট ক্লাবে সাম্প্রতিক হত্যাযজ্ঞে তার গভীর শোক প্রকাশ করেন।</span></span></p>\r\n\r\n<p style=\"text-align: justify;\">&nbsp;</p>\r\n\r\n<p style=\"text-align: justify;\"><span style=\"font-size:18px\"><span style=\"font-family:solaimanlipi\">জিয়াউদ্দিন ১৯৭৫ বঙ্গবন্ধু ও তাঁর পরিবারের সদস্যদের নির্মম হত্যাকান্ড সম্পর্কে কংগ্রেসম্যানকে ব্রিফ করে যুক্তরাষ্ট্রে আত্মগোপনকারী বঙ্গবন্ধুর খুনীদের দেশে ফেরত পাঠাতে বাংলাদেশের অনুরোধ পুর্নব্যক্ত করেন।কংগ্রেসওম্যান তুলসীর সঙ্গে বৈঠকে রাষ্ট্রদূত বলেন, প্রধানমন্ত্রী শেখ হাসিনা নিজেই সন্ত্রাসের শিকার। তাঁর এই নির্মম অভিজ্ঞতা থেকে তিনি মানসিকভাবে সন্ত্রাসের বিরুদ্ধে কঠোর অবস্থান নিয়েছেন।তিনি বলেন, বাংলাদেশ থেকে সন্ত্রাসবাদ ও জঙ্গিবাদ নির্মূলে প্রধানমন্ত্রী শেখ হাসিনার সরকার শিক্ষা ও নারীর ক্ষমতায়নে কাজ করে যাচ্ছে। মাদ্রাসা শিক্ষাতেও আধুনিক পাঠ্যসূচি প্রবর্তনের কাজ চলছে যাতে মাদ্রাসা শিক্ষার্থীরা ধর্মের নামে উগ্রপন্থা পরিহার করে সমাজের মূলধারায় সম্পৃক্ত হতে পারে।</span><br />\r\n<span style=\"font-family:solaimanlipi\">বৈঠকে রাষ্ট্রদূত বলেন, বাংলাদেশের নারীরা এখন দারিদ্র্য বিমোচন, শিক্ষা ও অর্থনৈতিক উন্নয়নে অবদান রাখছে। বাংলাদেশের তৈরি পোষাক শিল্পের ৯০ শতাংশ শ্রমিক নারী ।রাষ্ট্রদূত যুক্তরাষ্ট্রের বাজারে বাংলাদেশের তৈরি পোষাকের শুল্কমুক্ত সুবিধা প্রদানের জন্য মার্কিন সরকারের প্রতি আহ্বান জানান।কংগ্রেসম্যান ক্রাউলি রাষ্ট্রদূতের ব্রিফের সযত্নে নোট নিয়ে বলেন যে তিনি সংশ্লিষ্ট বিষয়গুলোর ব্যাপারে উদ্যোগী হবেন।কংগ্রেসওম্যান গাব্বাড বাংলাদেশ সম্পর্কে ব্রিফ করায় রাষ্ট্রদূতকে ধন্যবাদ জানান।বৈঠকে কাউন্সেলর (রাজনৈতিক) তৌফিক হোসেন উপস্থিত ছিলেন।</span></span></p>\r\n','',1,25,'2016-06-18 01:10:18',2,'0000-00-00 00:00:00',0,'0000-00-00 00:00:00','0000-00-00 00:00:00',0,'','',35,0,'1466237418_a-27.jpg',0),(13,'ঢাবি’র সাবেক ছাত্র সমিতির অভিষেক ও বর্ষবরন বোস্টনে ','ঢাবি’র-সাবেক-ছাত্র-সমিতির-অভিষেক-ও-বর্ষবরন-বোস্টনে-','<p style=\"text-align:justify\"><span style=\"font-size:18px\"><span style=\"font-family:solaimanlipi\"><strong>ওসমান গনি,সুহাস বডুয়া,বাপসনিঊজ</strong>:যুক্তরাষ্ট্রের ম্যাসাচুসেটস অঙ্গরাজ্যের বোস্টনে জমকালো পরিবেশে ঢাকা বিশ্ববিদ্যালয়ের সাবেক ছাত্র সমিতির বাংলা নববর্ষ পালন ও অভিষেক অনুষ্ঠিত হয়। গত রবিবার ঢাকা ইউনিভার্সিটি অ্যালামনাই অ্যাসোসিয়েশন অব নিউইংল্যান্ড (ডুয়ানি) এ অনুষ্ঠানের আয়োজন করেন। এ খবর দিয়েছে বার্তা সংস্থা বাপসনিঊজ।</span><br />\r\n<span style=\"font-family:solaimanlipi\">বোস্টনের&Acirc;&nbsp; সামারভিলের গ্রীক মেরী অর্থোডক্স চার্চে অনুষ্ঠিত ঢাকা ইউনিভার্সিটি অ্যালামনাই অ্যাসোসিয়েশন অব নিউইংল্যান্ড (ডুয়ানি)&rsquo;র নবনির্বাচিত সদস্যদের ফুল দিয়ে শুভেচ্ছা জানান স্থানীয় শিশু-কিশোররা।</span></span></p>\r\n\r\n<p style=\"text-align:justify\"><img alt=\"\" src=\"http://www.katiadinews.com/uploads/images/1466237819_boston-duaane-2016-apr.jpg\" style=\"height:300px; width:500px\" /></p>\r\n\r\n<p style=\"text-align:justify\"><br />\r\n<span style=\"font-size:18px\"><span style=\"font-family:solaimanlipi\">ডুয়ানির সভাপতি মনির সাজির সভাপতিত্বে এবং&Acirc;&nbsp; নাসরিন শিবলির সঞ্চালনায় অনুষ্ঠিত এ অভিষেক অনুষ্ঠানে প্রধান অতিথি হিসেবে বক্তব্য দেন ওয়াশিংটনস্থ বাংলাদেশ দূতাবাসের কমার্শিয়াল কাউন্সিলর এসকে আকতার হোসেন এবং বিশেষ অতিথি হিসেবে বক্তব্য দেন পিপল এন টেক এর সিইও আইটি বিশেষজ্ঞ আবু হানিপ। অনুষ্ঠানে মূল বক্তব্য উপস্থাপন করেন এমআইটির এসোসিয়েট প্রফেসর তৌহিদ জামান। অনুষ্ঠানে নবনির্বাচিত কমিটির অভিষেক, প্রামাণ্যচিত্র প্রদর্শনী, আলোচনা সভা, কবিতা আবৃত্তি, নৃত্য ও বাংলা নববর্ষ উদযাপন উপলক্ষে মনোজ্ঞ সাংস্কৃতিক অনুষ্ঠান।</span><br />\r\n<span style=\"font-family:solaimanlipi\">প্রধান অতিথি এসকে আকতার হোসেন উপস্থিত প্রবাসীদের উদ্দেশ্যে বক্তব্যে বলেন, বাংলাদেশে বিনিয়োগের জন্য এটাই উপযুক্ত সময়। যারা দেশে বিনিয়োগ করতে চান কিংবা চিন্তা করছেন বাংলাদেশ দূতাবাস তাদেরকে সর্বপ্রকার সহায়তা প্রদান করবে। বিশেষ অতিথি আবু হানিপ বলেন, যুক্তরাষ্ট্রে চার হাজার বাংলাদেশি যুবককে আইটি প্রশিক্ষন দিয়ে আমরা তাদেরকে ভাল ও উন্নতমানের চাকুরি দিয়েছি। শুধু তাই নয় আমাদের প্রতিষ্ঠানের মাধ্যম্যে শত শত প্রবাসীদের বৃত্তির ব্যবস্থাও করে দিয়েছি। আইটির প্রশিক্ষন নিয়ে জীবনের কঠিন চাকুরি থেকে তিনি নিজেদেরকে রক্ষা করা জন্য প্রবাসীদের তিনি আহবান জানান। অনুষ্ঠানে অন্যদের মধ্যে বক্তব্য দেন সভাপতি মনির সাজি, সাধারন সম্পাদক সৈয়দ সালাম শিলু ও সাবেক সাধারন সম্পাদক সাইমন সাবির। দ্বিতীয় পর্বে কবিতা আবৃত্তি, বৈশাখী নাচ এবং সাংস্কৃতিক অনুষ্ঠানে স্থানীয় শিল্পীরা সঙ্গীত পরিবেশন করেন।</span><br />\r\n<span style=\"font-family:solaimanlipi\">সাংস্কৃতিক পর্বে কবিতা আবৃত্তি করেন বোস্টন প্রবাসী জনপ্রিয় কবি বদিউজ্জামান নাসিম, নিউইয়র্ক প্রবাসী কবি সালেম সুলেরী ও স্থানীয় আবৃত্তিকার জামান। সঙ্গীত পরিবেশন করেন পিয়ারু সাত্তার, কামরুল আলম জুয়েল, সুপর্ণা বিশ্বাস, নাসরীন শিবিলী রুমি ও শিশুশিল্পী রিশপিয়াত সাত্তার জুঁই। শেষপর্বে এক নৃত্যানুষ্ঠানে নৃত্য পরিবেশন করেন রাফেয়া জামান প্রিয়া, রেদওয়ান,আহেমেদি,জাহিন,উর্বানা, নাজিয়া, নাশহাত ও প্রিয়া। অনুষ্ঠানের মাঝে সায়মা আলমের পরিচালনায় মুক্তিযুদ্ধ বিষয়ক একটি প্রামাণ্যচিত্র প্রদর্শন করা হয়।</span><br />\r\n<span style=\"font-family:solaimanlipi\">উল্লেখ্য, প্রধান নির্বাচন কমিশনার ড. সৈয়দ এ মনসুর এর পরিচালনায় গত ২১ নভেম্বর ঢাকা বিশ্ববিদ্যালয় অ্যালামনাই অ্যাসোসিয়েশন অব নিউইংল্যান্ড (ডুয়ানি)&rsquo;র দ্বিতীয়বারের মত নির্বাচন অনুষ্ঠিত হয়। নির্বাচনে মুনির সাজি পুনরায় সভাপতি নির্বাচিত হয়েছেন। ১১ সদস্য বিশিষ্ট এ সংগঠনের নির্বাচিত অন্যান্য সদস্যরা হলেন সৈয়দ সালাম শিলু সাধারন সম্পাদক, সহ-সভাপতি সাইমন সাবির,&Acirc;&nbsp; সহ-সভাপতি সায়মা আলম, সাংগঠনিক সম্পাদক জাকির হোসেন তালুকদার, কোষাধ্যক্ষ শরীফ আহমেদ, শিক্ষা বিষয়ক সম্পাদক মাহমুদা ইসলাম, সামাজিক-সাংস্কৃতিক ও ধর্ম বিষয়ক সম্পাদক নাসিম জাহান, ছাত্র বিষয়ক সম্পাদক রোকেয়া মাহমুদ, সমাজ কল্যান বিষয়ক সম্পাদক মীর ফজলুল করিম ও গণযোগাযোগ বিষয়ক সম্পাদক আবুল কালাম।</span><br />\r\n<span style=\"font-family:solaimanlipi\">&Acirc;&nbsp; অনুষ্ঠানে মহান মুক্তিযুদ্ধে শহীদদের স্মরনে এক মিনিট নিরবতা পালন করা হয়।</span></span></p>\r\n','',1,22,'2016-06-18 01:14:56',2,'2016-06-18 01:18:09',2,'0000-00-00 00:00:00','0000-00-00 00:00:00',0,'','',38,1,NULL,0),(14,'হার্ভার্ডে বাংলাদেশের ব্যাংকিং এবং টেকসই উন্নয়ন নিয়ে আন্তর্জাতিক সম্মেলন অনুষ্ঠিত','হার্ভার্ডে-বাংলাদেশের-ব্যাংকিং-এবং-টেকসই-উন্নয়ন-নিয়ে-আন্তর্জাতিক-সম্মেলন-অনুষ্ঠিত','<p><span style=\"font-family:solaimanlipi; font-size:14pt\"><strong>হাকিকুল</strong><strong> ইসলাম খোকন: বাপ্&zwnj;স নিউজ :</strong><strong>বস্টন :</strong>যুক্তরাষ্ট্রের হার্ভার্ড বিশ্ববিদ্যালয়ে শুক্রবার বাংলাদেশের ব্যাংকিং, ফাইন্যান্স এবং টেকসই উন্নয়নের আলোকে দিনব্যাপী এক আন্তর্জাতিক সম্মেলন আয়োজিত হয়। হার্ভার্ড ইউনিভার্সিটি বাংলাদেশ ডেভেলপমেন্ট কনফারেন্স-২০১৬ এর সাংগঠনিক কমিটির সহায়তায় এই সম্মেলনে বাংলাদেশের অর্থনৈতিক এবং ব্যাংকিং সেক্টরের নানা গুরুত্বপূর্ণ বিষয়ে পাঁচটি সেশণে একাডেমিক আলোচনা করা হয় এবং এই সেক্টরের সাফল্য ও অগ্রগতি, বিদ্যমান সমস্যা সমাধান ও টেকসই উন্নয়ন নিয়ে পথ নির্দেশনা দেওয়া হয়। </span></p>\r\n\r\n<p><img alt=\"\" src=\"http://www.katiadinews.com/uploads/images/1466238101_b123.jpg\" style=\"height:306px; width:524px\" /></p>\r\n\r\n<p><span style=\"font-family:solaimanlipi; font-size:14pt\">বস্টন ভিত্তীক অলাভজনক থিঙ্কট্যাংক &lsquo;ইন্টারন্যাশনাল সাসটেইনেবল ডেভেলপমেন্ট ইন্সটিটিউট&rsquo; এবং হার্ভার্ড ইউনিভার্সিটির ছাত্র ও গবেষকদের যৌথ উদ্যোগে অনুষ্ঠিত এই সম্মেলনে দেড় শতাধিক শিক্ষাবিদ, গবেষক এবং সংশ্লিষ্ট সেক্টরের বিশেষজ্ঞরা অংশগ্রহণ করেন।</span><br />\r\n<span style=\"font-family:solaimanlipi; font-size:14pt\">&Acirc; </span><br />\r\n<span style=\"font-family:solaimanlipi; font-size:14pt\">সম্মেলনে মূল প্রবন্ধ পাঠ করেন যুক্তরাষ্ট্রের বাণিজ্য মন্ত্রণালয়ের ন্যাশনাল ডেপুটি ডিরেক্টর এলবার্ট শেন, বাংলাদেশের প্রধানমন্ত্রীর অর্থনৈতিক উপদেষ্টা ড. মশিউর রহমান, সরকারী হিসাব সম্পর্কিত সংসদীয় কমিটির সভাপতি এবং ফারমারস ব্যাঙ্কের চেয়ারম্যান ড. মহিউদ্দীন খান আলমগীর, হার্ভার্ড ল&rsquo; স্কুলের ইন্টারন্যাশনাল ডেভেলপমেন্ট এবং পাবলিক ইন্টারেস্ট এডভাইজার জিনি গ্রাইম্যান, এবং হার্ভার্ড বিজনেস স্কুলের ব্যবসা সম্পর্কিত অধ্যাপক ড. নিয়েন হি শি।</span></p>\r\n\r\n<p>&nbsp;</p>\r\n\r\n<p><span style=\"font-family:solaimanlipi; font-size:14pt\">এছাড়া যুক্তরাষ্ট্রের বিভিন্ন স্টেটের বিশ্ববিদ্যালয়ের এবং ঢাকা বিশ্ববিদ্যালয়ের অধ্যাপকবৃন্দ গবেষণামূলক প্রবন্ধ ও বক্তব্য উপস্থাপন করেন এবং মতামত প্রদান করেন। বাংলাদেশের অর্থনৈতিক এবং ব্যাংকিং সেক্টরের চলমান অগ্রযাত্রা, বাংলাদেশের ঊন্নয়নে এর প্রভাব, বিনিয়োগ ও ব্যাঙ্কিং শিল্পের এগিয়ে যাবার ক্ষেত্রে উৎসাহ প্রদান এবং এই খাতের উন্নয়নে বিভিন্ন দিকনির্দেশনামূলক আলোচনা হয় । </span></p>\r\n\r\n<p>&nbsp;</p>\r\n\r\n<p><span style=\"font-family:solaimanlipi; font-size:14pt\">এ সম্মেলনে সমস্যা ও উত্তরণের উপায় নিয়েও বিস্তারিত আলোচনা হয় এবং অতি সম্প্রতি বাংলাদেশের কেন্দ্রীয় ব্যাঙ্কের রিজার্ভ থেকে ৮১ মিলিয়ন ডলার সরিয়ে নেয়ার মত উদ্বেগজনক অপরাধ প্রসঙ্গও স্থান পায়। সাইবার ক্রাইম রোধ অথবা দমনে কী পদক্ষেপ গ্রহণ করা উচিত তা নিয়ে আলোচনা করেন সাইবার নিরাপত্তা বিশেষজ্ঞ, সাইবার অপরাধ আইনজীবী এবং আন্তর্জাতিক বিশেষজ্ঞ ও শিক্ষাবিদরা। বিশেষজ্ঞদের আলোচনায় উঠে আসে উন্নত বিশ্বে সাইবার অপরাধ ও চুরি নিয়মিত ঘটলেও বাংলাদেশের মত উন্নয়ন সাফল্য লাভকারী দেশগুলো এখন সাইবার অপরাধীদের নিশানায় পরিণত হচ্ছে এবং এর প্রতিরোধে ব্যাঙ্কসহ গুরুত্বপূর্ণ প্রতিষ্ঠানগুলোতে দক্ষ আইটি নিরাপত্তা কর্মী এবং দক্ষ ম্যানেজমেন্ট টীম গড়ে তোলা দরকার। নিয়মিত সাইবার নিরাপত্তা প্রশিক্ষণ, গবেষণা এবং সরকারী সহায়তায় সাইবার অপরাধ ও চুরির মত ঘটনা প্রতিরোধ সম্ভব এবং ডিজিটাল লেন-দেন ও ই- কমার্সের পরিধী বাড়ানো যায় বলে তাঁরা মত দেন। </span></p>\r\n\r\n<p>&nbsp;</p>\r\n\r\n<p><span style=\"font-family:solaimanlipi; font-size:14pt\">বাংলদেশের কেন্দ্রীয় ব্যাঙ্কের রিজার্ভ সরানোর দায় হ্যাকারদের সাথে সাথে সুইফটসহ প্রযুক্তি সহায়তাকারী প্রতিষ্ঠান এবং যুক্তরাষ্ট্র, ফিলিপিন্স, ও চীনের ব্যাঙ্কগুলো তথা সেদেশের সরকারগুলোর দায়িত্ব রয়েছে বলে বিশেষজ্ঞ এবং শিক্ষাবিদরা মত ব্যক্ত করেন।</span><br />\r\n<span style=\"font-family:solaimanlipi; font-size:14pt\">&Acirc; </span><br />\r\n<span style=\"font-family:solaimanlipi; font-size:14pt\">&Acirc;&nbsp;&lsquo;বিষয়ভিত্তিক সেমিনারসমূহে মূলত বাংলাদেশের এগিয়ে চলার ক্ষেত্রে উৎসাহ প্রদানের বিষয়াবলী প্রাধান্য পায়&rsquo;।&Acirc;&nbsp; বস্টনভিত্তিক এই অলাভজনক থিঙ্ক ট্যাঙ্কের উদ্যোগে ২০১১ সাল থেকে প্রতি বছরই বাংলদেশ তথা দক্ষিণ এশিয়ার সাথে যুক্তরাষ্ট্র তথা উন্নত বিশ্বের ব্যবসা-বানিজ্য, তথ্য-প্রযুক্তি, পরিবেশ, জলবায়ু পরিবর্তন এবং টেকসই উন্নয়ন পরিক্রমা নিয়ে আন্তর্জাতিক সম্মেলন হয়ে আসছে। এ বছরের আগস্টে বাংলাদেশের তৈরি পোশাক সম্পর্কিত সম্মেলন হবে হার্ভার্ডে এবং নভেম্বরে আইটি সম্পর্কিত আরেকটি সম্মেলন হবে এমআইটিতে এবং সেগুলোতেও বাংলাদেশের উন্নয়ন-অগ্রগতি প্রাধান্য পাবে ।</span></p>\r\n','',1,22,'2016-06-18 01:20:41',2,'2016-06-18 01:23:17',2,'0000-00-00 00:00:00','0000-00-00 00:00:00',0,'','',44,0,NULL,0),(15,'বাংলাদেশ বিষয়ক সম্মেলন হার্ভার্ডে১৫ এপ্রিল শুক্রবার','বাংলাদেশ-বিষয়ক-সম্মেলন-হার্ভার্ডে১৫-এপ্রিল-শুক্রবার','<p style=\"text-align:justify\"><span style=\"font-size:18px\"><span style=\"font-family:solaimanlipi\"><strong>হাকিকুল</strong><strong> ইসলাম খোকন: বাপ্&zwnj;স নিউজ :</strong><strong>বস্টন :</strong>যুক্তরাষ্ট্রের হার্ভার্ড বিশ্ববিদ্যালয়ে শুক্রবার বাংলাদেশের ব্যাংকিং, ফাইন্যান্স এবং টেকসই উন্নয়নের আলোকে দিনব্যাপী এক আন্তর্জাতিক সম্মেলন আয়োজিত হয়। হার্ভার্ড ইউনিভার্সিটি বাংলাদেশ ডেভেলপমেন্ট কনফারেন্স-২০১৬ এর সাংগঠনিক কমিটির সহায়তায় এই সম্মেলনে বাংলাদেশের অর্থনৈতিক এবং ব্যাংকিং সেক্টরের নানা গুরুত্বপূর্ণ বিষয়ে পাঁচটি সেশণে একাডেমিক আলোচনা করা হয় এবং এই সেক্টরের সাফল্য ও অগ্রগতি, বিদ্যমান সমস্যা সমাধান ও টেকসই উন্নয়ন নিয়ে পথ নির্দেশনা দেওয়া হয়। বস্টন ভিত্তীক অলাভজনক থিঙ্কট্যাংক &lsquo;ইন্টারন্যাশনাল সাসটেইনেবল ডেভেলপমেন্ট ইন্সটিটিউট&rsquo; এবং হার্ভার্ড ইউনিভার্সিটির ছাত্র ও গবেষকদের যৌথ উদ্যোগে অনুষ্ঠিত এই সম্মেলনে দেড় শতাধিক শিক্ষাবিদ, গবেষক এবং সংশ্লিষ্ট সেক্টরের বিশেষজ্ঞরা অংশগ্রহণ করেন।</span><br />\r\n<span style=\"font-family:solaimanlipi\">সম্মেলনে মূল প্রবন্ধ পাঠ করেন যুক্তরাষ্ট্রের বাণিজ্য মন্ত্রণালয়ের ন্যাশনাল ডেপুটি ডিরেক্টর এলবার্ট শেন, বাংলাদেশের প্রধানমন্ত্রীর অর্থনৈতিক উপদেষ্টা ড. মশিউর রহমান, সরকারী হিসাব সম্পর্কিত সংসদীয় কমিটির সভাপতি এবং ফারমারস ব্যাঙ্কের চেয়ারম্যান ড. মহিউদ্দীন খান আলমগীর, হার্ভার্ড ল&rsquo; স্কুলের ইন্টারন্যাশনাল ডেভেলপমেন্ট এবং পাবলিক ইন্টারেস্ট এডভাইজার জিনি গ্রাইম্যান, এবং হার্ভার্ড বিজনেস স্কুলের ব্যবসা সম্পর্কিত অধ্যাপক ড. নিয়েন হি শি।এছাড়া যুক্তরাষ্ট্রের বিভিন্ন স্টেটের বিশ্ববিদ্যালয়ের এবং ঢাকা বিশ্ববিদ্যালয়ের অধ্যাপকবৃন্দ গবেষণামূলক প্রবন্ধ ও বক্তব্য উপস্থাপন করেন এবং মতামত প্রদান করেন। বাংলাদেশের অর্থনৈতিক এবং ব্যাংকিং সেক্টরের চলমান অগ্রযাত্রা, বাংলাদেশের ঊন্নয়নে এর প্রভাব, বিনিয়োগ ও ব্যাঙ্কিং শিল্পের এগিয়ে যাবার ক্ষেত্রে উৎসাহ প্রদান এবং এই খাতের উন্নয়নে বিভিন্ন দিকনির্দেশনামূলক আলোচনা হয় । এ সম্মেলনে সমস্যা ও উত্তরণের উপায় নিয়েও বিস্তারিত আলোচনা হয় এবং অতি সম্প্রতি বাংলাদেশের কেন্দ্রীয় ব্যাঙ্কের রিজার্ভ থেকে ৮১ মিলিয়ন ডলার সরিয়ে নেয়ার মত উদ্বেগজনক অপরাধ প্রসঙ্গও স্থান পায়। সাইবার ক্রাইম রোধ অথবা দমনে কী পদক্ষেপ গ্রহণ করা উচিত তা নিয়ে আলোচনা করেন সাইবার নিরাপত্তা বিশেষজ্ঞ, সাইবার অপরাধ আইনজীবী এবং আন্তর্জাতিক বিশেষজ্ঞ ও শিক্ষাবিদরা। বিশেষজ্ঞদের আলোচনায় উঠে আসে উন্নত বিশ্বে সাইবার অপরাধ ও চুরি নিয়মিত ঘটলেও বাংলাদেশের মত উন্নয়ন সাফল্য লাভকারী দেশগুলো এখন সাইবার অপরাধীদের নিশানায় পরিণত হচ্ছে এবং এর প্রতিরোধে ব্যাঙ্কসহ গুরুত্বপূর্ণ প্রতিষ্ঠানগুলোতে দক্ষ আইটি নিরাপত্তা কর্মী এবং দক্ষ ম্যানেজমেন্ট টীম গড়ে তোলা দরকার। নিয়মিত সাইবার নিরাপত্তা প্রশিক্ষণ, গবেষণা এবং সরকারী সহায়তায় সাইবার অপরাধ ও চুরির মত ঘটনা প্রতিরোধ সম্ভব এবং ডিজিটাল লেন-দেন ও ই- কমার্সের পরিধী বাড়ানো যায় বলে তাঁরা মত দেন। </span></span></p>\r\n\r\n<p style=\"text-align:justify\"><img alt=\"\" src=\"http://www.katiadinews.com/uploads/images/1466238472_harvard-university.jpg\" style=\"height:300px; width:500px\" /></p>\r\n\r\n<p style=\"text-align:justify\"><span style=\"font-size:18px\"><span style=\"font-family:solaimanlipi\">বাংলদেশের কেন্দ্রীয় ব্যাঙ্কের রিজার্ভ সরানোর দায় হ্যাকারদের সাথে সাথে সুইফটসহ প্রযুক্তি সহায়তাকারী প্রতিষ্ঠান এবং যুক্তরাষ্ট্র, ফিলিপিন্স, ও চীনের ব্যাঙ্কগুলো তথা সেদেশের সরকারগুলোর দায়িত্ব রয়েছে বলে বিশেষজ্ঞ এবং শিক্ষাবিদরা মত ব্যক্ত করেন।</span><br />\r\n<span style=\"font-family:solaimanlipi\">&nbsp;&lsquo;বিষয়ভিত্তিক সেমিনারসমূহে মূলত বাংলাদেশের এগিয়ে চলার ক্ষেত্রে উৎসাহ প্রদানের বিষয়াবলী প্রাধান্য পায়&rsquo;।&nbsp; বস্টনভিত্তিক এই অলাভজনক থিঙ্ক ট্যাঙ্কের উদ্যোগে ২০১১ সাল থেকে প্রতি বছরই বাংলদেশ তথা দক্ষিণ এশিয়ার সাথে যুক্তরাষ্ট্র তথা উন্নত বিশ্বের ব্যবসা-বানিজ্য, তথ্য-প্রযুক্তি, পরিবেশ, জলবায়ু পরিবর্তন এবং টেকসই উন্নয়ন পরিক্রমা নিয়ে আন্তর্জাতিক সম্মেলন হয়ে আসছে। এ বছরের আগস্টে বাংলাদেশের তৈরি পোশাক সম্পর্কিত সম্মেলন হবে হার্ভার্ডে এবং নভেম্বরে আইটি সম্পর্কিত আরেকটি সম্মেলন হবে এমআইটিতে এবং সেগুলোতেও বাংলাদেশের উন্নয়ন-অগ্রগতি প্রাধান্য পাবে ।</span></span></p>\r\n','',1,22,'2016-06-18 01:27:11',2,'2016-06-18 01:30:20',2,'0000-00-00 00:00:00','0000-00-00 00:00:00',0,'','',37,0,NULL,0),(16,'ওয়ার্নের বিশ্বসেরা টি-টোয়েন্টি দলেও মুস্তাফিজ!','ওয়ার্নের-বিশ্বসেরা-টি-টোয়েন্টি-দলেও-মুস্তাফিজ!','<p><span style=\"font-size:18px\">খুব বেশি চমক কী জাগাচ্ছে খবরটা? এক বছরের কিছু বেশি সময় হয়েছে আন্তর্জাতিক ক্রিকেটের রাজপথে পথচলা শুরু হয়েছে তাঁর। কিন্তু স্লোয়ারের মায়াজাল আর কাটারের বিভ্রান্তি ছড়িয়ে এর মধ্যেই বেশ আলোড়ন তুলেছেন মুস্তাফিজুর রহমান। বাংলাদেশের জার্সিতে আলো ছড়িয়ে জায়গা করে নিয়েছিলেন গত বছরের আইসিসির বর্ষসেরা ওয়ানডে দলে। এরপর টি-টোয়েন্টি বিশ্বকাপের পর কিছুদিন আগে মাত করে এলেন আইপিএলও। সেখানেও হয়েছেন সেরা উদীয়মান খেলোয়াড়।<br />\r\n<br />\r\n&lsquo;ধারাবাহিকতা&rsquo;টা মন কেড়েছে শেন ওয়ার্নেরও। অস্ট্রেলিয়ান স্পিন কিংবদন্তি ফেসবুকে তাঁর চোখে বিশ্বসেরা টি-টোয়েন্টি দল বেছে নিয়েছেন। তাতে ডি ভিলিয়ার্স-কোহলি-স্টার্কদের সঙ্গে জায়গা করে নিয়েছেন ২০ বছর বয়সী বাংলাদেশি &lsquo;কাটার মাস্টার&rsquo;ও।<br />\r\n<br />\r\nসব মিলিয়ে অবশ্য ওয়ার্নের স্বপ্নের এই দলের যে শক্তি, তাতে এর বিপক্ষে দাঁড়ানোর মতো দল খুঁজে পাওয়া মুশকিলই হবে। কী ব্যাটিং, কী বোলিং...সব দিকেই বর্তমান সময়ের বিশ্বের সেরাদের বেছে নিয়েছেন ওয়ার্ন। ব্যাটিং অর্ডারের প্রথম চার জনের নাম সহজেই অনুমেয়। ক্রিস গেইলের সঙ্গে ব্যাট হাতে উদ্বোধন করতে নামবেন গত ফেব্রুয়ারিতেই আন্তর্জাতিক ক্রিকেটকে বিদায় বলে দেওয়া ব্রেন্ডন ম্যাককালাম। এই দুজনকে আউট করার পরও খুব বেশি নিস্তার পাচ্ছেন না বোলাররা। মিডল অর্ডারে ব্যাটিংয়ে আসবেন বর্তমান সময়ের দুই সেরা ব্যাটসম্যান বিরাট কোহলি ও এবি ডি ভিলিয়ার্স।</span></p>\r\n\r\n<p><span style=\"font-size:18px\"><img alt=\"\" src=\"	http://www.katiadinews.com/uploads/images/1466239688_78ac901dbaedc02b50732cedae5dc0d5-mustafizur-rahman.jpg\" style=\"height:427px; width:300px\" /><br />\r\n<br />\r\nচার স্পেশালিস্ট ব্যাটসম্যানের পর তিন অলরাউন্ডার। তাতে ওয়েস্ট ইন্ডিজেরই দুজন&mdash;আন্দ্রে রাসেল ও ডোয়াইন ব্রাভো। সঙ্গে ওয়ার্নেরই সাবেক সতীর্থ শেন ওয়াটসন। টি-টোয়েন্টি বিশ্বকাপের পর আন্তর্জাতিক ক্রিকেট থেকে অবসর নিয়েছেন এই অস্ট্রেলিয়ান অলরাউন্ডারও। উইকেট কিপিংয়ের দায়িত্ব পাচ্ছেন ইংল্যান্ডের জস বাটলার। আর স্বপ্নের দলের বোলিং আক্রমণ ওয়ার্ন সাজিয়েছেন এক স্পিনার ও দুই পেসার দিয়ে। স্পিনার হিসেবে থাকছেন সুনীল নারাইন।<br />\r\n<br />\r\nপেস আক্রমণটাই বাংলাদেশের ক্রিকেটপ্রেমীদের জন্য সবচেয়ে আকর্ষণ জাগানিয়া। মিচেল স্টার্কের সঙ্গে বোলিং উদ্বোধন করছেন মুস্তাফিজুর রহমান&mdash;দৃশ্যটা কল্পনা করতেই গর্ব অনুভব হওয়ার কথা।<br />\r\n<br />\r\nএমন &lsquo;দল নির্বাচনে&rsquo;র শখ অবশ্য ওয়ার্নের এবারই প্রথম নয়। এর আগেও তাঁর সময়ের সেরা একাদশ, বিভিন্ন টেস্ট খেলুড়ে দেশের সেরা একাদশ ফেসবুকে প্রকাশ করে &lsquo;নির্বাচক&rsquo; হিসেবে নিজের দক্ষতা দেখিয়েছেন অস্ট্রেলিয়ান লেগ স্পিনার।<br />\r\n<br />\r\nকে জানে, ভবিষ্যতে অস্ট্রেলিয়ার নির্বাচক বোর্ডে জায়গা করে নেওয়ার স্বপ্ন-টপ্নও দেখছেন কি না?</span></p>\r\n','',1,20,'2016-06-18 01:47:46',2,'2016-06-18 01:50:20',2,'0000-00-00 00:00:00','0000-00-00 00:00:00',0,'','',28,0,NULL,0),(17,'শহীদ জননী জাহানারা ইমামের জীবনী ছড়িয়ে দেয়ার প্রত্যয় প্রজন্মেদের','শহীদ-জননী-জাহানারা-ইমামের-জীবনী-ছড়িয়ে-দেয়ার-প্রত্যয়-প্রজন্মেদের','<p><span style=\"font-family:solaimanlipi; font-size:14pt\"><strong><img alt=\"\" src=\"Picture	http://www.katiadinews.com/uploads/images/1470679916_1470674245_buygoston.jpg\" /><img alt=\"\" src=\"Picture	http://www.katiadinews.com/uploads/images/1470679916_1470674245_buygoston.jpg\" />হাকিকুল ইসলাম খোকন, মো:নাসির, ওসমান গনি, সুহাস বডুয়া, বাপসনিঊজ:</strong>&lsquo;শারীরিকভাবে অসুস্থ এবং মুক্তিযুদ্ধে স্বামী ও সন্তান হারানো জাহানারা ইমামের নেতৃত্বে সৃষ্ট গণআন্দোলনের পরিপ্রেক্ষিতে একাত্তরের ঘাতকদের বিচার শুরু হয়েছে বাংলাদেশে। শহীদ জননী জাহানারা ইমামের এমন অবিস্মরণীয় জীবন সম্পর্কে প্রবাস প্রজন্মকে অবহিত রাখতে হবে এবং সকলকে অসাম্প্রদায়িক চেতনার বাংলাদেশ রচনায় চলমান কর্মসূচির সাথে একাত্ম থাকতে হবে।&rsquo; এসব কথা বলেন &lsquo;আমেরিকায় জাহানারা ইমামের শেষ দিনগুলি&rsquo; গ্রন্থের রচয়িতা ও নিউজার্সির কাউন্সিলম্যান ড. নূরন্নবী। শহীদ জননী জাহানারা ইমামের মৃত্যুবার্ষিকী উপলক্ষে ৬ আগস্ট শনিবার বস্টনে এ আলোচনা সভা অনুষ্ঠিত হয় একাত্তরের ঘাতক দালাল নির্মূল কমিটির নিউইংল্যান্ড শাখার উদ্যোগে। এ সমাবেশে সভাপতিত্ব করেন হোস্ট সংগঠনের সভাপতি ড. বামন দাসগুপ্ত। অন্যান্যের মধ্যে আলোচনায় অংশ নেন বিজ্ঞানী ড. জিনাত নবী, হোস্ট সংগঠনের সাধারণ সম্পাদক মাহফুজুর রহমান, নিউ ইংল্যান্ড আওয়ামী লীগ সভাপতি এম এ গণি ও সাধারন সম্পাদক সুহাষ বড়য়া, কবি বদিউজ্জামান নাসিম, অর্থনীতিবিদ ড. শিবলী সাদিক প্রমুখ।খবর বাপসনিউজ।</span><br />\r\n<span style=\"font-family:solaimanlipi; font-size:14pt\">প্রধান অতিথির বক্তব্যে ড. নবী বলেন, &lsquo;জাহানারা ইমামের দেশাত্মবোধ কতটা গভীর ছিল, সে ইতিহাস প্রবাস প্রজন্মকে জানাতে হবে সবিস্তারে। তার সম্পর্কে মানুষ যত জানবে, ততোই উজ্জ্বল হবে বাংলাদেশের মুক্তিযুদ্ধের ইতিহাস।&rsquo;</span></p>\r\n\r\n<p><span style=\"font-family:solaimanlipi; font-size:14pt\"><img alt=\"alt\" src=\"http://www.mujibsenanews.com/uploads/images/1470674245_boston.jpg\" style=\"height:310px; width:896px\" /></span></p>\r\n\r\n<p><br />\r\n<span style=\"font-family:solaimanlipi; font-size:14pt\">শত বাধা-বিপত্তি ডিঙ্গিয়ে একাত্তরের ঘাতকদের বিচার শুরু করায় প্রধানমন্ত্রী শেখ হাসিনাকে প্রবাসীদের পক্ষ থেকে অভিনন্দন জানিয়ে ড. নবী বলেন, &lsquo;সকল ঘাতকের বিচার শেষ না হওয়া পর্যন্ত সকলকে শেখ হাসিনার নেতৃত্বে অবিচল আস্থাশীল থাকতে হবে।&rsquo;</span><span style=\"font-family:solaimanlipi; font-size:14pt\">সভাপতির বক্তব্যে ড. বামন দাসগুপ্ত বলেন, &lsquo;নতুন প্রজন্মের সন্ত্রাসবাদে সম্পৃক্ত হবার ঘটনাটি সত্যি উদ্বেগজনক। এহেন পরিস্থিতির অবসানে প্রতিটি অভিভাবককে সজাগ থাকতে হবে। ছেলে-মেয়েরা স্কুল-কলেজে যাতায়াতের সময় কোথায় যাচ্ছে, কার সাথে মিশছে-সবকিছু নখদর্পনে রাখতে হবে। সময় থাকতেই পদক্ষেপ না নিয়ে ওদের ফেরানো কঠিন হয়ে পড়বে।&rsquo; &lsquo;আইন করে কিছু করা সম্ভব হবে না। প্রয়োজন সামাজিক প্রতিরোধ। জঙ্গিবাদ যে কোন ধর্মই সমর্থন করে না-এটি ওদেরকে জানাতে হবে। নীরিহ মানুষ হত্যা করে কেউই জান্নাতে যেতে পারে না-এটি ইসলাম ধর্মেও স্পষ্টভাবে উল্লেখ করেছে-তা নতুন প্রজন্মকে অবহিত করতে হবে।&rsquo;</span><br />\r\n<span style=\"font-family:solaimanlipi; font-size:14pt\">সবার প্রারম্ভে ১৯৭৫-এর ১৫ আগষ্ট স্বপরিবারে নিহত জাতির জনক বঙ্গবন্ধু, ডাকা কেন্দ্রিয় কারাগারে চার জাতীয় নেতা, একাত্তর-এর মুক্তিযুদ্ধ ও ১৯৫২- এর মহান ভাষা আন্দোলনসহ আজ পর্যন্ত সকল গণতান্ত্রিক আন্দোলনে নিহতদের স্মরনে সভায় দাঁড়িয়ে এক মিনটি কাল নিরাবতা পালন করা হয়।</span></p>\r\n','',1,4,'2016-08-08 11:08:18',2,'2016-08-08 11:18:36',2,'0000-00-00 00:00:00','0000-00-00 00:00:00',0,'','',19,1,NULL,0),(18,'বাংলাদেশকে ১২০ কোটি ডলার দেবে জাতিসংঘ','বাংলাদেশকে-১২০-কোটি-ডলার-দেবে-জাতিসংঘ','<p style=\"text-align:justify\"><span style=\"font-size:16px\">টেকসই উন্নয়ন লক্ষ্য (এসডিজি) অর্জনে আগামী চার বছরের জন্য জাতিসংঘ বাংলাদেশকে ১২০ কোটি মার্কিন ডলার সহায়তা দেবে।</span></p>\r\n\r\n<p style=\"text-align:justify\"><span style=\"font-size:16px\">বৃহস্পতিবার ঢাকা জাতিসংঘ কান্ট্রি টিম বাংলাদেশ সরকারের সাথে একটি অঙ্গীকার চুক্তি স্বাক্ষর করেছে। এর আগের চুক্তিটি পাঁচ বছর মেয়াদী ছিল। এবার তা চার বছরের জন্য করা হয়েছে। সরকারের উন্নয়ন পরিকল্পনার সাথে সামঞ্চস্য রেখে আগামী চুক্তি পাঁচ বছর মেয়াদী হবে।</span></p>\r\n\r\n<p style=\"text-align:justify\"><span style=\"font-size:16px\">জাতিসংঘ উন্নয়ন সহায়তা ফ্রেমওয়ার্ক (ইউএসডিএএফ) ২০১৭-২০২০ হিসেবে পরিচিত এই চুক্তির উদ্দেশ্য হলো-এসডিজি অর্জনের লক্ষ্যে বাংলাদেশকে সহায়তা করা, যা তিনটি বিষয়ভিত্তিক ক্ষেত্রের ওপর কেন্দ্রীভূত। এগুলো হলো মানুষ, পৃথিবী এবং সমৃদ্ধি। এই তিন ক্ষেত্রের মাধ্যমে জাতিসংঘ বাংলাদেশের সব মানুষের সমান অধিকার, প্রবেশাধিকার ও সুযোগ নিশ্চিত করতে চায়। পাশাপাশি পরিবেশগত স্থিতিশীলতা তৈরি, মানুষের সক্ষমতা বৃদ্ধি এবং সবার অংশগ্রহণে অন্তর্ভুক্তিমূলক অর্থনৈতিক উন্নয়ন নিশ্চিত করা।</span></p>\r\n\r\n<p style=\"text-align:justify\"><span style=\"font-size:16px\">জাতিসংঘের ঢাকা অফিসের পাঠানো এক সংবাদ বিজ্ঞপ্তিতে সংস্থার বাংলাদেশে নিযুক্ত আবাসিক সমন্বয়কারী রবার্ট ডি. ওয়াটকিল বলেন, এই ফ্রেমওয়ার্কের মূল উদ্দেশ্য হলো টেকসই উন্নয়ন অর্জনের লক্ষ্যে সরকারকে সহযোগিতা করা, যেন তা সকলের জন্য সমানভাবে প্রযোজ্য এবং সমন্বিতভাবে হয়। এই ফ্রেমওয়ার্কটি জাতিসংঘের সংস্থাসমূহের এসডিজি সম্পর্কিত কাজের অগ্রাধিকার তৈরি এবং লক্ষ্যমাত্রা নির্ধারণের জন্য একটি পথনির্দেশক হিসেবে কাজ করবে।</span></p>\r\n\r\n<p style=\"text-align:justify\"><span style=\"font-size:16px\">তিনি বলেন, এই নতুন ফ্রেমওয়ার্ক বাংলাদেশ ও তার জনগণের অগ্রগতির জন্য সরকার ও জাতিসংঘের মধ্যে বন্ধন আরো দৃঢ় করেছে।</span></p>\r\n\r\n<p style=\"text-align:justify\"><span style=\"font-size:16px\">অর্থনৈতিক সম্পর্ক বিভাগের সিনিয়র সচিব মোহাম্মদ মেজবাউদ্দিন জাতিসংঘের সংস্থাসমূহকে বাংলাদেশের উন্নয়ন বৃদ্ধিতে তাদের কারিগরি ও কর্মসূচিগত সহযোগিতা অব্যাহত রাখার জন্য এই নতুন ফ্রেমওয়ার্ককে স্বাগত জানান। তিনি বলেন, দ্রুত প্রাথমিক পদ্ধতিগুলো তৈরি হলে যথাযথ সময়ের মধ্যে এটি বাস্তবায়ন করা যাবে।</span></p>\r\n','',1,2,'2016-11-03 23:01:45',1,'0000-00-00 00:00:00',0,'0000-00-00 00:00:00','0000-00-00 00:00:00',0,'','',0,1,'1478192505_image-4670.jpg',0),(19,'বঙ্গোপসাগরে আবারো নিম্নচাপ, বৃষ্টি থাকবে আরো ক\'দিন','বঙ্গোপসাগরে-আবারো-নিম্নচাপ,-বৃষ্টি-থাকবে-আরো-ক\'দিন','<p style=\"text-align:justify\"><span style=\"font-size:16px\">কায়ান্ট যেতে না যেতেই বঙ্গোপসাগরে আবারো নিম্নচাপ সৃষ্টি হয়েছে। এই নিম্নচাপটি আরেকটি ঘূর্ণিঝড়ে রূপ নিতে পারে বলে জানিয়েছেন আবহাওয়াবিদরা। নিম্নচাপের প্রভাবে ঢাকাসহ দেশের দক্ষিণাঞ্চলে বৃষ্টি হচ্ছে। আগামী ৭ বা ৮ নভেম্বর বৃষ্টি থাকতে পারে।</span></p>\r\n\r\n<p>&nbsp;</p>\r\n\r\n<p style=\"text-align:justify\"><span style=\"font-size:16px\">বৃহস্পতিবার আবহাওয়া অধিদফতরের বিশেষ বিজ্ঞপ্তিতে জানানো হয়েছে, দক্ষিণ-পূর্ব বঙ্গোপসাগর এলাকায় অবস্থানরত নিম্নচাপটি পশ্চিম ও উত্তর-পশ্চিম দিকে অগ্রসর হয়ে দক্ষিণ-পূর্ব বঙ্গোপসাগর ও কাছাকাছি এলাকায় অবস্থান করছে। এটি বৃহস্পতিবার বিকাল ৩টায় চট্টগ্রাম সমুদ্রবন্দর থেকে এক হাজার ১৩০ কি.মি. দক্ষিণ-পশ্চিমে, কক্সবাজার সমুদ্রবন্দর থেকে এক হাজার ৭০ কি.মি. দক্ষিণ-পশ্চিমে, মংলা সমুদ্রবন্দর থেকে এক হাজার ৫৫ কি.মি. দক্ষিণ-পশ্চিমে এবং পায়রা সমুদ্রবন্দর থেকে এক হাজার ৩৫ কি.মি. দক্ষিণ-পশ্চিমে অবস্থান করছিল। নিম্নচাপটি আরও ঘণীভূত হয়ে উত্তর-পশ্চিম দিকে অগ্রসর হতে পারে।</span></p>\r\n\r\n<p>&nbsp;</p>\r\n\r\n<p style=\"text-align:justify\"><span style=\"font-size:16px\">আবহাওয়া বার্তায় বলা হয়, নিম্নচাপের প্রভাবে উত্তর বঙ্গোপসাগরে গভীর সঞ্চারণশীল মেঘমালার সৃষ্টি হচ্ছে। এর প্রভাবে উত্তর বঙ্গোপসাগর ও কাছাকাছি বাংলাদেশের উপকূলীয় এলাকা এবং সমুদ্রবন্দরের উপর দিয়ে ঝড়ো হাওয়া বয়ে যেতে পারে।</span></p>\r\n\r\n<p>&nbsp;</p>\r\n\r\n<p style=\"text-align:justify\"><span style=\"font-size:16px\">নিম্নচাপ কেন্দ্রের ৪৪ কিলোমিটারের মধ্যে বাতাসের একটানা সর্বোচ্চ গতিবেগ ঘন্টায় ৪০ কি.মি. যা দমকা বা ঝোড়ো হাওয়ার আকারে ৫০ কি.মি. পর্যন্ত বৃদ্ধি পাচ্ছে। নিম্নচাপ কেন্দ্রের নিকটবর্তী এলাকায় সাগর উত্তাল রয়েছে।</span></p>\r\n\r\n<p>&nbsp;</p>\r\n\r\n<p style=\"text-align:justify\"><span style=\"font-size:16px\">চট্টগ্রাম, কক্সবাজার, মংলা ও পায়রা সমুদ্রবন্দরকে ৩ নম্বর স্থানীয় সতর্ক সংকেত দেখিয়ে যেতে বলা হয়েছে। যদিও সমুদ্রবন্দরগুলোকে আগে ১ নম্বর দূরবর্তী সতর্ক সংকেত দেখিয়ে যেতে বলা হয়েছিল।</span></p>\r\n\r\n<p>&nbsp;</p>\r\n\r\n<p style=\"text-align:justify\"><span style=\"font-size:16px\">উত্তর বঙ্গোপসাগরে অবস্থানরত সকল মাছধরা নৌকা ও ট্রলারকে পরবর্তী নির্দেশ না দেয়া পর্যন্ত উপকূলের কাছাকাছি এসে সাবধানে চলাচল করতে এবং গভীর সাগরে বিচরণ করতে নিষেধ করেছে আবহাওয়া বিভাগ।</span></p>\r\n\r\n<p>&nbsp;</p>\r\n\r\n<p style=\"text-align:justify\"><span style=\"font-size:16px\">বৃহস্পতিবার সকাল ৯টা থেকে পরবর্তী ২৪ ঘণ্টার আবহাওয়ার পূর্বাভাসে বলা হয়েছে, ঢাকা, খুলনা, বরিশাল ও চট্টগ্রাম বিভাগের দু&rsquo;এক জায়গায় অস্থায়ী দমকা হাওয়াসহ বৃষ্টি বা বজ্রসহ বৃষ্টি হতে পারে। এছাড়া দেশের অন্যত্র আকাশ অস্থায়ীভাবে আংশিক মেঘলাসহ আবহাওয়া প্রধানত শুষ্ক থাকতে পারে।</span></p>\r\n\r\n<p>&nbsp;</p>\r\n\r\n<p style=\"text-align:justify\"><span style=\"font-size:16px\">সারা দেশে দিনের তাপমাত্রা সামান্য কমতে পারে এবং রাতের তাপমাত্রা প্রায় অপরিবর্তিত থাকতে পারে বলেও জানিয়েছে আবহাওয়া অধিদফতর।</span></p>\r\n','',1,2,'2016-11-03 23:02:51',1,'0000-00-00 00:00:00',0,'0000-00-00 00:00:00','0000-00-00 00:00:00',0,'','',0,1,'1478192571_image-4637.jpg',0),(20,'ফেসবুকে উসকানিমূলক পোস্ট না দেয়ার আহ্বান পুলিশের','ফেসবুকে-উসকানিমূলক-পোস্ট-না-দেয়ার-আহ্বান-পুলিশের','<p style=\"text-align:justify\">ফেসবুকসহ সামাজিক যোগাযোগ মাধ্যমে ধর্মীয় উসকানিমূলক, ব্যাঙ্গাত্মক ছবি ও মন্তব্য পোস্ট না করার আহ্বান জানিয়েছে পুলিশ।</p>\r\n\r\n<p>&nbsp;</p>\r\n\r\n<p style=\"text-align:justify\">বৃহস্পতিবার পুলিশ সদর দপ্তর থেকে পাঠানো এক সংবাদ বিজ্ঞপ্তিতে এ আহ্বান জানানো হয়।</p>\r\n\r\n<p>&nbsp;</p>\r\n\r\n<p style=\"text-align:justify\">বিজ্ঞপ্তিতে জানানো হয়, একটি স্বার্থান্বেষী মহল ফেসবুকসহ সামাজিক যোগাযোগ মাধ্যমে উসকানিমূলক, ব্যাঙ্গাত্মক ও আপত্তিকর ছবি এবং মন্তব্য পোস্ট করে সাধারণ মানুষের ধর্মীয় অনুভূতিতে আঘাত করে সাম্প্রদায়িক সম্প্রীতি বিনষ্ট করার অপচেষ্টা করছে।এ ধরনের কাজ করা আইনত দণ্ডনীয় অপরাধ। এসব কাজ না করার জন্য বাংলাদেশ পুলিশ সকলকে অনুরোধ জানায়।</p>\r\n\r\n<p>&nbsp;</p>\r\n\r\n<p style=\"text-align:justify\">পুলিশের পক্ষ থেকে বলা হয়, কেউ এসব কাজ করলে তার বিরুদ্ধে দেশের প্রচলিত আইনে কঠোর ব্যবস্থা গ্রহণ করা হবে।</p>\r\n\r\n<p>&nbsp;</p>\r\n\r\n<p style=\"text-align:justify\">কোনো ধরনের গুজবে বিভ্রান্ত না হয়ে সাম্প্রদায়িক সম্প্রীতি বজায় রাখার জন্য পুলিশের পক্ষ থেকে বলা হয়।</p>\r\n','',1,2,'2016-11-03 23:03:57',1,'0000-00-00 00:00:00',0,'0000-00-00 00:00:00','0000-00-00 00:00:00',0,'','',0,1,'1478192637_image-4624.jpg',0),(21,'১৩ জানুয়ারি থেকে বিশ্ব ইজতেমা শুরু','১৩-জানুয়ারি-থেকে-বিশ্ব-ইজতেমা-শুরু','<p style=\"text-align:justify\">আগামী ১৩ জানুয়ারি থেকে টঙ্গীর তুরাগপাড়ে বিশ্ব ইজতেমা শুরু হবে। প্রথম দফায় ১৩ থেকে ১৫ জানুয়ারি আর দ্বিতীয় দফায় ২০ থেকে ২২ জানুয়ারি ইজতেমা হবে।</p>\r\n\r\n<p>&nbsp;</p>\r\n\r\n<p style=\"text-align:justify\">বৃহস্পতিবার আসন্ন বিশ্ব ইজতেমা নিয়ে স্বরাষ্ট্র মন্ত্রণালয়ে আয়োজিত এক সভায় স্বরাষ্ট্রমন্ত্রী আসাদুজ্জামান খান কামাল এ তথ্য জানান।</p>\r\n\r\n<p>&nbsp;</p>\r\n\r\n<p style=\"text-align:justify\">স্বরাষ্ট্রমন্ত্রী বলেন, ইজতেমা সুষ্ঠুভাবে সম্পন্ন করার লক্ষ্যে বিভাগীয় কমিশনারের নেতৃত্বে একটি কমিটি গঠন করে দেয়া হয়েছে। পুলিশের নেতৃত্বে নিয়ন্ত্রণ কক্ষও থাকবে। সেখানে সব আইনশৃঙ্খলা বাহিনী অন্তর্ভুক্ত থাকবে।</p>\r\n','',1,2,'2016-11-03 23:05:08',1,'0000-00-00 00:00:00',0,'0000-00-00 00:00:00','0000-00-00 00:00:00',0,'','',0,1,'1478192708_image-4599.jpg',0),(22,'চলতি মাসেই চাটগাঁবাসী পাবে ১৪ কোটি লিটার পানি','চলতি-মাসেই-চাটগাঁবাসী-পাবে-১৪-কোটি-লিটার-পানি','<p style=\"text-align:justify\"><span style=\"font-size:16px\">বন্দরনগরী চট্টগ্রামে কর্ণফুলী পানি সরবরাহ প্রকল্পের কাজ ইতিমধ্য শেষ হয়েছে। এই প্রকল্প থেকে চলতি নভেম্বর মাসেই দৈনিক ১৪ কোটি লিটার পানি পাবে নগরবাসী। এখন উৎপাদিত পানির &lsquo;টেস্টিং&rsquo; চলছে। এটা হচ্ছে চট্টগ্রাম ওয়াসারতিন মেগা প্রকল্পের একটি। বাকি দুই মেগা প্রকল্প &lsquo;চিটাগাং ওয়াটার সাপ্লাই ইমপ্রুভমেন্ট অ্যান্ড স্যানিটেশন প্রকল্পের অধীনে রাঙ্গুনিয়ায় মদুনাঘাট ও কর্ণফুলী পানি সরবরাহ প্রকল্পের দ্বিতীয় পর্যায়ের কাজ চলছে।</span></p>\r\n\r\n<p>&nbsp;</p>\r\n\r\n<p style=\"text-align:justify\"><span style=\"font-size:16px\">জানা গেছে, কর্ণফুলী পানি সরবরাহ প্রকল্প-১ এর টেস্টিংকৃত পানি গত অক্টোবরেই বায়েজিদ রিজার্ভার পর্যন্ত এসেছে। এর আগের দিন মদুনাঘাট পর্যন্ত এসেছিল। নভেম্বরে প্রধানমন্ত্রী এই প্রকল্প উদ্বোধন করবেন। প্রশাসন সূত্রে জানা গেছে, ২৫ নভেম্বর প্রধানমন্ত্রী এই প্রকল্প উদ্বোধন করতে পারেন। এরপর পানি সরবরাহ করা হবে। চট্টগ্রাম ওয়াসার সচিব মো. শামসুদ্দোহা বলেন, &lsquo;কর্ণফুলী পানি সরবরাহ প্রকল্প থেকে দৈনিক ১৪ কোটি লিটার পানি পাওয়ার আশা করছি আমরা। তখন নগরীর পানির সংকট অনেকটা লাঘব হবে।&rsquo;</span></p>\r\n\r\n<p>&nbsp;</p>\r\n\r\n<p>&nbsp;</p>\r\n\r\n<p style=\"text-align:justify\"><span style=\"font-size:16px\">তিনি আরও বলেন, মদুনাঘাট পানি প্রকল্পটি থেকে ২০১৮ সাল নাগাদ দৈনিক আরো ৯ কোটি লিটার পানি পাওয়া যাবে। তখন পানির সংকট আরো কমে যাবে। যে সব এলাকায় পাইপ লাইন আছে- কিন্তু পানি পাওয়া যায় না-সে সব এলাকায়ও তখন পানি পাওয়া যাবে। এরপর কর্ণফুলী পানি সরবরাহ প্রকল্প-২&rsquo;এর কাজ শেষ হবে ২০২২ সালে। এই প্রকল্প থেকেও দৈনিক ১৪ কোটি লিটার পানি পাওয়া যাবে।</span></p>\r\n\r\n<p>&nbsp;</p>\r\n\r\n<p style=\"text-align:justify\"><span style=\"font-size:16px\">সূত্র মতে, চট্টগ্রাম ওয়াসার দ্বিতীয় মেগা প্রকল্প &lsquo;কর্ণফুলী পানি সরবরাহ প্রকল্প-২&rsquo;। এই প্রকল্পের কাজও শুরু হয়েছে। প্রকল্পে ব্যয় হবে চার হাজার ৪৯০ কোটি টাকা। জাইকার অর্থায়নে প্রকল্পটি বাস্তবায়িত হচ্ছে।</span></p>\r\n\r\n<p>&nbsp;</p>\r\n\r\n<p style=\"text-align:justify\"><span style=\"font-size:16px\">এই ব্যাপারে চট্টগ্রাম ওয়াসার সচিব মো. শামসুদোহা জানান, কর্ণফুলী পানি সরবরাহ প্রকল্প ফেজ-২ মোট ৫টি প্যাকেজে বাস্তবায়ন হচ্ছে। ঠিকাদারের সাথে চুক্তির পর এখন কাজ শুরু হয়েছে। এ পর্যন্ত ১৬ শতাংশ কাজ হয়েছে। প্রকল্পের অধীনে রাঙ্গুনিয়া থেকে ট্রিটমেন্ট প্ল্যান্টের মাধ্যমে পাইপ লাইন দিয়ে নগরীর নাসিরাবাদ এবং হালিশহর বি ব্লকে রিজার্ভারে পানি মজুদ করা হবে। তারপর সেখান থেকে পাইপ লাইনের মাধ্যমে নগরীতে সরবরাহ করা হবে। এই প্রকল্পের ট্রিটমেন্ট প্ল্যান্ট হচ্ছে রাঙ্গুনিয়ায় আগের প্রকল্পের কাছে। প্রকল্পের কাজ শেষ হবে ২০২২ সালে।</span></p>\r\n\r\n<p>&nbsp;</p>\r\n\r\n<p style=\"text-align:justify\"><span style=\"font-size:16px\">চট্টগ্রাম ওয়াসার তৃতীয় মেগা প্রকল্প হলো &lsquo;চিটাগাং ওয়াটার সাপ্লাই ইমপ্রুভমেন্ট অ্যান্ড স্যানিটেশন প্রকল্পটি&rsquo;। এই প্রকল্পের মাধ্যমে মদুনাঘাট থেকে পানি পরিশোধন করে দৈনিক নয় কোটি লিটার পানি নগরীতে সরবরাহ করা হবে। এই প্রকল্পের কাজ অনেক দূর এগিয়েছে। ২০১৮ সালের শেষের দিকে প্রকল্পের কাজ শেষ হবে। মোট এক হাজার ৭৮ কোটি টাকার এই প্রকল্পের মধ্যে বিশ্বব্যাংক দিচ্ছে ৯৭২ কোটি টাকা। বাংলাদেশ সরকার দিচ্ছে ৮৪ কোটি টাকা এবং চট্টগ্রাম ওয়াসা দিচ্ছে ২১ কোটি টাকা।</span></p>\r\n','',1,2,'2016-11-03 23:06:01',1,'0000-00-00 00:00:00',0,'0000-00-00 00:00:00','0000-00-00 00:00:00',0,'','',0,1,'1478192761_image-4563.jpg',0),(23,'আজ থেকে বাজারে মিলবে অমৃত স্বাদের ইলিশ','আজ-থেকে-বাজারে-মিলবে-অমৃত-স্বাদের-ইলিশ','<p style=\"text-align:justify\"><span style=\"font-size:16px\">২২ দিনের নিষেধাজ্ঞা শেষে বুধবার থেকে ইলিশ ধরতে উপকূলীয় এলাকাসহ নদ-নদীতে নেমে পড়েছেন জেলেরা। ইলিশের আড়তগুলো আবার সরগরম হয়ে উঠেছে। আজ বৃহস্পতিবার থেকে আবারো বাজারে মিলবে অমৃত স্বাদের ইলিশ। গত মাসের ১২ তারিখ থেকে চলতি মাসের ২ তারিখ পর্যন্ত সাগরে ইলিশ ধরার ওপর নিষেধাজ্ঞা ছিল।</span></p>\r\n\r\n<p>&nbsp;</p>\r\n\r\n<p style=\"text-align:justify\"><span style=\"font-size:16px\">এবারের মৌসুমে রুপালী ইলিশের প্রাচুর্য অভাবনীয়। ইলিশ আহরণের জন্য সারাদেশের জেলেরা চূড়ান্ত প্রস্তুতি নিয়ে বাণিজ্যিক ট্রলার, যান্ত্রিক-অযান্ত্রিক নৌ-যান নিয়ে বঙ্গোপসাগর, উপকূলীয় এলাকাসহ দেশের নদ-নদীতে নামার প্রস্তুতি নিয়ে রেখেছিলেন। কেউ পুরনো ট্রলার নতুন সাজে সজ্জিত করেছেন, কেউ নতুন করে ট্রলার তৈরি করেছেন, আবার অনেকে পুরনো ছেঁড়া জাল মেরামত করেছেন। তাদের যেন তর সইছিলো না। কবে পেরুবে ২ নভেম্বর। গত মধ্যরাতেই তারা নেমে পড়েন ইলিশ ধরায়।</span></p>\r\n\r\n<p>&nbsp;</p>\r\n\r\n<p style=\"text-align:justify\"><span style=\"font-size:16px\">এ বিষয়ে মৎস্য অধিদপ্তরের ইলিশের প্রকল্প পরিচালক এবিএম জাহিদ হাবিব বলেন, আশ্বিন মাসের চাঁদের ওপর নির্ভর করে প্রজনন মৌসুম। আশ্বিনের ভরা পূর্ণিমার আগে-পরের দিনগুলো ইলিশের ডিম ছাড়ার উপযুক্ত সময়। এ কারণে এবার কিছুটা সময় পিছিয়েছে। তাছাড়া নিষেধাজ্ঞার আগে ডিমসহ ধরা পড়লেও তখন অপরিপক্ব ছিল।</span></p>\r\n','',1,2,'2016-11-03 23:07:35',1,'0000-00-00 00:00:00',0,'0000-00-00 00:00:00','0000-00-00 00:00:00',0,'','',0,1,'1478192855_image-4551.jpg',0),(24,'চট্টগ্রাম বোর্ডে জেএসসি পরীক্ষায় ইংরেজি ১ম পত্রে অনুপস্থিত ৩২১৫','চট্টগ্রাম-বোর্ডে-জেএসসি-পরীক্ষায়-ইংরেজি-১ম-পত্রে-অনুপস্থিত-৩২১৫','<p style=\"text-align:justify\"><span style=\"font-size:16px\">চট্টগ্রাম শিক্ষাবোর্ডের অধীনে জুনিয়র স্কুল সার্টিফিকেটের (জেএসসি) ইংরেজি ১মপত্র পরীক্ষায় ৩ হাজার ২১৫ জন শিক্ষার্থী অনুপস্থিত ছিল। বৃহস্পতিবার সকাল ১০টা থেকে দুপুর একটা পর্যন্ত ইংরেজি ১ম প্রত্রের পরীক্ষা অনুষ্ঠিত হলেও এদিন কোন কেন্দ্রে বহিষ্কারের ঘটনা ঘটেনি।</span></p>\r\n\r\n<p>&nbsp;</p>\r\n\r\n<p style=\"text-align:justify\"><span style=\"font-size:16px\">বিকেলে চট্টগ্রাম শিক্ষাবোর্ডের পরীক্ষা নিয়ন্ত্রক মো. মাহবুব হাসান এ তথ্য নিশ্চিত করেছেন।</span></p>\r\n\r\n<p>&nbsp;</p>\r\n\r\n<p style=\"text-align:justify\"><span style=\"font-size:16px\">তিনি জানান, চট্টগ্রাম মহানগরীর ৩৯টিসহ চট্টগ্রাম জেলায় ১২৩টি, কক্সবাজারে ৩১টি, রাঙ্গামাটিতে ২২টি, খাগড়াছড়িতে ২২টি, বান্দরবানের ১৩টি কেন্দ্রে জেএসসি পরীক্ষা অনুষ্ঠিত হয়েছে। এতে পরীক্ষার্থীর সংখ্যা ছিলো ১ লাখ ৮১ হাজার ৬৫২ জন। তার মধ্যে ইংরেজি ১মপত্র পরীক্ষায় ১ লাখ ৭৬ হাজার ৮৫৫ জন পরীক্ষার্থী উপস্থিত থাকার কথা থাকলেও উপস্থিত ছিল ১ লাখ ৭৩ হাজার ৬৪০ জন।</span></p>\r\n','',1,15,'2016-11-03 23:10:15',1,'0000-00-00 00:00:00',0,'0000-00-00 00:00:00','0000-00-00 00:00:00',0,'','',0,1,'1478193015_image-4636.jpg',0),(25,'রুনা লায়লাকে সম্মাননা দিচ্ছে সিটি ব্যাংক','রুনা-লায়লাকে-সম্মাননা-দিচ্ছে-সিটি-ব্যাংক','<p style=\"text-align:justify\"><span style=\"font-size:16px\">বাংলাদেশের গৌরব ও উপমহাদেশের বরেণ্য সঙ্গীত শিল্পী রুনা লায়লার সঙ্গীত জীবনের ৫০ বছর পূর্তি ও সঙ্গীতে অসামান্য অবদানের স্বীকৃতিস্বরূপ সিটি ব্যাংক এন. এ. এই গুণী শিল্পীকে সম্মাননা প্রদান করবে।</span></p>\r\n\r\n<p style=\"text-align:justify\"><span style=\"font-size:16px\">বিগত বছরগুলোর মতো এবছরও ব্যাংক তাদের বার্ষিক অনুষ্ঠান &lsquo;গানে গানে গুণীজন সংবর্ধনা&rsquo; অনুষ্ঠানে সম্মাননা জানাবে। আগামী ৫ নভেম্বর ১২তম এ অনুষ্ঠানটি হবে রেডিসন ব্লু ওয়াটার গার্ডেন হোটেলে।</span></p>\r\n\r\n<p style=\"text-align:justify\"><span style=\"font-size:16px\">২০০৪ সাল থেকে নিয়মিতভাবে আয়োজিত গুণীজন সংবর্ধনার এ অনুষ্ঠানে বিগত বছরগুলোতে সংবর্ধনা দেয়া বিশিষ্ট ব্যক্তিরা হলেন, প্রয়াত নিলুফার ইয়াসমিন, ফরিদা পারভীন, ফিরোজা বেগম, সানজিদা খাতুন, প্রয়াত সোহরাব হোসেন, ফেরদৌসী রহমান, সাবিনা ইয়াসমিন, রেজওয়ানা চৌধুরী বন্যা, সুবীর নন্দী, শাহ্নাজ রহমতউল্লাহ, সৈয়দ আব্দুল হাদী ও মিতালী মুখার্জী।</span></p>\r\n','',1,8,'2016-11-03 23:11:29',1,'0000-00-00 00:00:00',0,'0000-00-00 00:00:00','0000-00-00 00:00:00',0,'','',0,0,'1478193089_image-4669.jpg',0),(26,'শুক্রবার মাঠে গড়াচ্ছে বিপিএলের চতুর্থ আসর','শুক্রবার-মাঠে-গড়াচ্ছে-বিপিএলের-চতুর্থ-আসর','<p style=\"text-align:justify\"><span style=\"font-size:16px\">ঘরোয়া ক্রিকেটের জনপ্রিয় আসর বাংলাদেশ প্রিমিয়ার লিগের (বিপিএল) চতুর্থ আসর শুরু হচ্ছে আগামীকাল শুক্রবার। সময় স্বল্পতার কারণে এবারে বিপিএলের উদ্বোধনী অনুষ্ঠানে থাকাছে না কোনো আয়োজন।</span></p>\r\n\r\n<p>&nbsp;</p>\r\n\r\n<p style=\"text-align:justify\"><span style=\"font-size:16px\">টি-টোয়েন্টি ক্রিকেটের মারমার-কাটকাট এই টুর্নামেন্টে শুক্রবার দুপুর আড়াইটায় মিরপুর শেরে বাংলা জাতীয় স্টেডিয়ামে উদ্বোধনী ম্যাচে মুখোমুখি হচ্ছে রাজশাহী কিংস ও গত আসরের চ্যাম্পিয়ন মাশরাফির কুমিল্লা ভিক্টোরিয়ান্স।এরপর একই দিন রাত সোয়া ৭টায় শহীদ আফ্রিদির রংপুর রাইডার্স খেলবে মাহমুদুল্লাহর খুলনা টাইটান্সের বিপক্ষে।</span></p>\r\n\r\n<p>&nbsp;</p>\r\n\r\n<p style=\"text-align:justify\"><span style=\"font-size:16px\">গেলবার নেতৃত্ব গুনেই কুমিল্লাকে শিরোপা জিতিয়েছিলেন জাতীয় দলের অধিনায়ক মাশরাফি। এবার তিনি ইনজুরি মুক্ত। আর বিপিএলের শুরুতেই বাংলাদেশের ইতিহাসের সেরা পেস বোলারের খেলা দেখা দর্শকের জন্য দারুণ ব্যাপার। তার চ্যাম্পিয়ন দল এবার শক্তি বাড়িয়েছে আরো। ইমরুল কায়েস, লিটন কুমার দাস, আশার জাইদি ও নুয়ান কুলাসেকারা আছেন। নতুন যোগ দিয়েছেন পাকিস্তানের ইমাদ ওয়াসিম, সোহেল তানভির, আফগানিস্তানের রশিদ খান, দেশের মোহাম্মদ সাইফুদ্দিন ও নাবিল সামাদ।<br />\r\nইংল্যান্ডের বিপক্ষে মেহেদির টেস্ট জেতানো বীরত্ব তাকে বোলার হিসেবে প্রতিষ্ঠিত করে দিয়েছে। কিন্তু তার প্রতিভা ব্যাটিংয়েও কম না। রাজশাহী সেটাও চাইবে। সাব্বির রহমান এই দলের বড় তারকা। মুমিনুল হক, ফরহাদ রেজা, রনি তালুকদাররা আছেন। বিদেশির তালিকায় ওয়েস্ট ইন্ডিজকে দুটি টি-টোয়েন্টি বিশ্বকাপ জেতানো অভিজ্ঞ ড্যারেন স্যামি, পাকিস্তানের মোহাম্মদ সামি, শ্রীলঙ্কার উপুল থারাঙ্গা, মিলিন্দা সিরিওয়ার্দানেরা আছেন।</span></p>\r\n\r\n<p>&nbsp;</p>\r\n\r\n<p style=\"text-align:justify\"><span style=\"font-size:16px\">টাইটান্স নাম নিয়ে বিপিএলে ফেরা খুলনার কাণ্ডারী আসলে মাহমুদুল্লাহ। গেলবার বরিশাল বুলসকে ফাইনালে নিয়েছিলেন। এবার লড়বেন মোশাররফ হোসেন, শুভাগত হোম, শফিউল ইসলাম, আব্দুল মজিদ, আব্দুল হালিমের মতো দেশির সাথে কেভন কুপার, লেন্ডল সিমন্স, আন্দ্রে ফ্লেচার, মোহাম্মদ আসগর, জুনাইদ খানদের নিয়ে।</span></p>\r\n\r\n<p>&nbsp;</p>\r\n\r\n<p style=\"text-align:justify\"><span style=\"font-size:16px\">মাহমুদুল্লাহর প্রথম প্রতিপক্ষ রংপুরের সাথে অভিজ্ঞ আফ্রিদি। তার দলে আছেন বাংলাদেশের রুবেল হোসেন, সৌম্য সরকার, সোহাগ গাজী, ইলিয়াস সানি, জিয়াউর রহমানদের মতো তারকা। তবে চমক দেখাতে পারেন আফগানিস্তানের বিগ হিটার মোহাম্মদ শাহজাদ। এই দলে আরো আছেন দাসুন শানাকা, নাসির জামসেদ, গার্ডন পোপ, লিয়াম ডসনের মতো খেলোয়াড়।</span></p>\r\n','',1,20,'2016-11-03 23:13:05',1,'0000-00-00 00:00:00',0,'0000-00-00 00:00:00','0000-00-00 00:00:00',0,'','',0,0,'1478193185_image-4615.jpg',1),(27,'বার্সা ছাড়ছেন না সুয়ারেজ: বার্সা প্রেসিডেন্ট','বার্সা-ছাড়ছেন-না-সুয়ারেজ:-বার্সা-প্রেসিডেন্ট','<p style=\"text-align:justify\"><span style=\"font-size:16px\">সম্প্রতি ম্যানচেস্টার ইউনাইটেডে লুইস সুয়ারেজকে নেয়ার আগ্রহ প্রকাশের পর বার্সেলোনা প্রেসিডেন্ট জোসেফ বার্তামেউ স্পষ্ঠভাবে জানিয়ে দিয়েছেন তারকা এই স্ট্রাইকার ক্যাম্প ন্যু ছেড়ে কোথাও যাচ্ছেন না।</span></p>\r\n\r\n<p>&nbsp;</p>\r\n\r\n<p style=\"text-align:justify\"><span style=\"font-size:16px\">উরুগুয়ের এই তারকাকে দলে নিতে হোসে মরিনহো ১৫০ মিলিয়ন ইউরো পর্যন্ত ব্যয় করতে রাজি ম্যানইউ, লা লিগায় গত মৌসুমে সর্বোচ্চ গোলদাতার পুরস্কার পাওয়া সুয়ারেজকে নিয়ে একটু বাড়তি আগ্রহই যেন দেখাচ্ছে ইংলিশ জায়ান্ট ক্লাবটি। কিন্তু বার্তামেউ পুরো বিষয়টিতে অস্বীকৃতি জানিয়ে বলেছেন, আমরা বিষয়টি জেনেছি। দেখা যাক কি হয়, তবে বিশেষ করে এই একটি বিষয়ে আমি স্পষ্টভাবে জানাতে চাই লুইস সুয়ারেজ বার্সেলোনায় থাকতে পেরে দারুণ খুশি।</span></p>\r\n\r\n<p>&nbsp;</p>\r\n\r\n<p style=\"text-align:justify\"><span style=\"font-size:16px\">তিনি বলেন, আমরা চেষ্টা করছি সুয়ারেজের সাথে চুক্তি নবায়নের। যেহেতু সে এখনো তরুণ সে কারণেই ভবিষ্যতের কথা চিন্তা করেই আমরা পরিকল্পনা করছি।</span></p>\r\n\r\n<p>&nbsp;</p>\r\n\r\n<p style=\"text-align:justify\"><span style=\"font-size:16px\">২০১৪ সালে লিভারপুল থেকে বার্সেলোনায় যোগ দেয়া সুয়ারেজ এ পর্যন্ত কাতালানদের হয়ে সব ধরনের প্রতিযোগিতায় ১১১টি ম্যাচে ৯৪ গোল করেছেন।</span></p>\r\n','',1,20,'2016-11-03 23:13:59',1,'0000-00-00 00:00:00',0,'0000-00-00 00:00:00','0000-00-00 00:00:00',0,'','',0,0,'1478193239_image-4607.jpg',0),(28,'শেষ হল গাজী টায়ারস ক্রিকেটারস হান্ট','শেষ-হল-গাজী-টায়ারস-ক্রিকেটারস-হান্ট','<p style=\"text-align:justify\"><span style=\"font-size:16px\">পরবর্তী প্রজন্মের ক্রিকেটিং সুপারস্টার খোঁজার জন্য দেশব্যাপী প্রতিযোগিতা গাজী টায়ারস ক্রিকেটারস হান্টের সমাপ্তি হয় নভেম্বর, গ্র্যান্ড ফিনালের মাধ্যমে।</span></p>\r\n\r\n<p>&nbsp;</p>\r\n\r\n<p style=\"text-align:justify\"><span style=\"font-size:16px\">রাজধানীর ইন্টারন্যাশনাল কনভেনশন সিটিতে অনুষ্ঠিত এই বর্ণাঢ্য অনুষ্ঠানে প্রধান অতিথি ছিলেন সংসদ সদস্য ও বাংলাদেশ ক্রিকেট বোর্ডের প্রেসিডেন্ট নাজমুল হাসান পাপন এবং বিশেষ অতিথি ছিলেন সংসদ সদস্য ও গাজী গ্রুপের চেয়ারম্যান গোলাম দস্তগীর গাজী বীর প্রতীক। উপস্থিত ছিলেন গাজী গ্রুপের ডেপুটি ম্যানেজিং ডিরেক্টর গাজী গোলাম মর্তুজা ও গাজী গোলাম আশরিয়া, কোম্পানির উচ্চপদস্থ কর্মকর্তাবৃন্দ বাংলাদেশ ক্রিকেট বোর্ডের ডিরেক্টরবৃন্দ, বাংলাদেশ জাতীয় ক্রিকেট দলের খেলোয়াড় ও গণ্যমান্য ব্যক্তিবর্গ।</span></p>\r\n\r\n<p>&nbsp;</p>\r\n\r\n<p style=\"text-align:justify\"><span style=\"font-size:16px\">বাংলাদেশের তরুণ প্রতিভা খুঁজে বের করার জন্য গাজী টায়ারস ক্রিকেটারস হান্ট দেশব্যাপী পরিচালিত একটি উদ্যোগ। এ সব তরুণ প্রতিভা সাধারণত তাদের প্রতিভা ও দক্ষতা প্রকাশের প্ল্যাটফর্ম পায় না। এর মাধ্যমে বাংলাদেশী ক্রিকেটের আগামী প্রজন্মের তরুণ টাইগারদের নতুন উচ্চতায় নিয়ে যাওয়ার প্রচেষ্টা করা হয়েছে। প্রথম পর্যায়ে ২৫,০০০ আবেদনপত্র ও ১৫,০৩৪ অংশগ্রহণকারীর অংশগ্রহণে শেষপর্যন্ত ৬৮ জনকে নিয়ে সাভারের ক্রীড়া শিক্ষা প্রতিস্থানে বুট ক্যাম্প অনুষ্ঠিত হয়।</span></p>\r\n\r\n<p>&nbsp;</p>\r\n\r\n<p>&nbsp;</p>\r\n\r\n<p style=\"text-align:justify\"><span style=\"font-size:16px\">বাংলাদেশ জাতীয় ক্রিকেট দলের সাবেক কোচ সালাউদ্দিনের অধীনে বুট ক্যাম্পে তরুণেরা দেশকে প্রতিনিধিত্ব করা পেশাদার খেলোয়াড় হওয়ার লক্ষে মানসিক ও শারীরিক প্রশিক্ষণ নিয়েছে। সর্বশেষে বিজয়ী ২২ জনের মধ্যে সেরা ব্যাটসম্যান-হুমায়ুন, সেরা পেস বোলার রাজা, সেরা স্পিন বোলার জায়েদ, সেরা উইকেটকিপার হাসিব নির্বাচিত হন।</span></p>\r\n\r\n<p>&nbsp;</p>\r\n\r\n<p style=\"text-align:justify\"><span style=\"font-size:16px\">২২ জন বিজয়ীদের সবাই ১ বছরের &lsquo;গাজী গোলাম দস্তগীর ক্রিকেট স্কলারশিপ&rsquo;, ক্রিকেট কিট সেট, চার বছরের ক্রিকেটীয় চুক্তি এবং বিভিন্ন ক্যাটাগরিতে সেরাদের সেরা চার বিজয়ী পাচ্ছেন দেশের বাইরে অনুষ্ঠিত বাংলাদেশ জাতীয় ক্রিকেট দলের বিভিন্ন সিরিজ দেখার সুযোগ।</span></p>\r\n\r\n<p>&nbsp;</p>\r\n\r\n<p style=\"text-align:justify\"><span style=\"font-size:16px\">জমকালো এই অনুষ্ঠানে আরও ছিল ফ্যাশন শো, সঙ্গীত ও নৃত্যের মনোমুগ্ধকর আয়োজন। বর্ণিল এই আয়োজনের সবশেষে ছিল আমন্ত্রিত অতিথিদের সম্মানে নৈশ ভোজ। অনুষ্ঠানে চমক হিসেবে আরও ছিল বিস্ময় বালক হিমেলের উপস্থিতি। রংপুরের ছেলে হিমেল মাত্র চার বছর বয়সে নিখুঁত ব্যাটিং এর কারণে ইতিমধ্যে তার এলাকায় সাকিব আল হাসান নামে পরিচিতি পেয়েছে।</span></p>\r\n\r\n<p>&nbsp;</p>\r\n\r\n<p style=\"text-align:justify\"><span style=\"font-size:16px\">অনুষ্ঠানে বিসিবি প্রেসিডেন্ট জনাব নাজমুল হাসান পাপন বলেন, &lsquo;বাংলাদেশের ক্রিকেট ভবিষ্যৎ অনেক উজ্জ্বল। আমরা একটি প্রধান ক্রিকেটশক্তিতে পরিণত হয়েছি এবং এটা আমাদের কর্তব্য আগামী প্রজন্ম যেন আমাদের বর্তমান খেলোয়াড়দের গতির সাথে মানিয়ে নেয়ার জন্য ও আরও সামনে এগিয়ে যাওয়ার জন্য, যা দরকার তার সব যেন পায়- তা নিশ্চিত করা। এই ধরনের উদ্যোগ শুধু আগামী প্রজন্মের খেলোয়াড়দের খুঁজে বের করে না, আমাদের ক্রিকেটপাগল দেশের মাঝের এই খেলার আনন্দও ছড়িয়ে দেয়।&rsquo;</span></p>\r\n\r\n<p>&nbsp;</p>\r\n\r\n<p style=\"text-align:justify\"><span style=\"font-size:16px\">অন্যদিকে গাজী গ্রুপের চেয়ারম্যান গোলাম দস্তগীর গাজী বীর প্রতীক বলেন, ক্রীড়া বিকাশে গাজী গ্রুপের কার্যক্রম দীর্ঘ দিনের। আমরা এমন কিছুর সাথে থাকতে চাই, যেখানে সারা দেশের মানুষ এসে এক কাতারে দাঁড়ায়, ক্রিকেট আমাদের সেই গর্বিত অধ্যায়ের একটি বড় অংশ। ভবিষ্যতে আমরা বাংলাদেশের ক্রিকেটকে আরও উচ্চ অবস্থানে নিয়ে যাওয়ার স্বপ্ন দেখি এবং এই স্বপ্ন বাস্তবায়নে গাজী গ্রুপ সবসময় আপানদের পাশে থাকতে চায়।&rsquo;</span></p>\r\n\r\n<p>&nbsp;</p>\r\n\r\n<p style=\"text-align:justify\"><span style=\"font-size:16px\">গাজী গ্রুপের ডেপুটি ম্যানেজিং ডিরেক্টর গাজী গোলাম মর্তুজা বলেন, &lsquo;আজ দেশের ক্রিকেট ব্রডকাস্ট মানেই জিটিভি। আমরা দর্শকদের কাছ থেকে জানতে পেরেছি যে টেলিভিশনে তারা ক্রিকেট খেলা দেখতে চান। সেই বিজয়ের ধারাবাহিকতা ধরে রাখতে বিসিবির ট্যালেন্ট হান্ট ও প্লেয়ার ডেভেলপমেন্ট এর পাশাপাশি গাজী গ্রুপ ক্রিকেটারস থেকে আমরা ক্রিকেটার হান্টের সাথে আমরা আছি। আপনাদের সহযোগিতা পেলে ভবিষ্যতও জিটিভি ক্রিকেটসহ অন্য সব খেলাকে জনগণের দোরগোড়ায় পৌঁছে দিতে অঙ্গীকারাবদ্ধ।&rsquo;</span></p>\r\n\r\n<p>&nbsp;</p>\r\n\r\n<p style=\"text-align:justify\"><span style=\"font-size:16px\">গাজী গ্রুপের ডেপুটি ম্যানেজিং ডিরেক্টর গাজী গোলাম আশরিয়া বলেন, &lsquo;আমরা বাংলাদেশ ক্রিকেট অনুরাগী মানুষ ও ক্রিকেটের উন্নতি কামনা করি। আমরা দেশের ক্রিকেট উন্নয়নের লক্ষে দেশের আনাচেকানাচে থেকে সংগ্রামী ক্রিকেটার খুঁজে বের করার প্রয়াস চালিয়ে যাব। আমরা ক্রিকেটের সাথে ছিলাম আছি এবং থাকব।&rsquo;</span></p>\r\n','',1,20,'2016-11-03 23:14:58',1,'0000-00-00 00:00:00',0,'0000-00-00 00:00:00','0000-00-00 00:00:00',0,'','',0,1,'1478193298_image-4593.jpg',0),(29,'ফুডমার্টে শুরু হচ্ছে রবি ধামাকা অফার','ফুডমার্টে-শুরু-হচ্ছে-রবি-ধামাকা-অফার','<p style=\"text-align:justify\"><span style=\"font-size:16px\">গ্রাহকদের জন্য অনলাইনের মাধ্যমে খাবার অর্ডার নিয়ে পৌঁছে দেয়ার কাজ করছে স্মার্ট সেবাদানকারী প্রতিষ্ঠান ফুডমার্ট (foodmart.com.bd)।</span></p>\r\n\r\n<p>&nbsp;</p>\r\n\r\n<p style=\"text-align:justify\"><span style=\"font-size:16px\">শুক্রবার থেকে প্রতিষ্ঠানটি শুরু করছে সপ্তাহব্যাপী &lsquo;রবি ধামাকা ডিসকাউন্ট অফার&rsquo;।</span></p>\r\n\r\n<p>&nbsp;</p>\r\n\r\n<p style=\"text-align:justify\"><span style=\"font-size:16px\">এই অফারে থাকছে, রবি গ্রাহকদের খাবার অর্ডারের জন্য ১০ শতাংশ ছাড়। রাজধানীর খিলগাঁও এলাকায় রবি গ্রাহকরা এই অফারের আওতায় আসবেন।</span></p>\r\n\r\n<p>&nbsp;</p>\r\n\r\n<p style=\"text-align:justify\"><span style=\"font-size:16px\">খিলগাঁয়ের ১৫ টি রেস্টুরেন্টে এই অফার চলবে ১১ নভেম্বর পর্যন্ত।</span></p>\r\n\r\n<p>&nbsp;</p>\r\n\r\n<p style=\"text-align:justify\"><span style=\"font-size:16px\">ফুডমার্ট এ অ্যান্ড্রয়েড অ্যাপের মাধ্যমে ভোজন-রসিকরা খাবার অর্ডার দিতে পারবেন। প্লে স্টোর থেকে অ্যান্ড্রয়েড অ্যাপটি ডাউনলোড করতে পারবেন খুব সহজে। www.bit.ly/foodmartbd অ্যাপসটিকে নতুনভাবে সাজানো হয়েছে।</span></p>\r\n\r\n<p>&nbsp;</p>\r\n\r\n<p style=\"text-align:justify\"><span style=\"font-size:16px\">সেবার মান বাড়াতে ফুডমার্টের ওয়েবসাইট হালনাগাদ করা হয়েছে।</span></p>\r\n\r\n<p>&nbsp;</p>\r\n\r\n<p style=\"text-align:justify\"><span style=\"font-size:16px\">ফুডমার্টের ব্র্যান্ড অ্যান্ড কমিউনিকেশন হেড এমএস আনোয়ার বলেন, আমরা আশা করি, রবির ডিসকাউন্ট অফার গ্রাহকদের মাঝে সাড়া ফেলবে। অনলাইনে খাবারের অর্ডার দিতে মানুষ আরও বেশি আগ্রহী হবে।</span></p>\r\n','',1,7,'2016-11-03 23:16:18',1,'0000-00-00 00:00:00',0,'0000-00-00 00:00:00','0000-00-00 00:00:00',0,'','',0,0,'1478193378_image-4631.jpg',0),(30,'শর্তসাপেক্ষে খুলছে সিটিসেল','শর্তসাপেক্ষে-খুলছে-সিটিসেল','<p style=\"text-align:justify\"><span style=\"font-size:16px\">দেশের সবচেয়ে পুরনো মুঠোফোন অপারেটর সিটিসেলের তরঙ্গ বরাদ্দ অবিলম্বে চালু করতে বাংলাদেশ টেলিযোগাযোগ নিয়ন্ত্রণ কমিশনকে নির্দেশ দিয়েছেন আপিল বিভাগ। আর আগামী ১৯ নভেম্বরের মধ্যে সিটিসেলকে ১০০ কোটি টাকা জমা দিতে বলা হয়েছে। এতে তারা ব্যর্থ হলে তাদের তরঙ্গ বরাদ্দ বিচ্ছিন্ন করা যাবে।</span></p>\r\n\r\n<p>&nbsp;</p>\r\n\r\n<p style=\"text-align:justify\"><span style=\"font-size:16px\">আজ বৃহস্পতিবার প্রধান বিচারপতি সুরেন্দ্র কুমার সিনহার নেতৃত্বাধীন আপিল বিভাগের চার সদস্যের বেঞ্চ এই আদেশ দেন।</span></p>\r\n\r\n<p>&nbsp;</p>\r\n\r\n<p style=\"text-align:justify\"><span style=\"font-size:16px\">বকেয়া পরিশোধ করতে না পারায় গত ২০ অক্টোবর সিটিসেলের তরঙ্গ বরাদ্দ বাতিল ও কার্যক্রম বন্ধ করে দেয় বিটিআরসি। তরঙ্গ বরাদ্দ বাতিলের ওই সিদ্ধান্ত স্থগিত বা পুনরায় তরঙ্গ বরাদ্দের নির্দেশনা চেয়ে গত ২৪ অক্টোবর আবেদন করে সিটিসেল।</span></p>\r\n\r\n<p>&nbsp;</p>\r\n\r\n<p style=\"text-align:justify\"><span style=\"font-size:16px\">প্রায় ৫০০ কোটি টাকার বকেয়া পরিশোধ করতে না পারায় বাংলাদেশ টেলিযোগাযোগ নিয়ন্ত্রণ কমিশন (বিটিআরসি) সিটিসেলের কার্যক্রম বন্ধ করে দেয়ার সিদ্ধান্ত নেয়।</span></p>\r\n\r\n<p>&nbsp;</p>\r\n\r\n<p style=\"text-align:justify\"><span style=\"font-size:16px\">সূত্র মতে, সিটিসেলের কাছে বিটিআরসির বকেয়ার পরিমাণ দাঁড়িয়েছে ৪৭৭ কোটি ৫১ লাখ টাকা। এর মধ্যে টুজি লাইসেন্সের তরঙ্গ বরাদ্দ ও নবায়ন ফি বাবদ পাওনার পরিমাণ ২২৯ কোটি টাকা। এ ছাড়া রাজস্ব ভাগাভাগি বাবদ ২৭ কোটি ৪৪ লাখ টাকা, বার্ষিক তরঙ্গ ফি বাবদ ২৭ কোটি ১৪ লাখ টাকা, সামাজিক সুরক্ষা তহবিলের ৮ কোটি ৯২ লাখ টাকা, বার্ষিক লাইসেন্স ফি বাবদ ১০ কোটি টাকা, মূল্য সংযোজন কর (মূসক) বাবদ ৩৯ কোটি ৯২ লাখ টাকা ও বিলম্ব ফি বাবদ ১৩৫ কোটি ৭ লাখ টাকা বকেয়া রয়েছে।</span></p>\r\n\r\n<p>&nbsp;</p>\r\n\r\n<p style=\"text-align:justify\"><span style=\"font-size:16px\">এর আগে গ্রাহকসহ সিটিসেল&ndash;সংশ্লিষ্ট ব্যক্তিদের উদ্দেশে বিটিআরসির এক বিজ্ঞপ্তিতে বলা হয়, আগামী ১৬ আগস্টের মধ্যে বিকল্প ব্যবস্থা বা সেবা নেয়ার জন্য সময় দেয়া হলো। সিটিসেলের টেলিযোগাযোগ সেবা বন্ধ হয়ে যাওয়ার কারণে গ্রাহকদের অসুবিধার জন্য বিটিআরসির পক্ষ থেকে দুঃখ প্রকাশ করা হয় বিজ্ঞপ্তিতে।</span></p>\r\n\r\n<p>&nbsp;</p>\r\n\r\n<p style=\"text-align:justify\"><span style=\"font-size:16px\">১৯৮৯ সালে বাংলাদেশের প্রথম মুঠোফোন অপারেটর হিসেবে টেলিযোগাযোগ সেবার লাইসেন্স পায় সিটিসেল। তবে প্রতিষ্ঠানটি সেবা দিতে শুরু করে ১৯৯৩ সাল থেকে। যাত্রার সময় এটি ছিল দক্ষিণ এশিয়ার প্রথম মুঠোফোন অপারেটর। প্রথম থেকেই সিটিসেল বাংলাদেশের একমাত্র সিডিএমএ (কোড ডিভিশন মাল্টিপল অ্যাকসেস) মোবাইল অপারেটর হিসেবে সেবা দিয়ে যাচ্ছে।</span></p>\r\n\r\n<p>&nbsp;</p>\r\n\r\n<p style=\"text-align:justify\"><span style=\"font-size:16px\">সিটিসেলে বর্তমানে ৫৫ ভাগ শেয়ারের মালিক দেশীয় শিল্পগোষ্ঠী প্যাসিফিক মোটরস ও ফার ইস্ট টেলিকম। এর মধ্যে প্যাসিফিক মোটরসের শেয়ারের পরিমাণ ৩৭ দশমিক ৯৫ শতাংশ আর ফার ইস্ট টেলিকমের ১৭ দশমিক ৫১ শতাংশ। বাকি ৪৪ দশমিক ৫৪ শতাংশ শেয়ারের মালিক সিঙ্গাপুরভিত্তিক টেলিযোগাযোগ সেবাদাতা প্রতিষ্ঠান সিংটেল। প্যাসিফিক মোটরস ও ফার ইস্ট টেলিকমের কর্ণধার সাবেক পররাষ্ট্রমন্ত্রী ও বিএনপি নেতা মোর্শেদ খান।</span></p>\r\n','',1,7,'2016-11-03 23:16:59',1,'0000-00-00 00:00:00',0,'0000-00-00 00:00:00','0000-00-00 00:00:00',0,'','',0,1,'1478193419_image-4575.jpg',0),(31,'নিজামের এমপি পদ : শুনানি ১৪ নভেম্বর','নিজামের-এমপি-পদ-:-শুনানি-১৪-নভেম্বর','<p style=\"text-align:justify\"><span style=\"font-size:16px\">নিজাম উদ্দিন হাজারী ফেনী-২ আসনের সংসদ সদস্য পদে থাকার বৈধতা প্রশ্নে জারি করা রুলের পরবর্তী শুনানি ১৪ নভেম্বর ধার্য করেছেন হাইকোর্ট।</span></p>\r\n\r\n<p>&nbsp;</p>\r\n\r\n<p style=\"text-align:justify\"><span style=\"font-size:16px\">বৃহস্পতিবার বিকেলে বিচারপতি মো. এমদাদুল হক ও বিচারপতি এফ আর এম নাজমুল আহসানের বেঞ্চ পরবর্তী শুনানির জন্য দিন ধার্য করেন।</span></p>\r\n\r\n<p>&nbsp;</p>\r\n\r\n<p style=\"text-align:justify\"><span style=\"font-size:16px\">কারাগারে থাকা অবস্থায় নিজাম হাজারীর রক্তদান ও তার কারাবাসের রেয়াত পাওয়ার বিষয়গুলো আদালতে উপস্থাপন করা হয়। প্রতিবেদন উপস্থাপন করেন সহকারী অ্যাটর্নি জেনারেল আমিনুর রাহমান চৌধুরি টিকু।</span></p>\r\n\r\n<p>&nbsp;</p>\r\n\r\n<p style=\"text-align:justify\"><span style=\"font-size:16px\">হাজারীর পক্ষে ব্যারিস্টার শফিক আহমেদ ও নুরুল ইসলাম সুজন এবং রিটকারীর পক্ষে অ্যাডভোকেট কামরুল হক সিদ্দিকী শুনানি করেন।</span></p>\r\n\r\n<p>&nbsp;</p>\r\n\r\n<p style=\"text-align:justify\"><span style=\"font-size:16px\">এর আগে গত ৩১ আগস্ট নিজাম হাজারীর সংসদ সদস্য পদের বৈধতা প্রশ্নে রুলের রায় ঘোষণা পিছিয়ে নিজাম হাজারী কারাবাসকালে কত ব্যাগ রক্ত দিয়েছেন, এতে কতদিন কারাবাস রেয়াত পাওয়ার অধিকারী হয়েছেন, তা প্রতিবেদন আকারে দিতে কারা কর্তৃপক্ষকে জানাতে নির্দেশ দেন হাইকোর্ট।</span></p>\r\n\r\n<p>&nbsp;</p>\r\n\r\n<p style=\"text-align:justify\"><span style=\"font-size:16px\">প্রসঙ্গত, &lsquo;সাজা কম খেটেই বেরিয়ে যান সাংসদ&rsquo; শিরোনামে ২০১৪ সালের ১০ মে একটি জাতীয় দৈনিক প্রতিবেদন প্রকাশ করে। এই প্রতিবেদন যুক্ত করে নিজাম হাজারীর সংসদ সদস্য পদে থাকার বৈধতা চ্যালেঞ্জ করে হাইকোর্টে রিট আবেদন করেন ফেনী জেলা যুবলীগের সাবেক যুগ্ম আহ্বায়ক সাখাওয়াত হোসেন ভূঁইয়া।</span></p>\r\n\r\n<p>&nbsp;</p>\r\n\r\n<p style=\"text-align:justify\"><span style=\"font-size:16px\">রিট আবেদনের ওপর প্রাথমিক শুনানি নিয়ে ২০১৪ সালের ৮ জুন হাইকোর্ট রুল দেন। কোন কর্তৃত্ববলে তিনি সংসদ সদস্য পদে দায়িত্ব পালন করছেন রুলে তা জানতে চাওয়া হয়। এরপর হাইকোর্টের দুটি বেঞ্চ এই রুল শুনানিতে বিব্রতবোধ করেন। তারপর বিচারপতি মো. এমদাদুল হকের নেতৃত্বাধীন বেঞ্চে রিটটি শুনানির জন্য পাঠান প্রধান বিচারপতি। এই বেঞ্চে গত ১৯ জানুয়ারি রুল শুনানি শুরু হয়।</span></p>\r\n','',1,21,'2016-11-03 23:18:36',1,'0000-00-00 00:00:00',0,'0000-00-00 00:00:00','0000-00-00 00:00:00',0,'','',0,0,'1478193516_image-4648.jpg',0),(32,'শেরপুরে হত্যা মামলায় ২ ভাইয়ের যাবজ্জীবন','শেরপুরে-হত্যা-মামলায়-২-ভাইয়ের-যাবজ্জীবন','<p style=\"text-align:justify\"><span style=\"font-size:16px\">শেরপুরে চাঞ্চল্যকর হাবিবুর রহমান মাস্টার হত্যা মামলায় এরশাদ আলী (৫৫) ও আনসার আলী (৫০) নামে ২ সহোদরকে যাবজ্জীবন সশ্রম কারাদণ্ড ও ১০ হাজার টাকা জরিমানা অনাদায়ে আরও ৬ মাসের কারাদণ্ডাদেশ দিয়েছেন আদালত।</span></p>\r\n\r\n<p>&nbsp;</p>\r\n\r\n<p>&nbsp;\r\n<p style=\"text-align:justify\"><span style=\"font-size:16px\">বৃহস্পতিবার দুপুরে শেরপুরের অতিরিক্ত জেলা ও দায়রা জজ মো. মোসলেহ উদ্দিন আদালতে আসামিদের উপস্থিতিতে এ রায় ঘোষণা করেন। দণ্ডিত ২ সহোদর সদর উপজেলার সাপমারী গ্রামের সফেদ আলীর ছেলে। একইসঙ্গে অভিযোগ প্রমাণিত না হওয়ায় আদালত সাইফুল ইসলাম, শাপলা মিয়া, মোক্তার আলী, মিয়ার উদ্দিন ও ফারুক মিয়া নামে অপর ৫ জনকে খালাস দেন।</span></p>\r\n</p>\r\n\r\n<p>&nbsp;\r\n<p style=\"text-align:justify\"><span style=\"font-size:16px\">আদালত সূত্র জানায়, ২০০২ সালের ১৭ ফেব্রুয়ারি সকালে শত্রুতার জের ধরে সদর উপজেলার সাপমারী গ্রামের হাজী কাজীম উদ্দিনের ছেলে হাবিবুর রহমান মাস্টারকে বাড়ির কাছে একা পেয়ে কুপিয়ে আহত করে প্রতিপক্ষ এরশাদ আলী গং।</span></p>\r\n</p>\r\n\r\n<p>&nbsp;\r\n<p style=\"text-align:justify\"><span style=\"font-size:16px\">পরে স্থানীয়রা তাকে উদ্ধার করে জেলা সদর হাসপাতালে নিলে দায়িত্বরত চিকিৎসক তাকে মৃত ঘোষণা করেন। ওই ঘটনায় মৃত হাবিবুর রহমান মাস্টারের ভাই হরমুজ আলী মাস্টার বাদী হয়ে এরশাদ আলী ও আনসার আলীসহ ৯ জনকে আসামি করে শেরপুর সদর থানায় একটি হত্যা মামলা দায়ের করেন।</span></p>\r\n</p>\r\n\r\n<p>&nbsp;\r\n<p style=\"text-align:justify\"><span style=\"font-size:16px\">ওই মামলায় সদর থানার তৎকালীন ওসি জাহাঙ্গীর আলম তদন্ত শেষে ২০০৫ সালের ১৯ মে তোফাজ্জল হোসেন ও রূপালী বেগম নামে ২ জনকে অব্যাহতি দিয়ে অপর ৭ জনের বিরুদ্ধে আদালতে অভিযোগপত্র দাখিল করেন।</span></p>\r\n</p>\r\n\r\n<p>&nbsp;\r\n<p style=\"text-align:justify\"><span style=\"font-size:16px\">বিচারিক আদালত বাদী, চিকিৎসক ও তদন্ত কর্মকর্তাসহ ১৮ জনের সাক্ষ্যগ্রহণ এবং যুক্তিতর্ক শেষে এ রায় ঘোষণা করেন।</span></p>\r\n</p>\r\n\r\n<p>&nbsp;\r\n<p style=\"text-align:justify\"><span style=\"font-size:16px\">রাষ্ট্রপক্ষে মামলাটি পরিচালনা করেন অতিরিক্ত পাবলিক প্রসিকিউটর (পিপি) অ্যাডভোকেট ইমাম হোসেন ঠান্ডু ও আসামিপক্ষে অ্যাডভোকেট তৌহিদুর রহমান।</span></p>\r\n</p>\r\n','',1,21,'2016-11-03 23:19:34',1,'0000-00-00 00:00:00',0,'0000-00-00 00:00:00','0000-00-00 00:00:00',0,'','',0,0,'1478193574_image-4644.jpg',0),(33,'গুলশান হামলা : অস্ত্র সরবরাহকারীরা রিমান্ডে','গুলশান-হামলা-:-অস্ত্র-সরবরাহকারীরা-রিমান্ডে','<p style=\"text-align:justify\"><span style=\"font-size:16px\">রাজধানীর গুলশানে জঙ্গি হামলায় অস্ত্র সরবরাহকারী অভিযোগে গ্রেফতার জেএমবির চার সদস্যের তিন দিনের রিমান্ড মঞ্জুর করেছেন আদালত।</span></p>\r\n\r\n<p>&nbsp;</p>\r\n\r\n<p style=\"text-align:justify\"><span style=\"font-size:16px\">বৃহস্পতিবার ঢাকা মহানগর হাকিম স্নিগ্ধা রাণী চক্রবর্তী রিমান্ডের এই আদেশ দেন ।</span></p>\r\n\r\n<p>&nbsp;</p>\r\n\r\n<p style=\"text-align:justify\"><span style=\"font-size:16px\">তবে গুলশানে হামলা মামলায় তাদের রিমান্ডে নেয়া হয়নি। রাজধানীর দারুস সালাম থানার সন্ত্রাস দমন আইনে দায়ের করা মামলায় গ্রেফতার দেখিয়ে আদালতে তাদের প্রত্যেককে ১০ দিন করে রিমান্ড আবেদন করে পুলিশ। শুনানি শেষে আদালত প্রত্যেকের তিন দিনের রিমান্ড মঞ্জুর করেন।</span></p>\r\n\r\n<p>&nbsp;</p>\r\n\r\n<p style=\"text-align:justify\"><span style=\"font-size:16px\">যাদের রিমান্ডে নেয়া হয়েছে তারা হলো মো. আবু তাহের (৩৭), মিজানুর রহমান ওরফে ছোট মিজান (৩৪), মো. সেলিম মিয়া (৪৫) ও তৌফিকুল ইসলাম ওরফে ডা. তৌফিক (৩২)।</span></p>\r\n\r\n<p>&nbsp;</p>\r\n\r\n<p style=\"text-align:justify\"><span style=\"font-size:16px\">বুধবার মধ্য রাতে রাজধানীর দারুস সালাম এলাকায় অভিযান চালিয়ে তাদের গ্রেফতার করে পুলিশ।</span></p>\r\n\r\n<p>&nbsp;</p>\r\n\r\n<p style=\"text-align:justify\"><span style=\"font-size:16px\">প্রসঙ্গত, গুলশানের হলি আর্টিজান বেকারিতে জঙ্গি হামলা মামলায় নর্থ সাউথ ইউনিভার্সিটির প্রাক্তন শিক্ষক হাসনাত করিম এবং রাকিবুল হাসান রিগ্যান কারাগারে আছে। এদের মধ্যে রিগ্যান আদালতে স্বীকারোক্তিমূলক জবানবন্দি দিয়েছে।</span></p>\r\n\r\n<p>&nbsp;</p>\r\n\r\n<p style=\"text-align:justify\"><span style=\"font-size:16px\">গত ১ জুলাই গুলশানের হলি আর্টিজান বেকারিতে জঙ্গিরা হামলা চালিয়ে ১৭ বিদেশিসহ ২০ জনকে কুপিয়ে ও গুলি করে হত্যা করে। এছাড়া গ্রেনেড হামলায় ডিবি পুলিশের সহকারী কমিশনার (এসি) রবিউল ইসলাম ও বনানী থানার ওসি সালাউদ্দিন নিহত হন।</span></p>\r\n','',1,21,'2016-11-03 23:20:04',1,'0000-00-00 00:00:00',0,'0000-00-00 00:00:00','0000-00-00 00:00:00',0,'','',0,0,'1478193604_image-4641.jpg',0),(34,'ঢাকা সিটির ব্যানার-ফেস্টুন অপসারণের নির্দেশ','ঢাকা-সিটির-ব্যানার-ফেস্টুন-অপসারণের-নির্দেশ','<p style=\"text-align:justify\"><span style=\"font-size:16px\">ঢাকা উত্তর ও দক্ষিণ সিটি করপোরেশনের রাস্তা, ফুটপাত ও সড়কদ্বীপে লাগানো ব্যানার-ফেস্টুন তাৎক্ষণিক অপসারণের নির্দেশ দিয়েছেন হাইকোর্ট</span></p>\r\n\r\n<p>&nbsp;</p>\r\n\r\n<p style=\"text-align:justify\"><span style=\"font-size:16px\">এ সংক্রান্ত এক রুল নিষ্পত্তি করে হাইকোর্টের বিচারপতি মো. রেজাউল হক ও বিচারপতি মুহাম্মদ খুরশীদ আলম সরকারের সমন্বয়ে গঠিত বেঞ্চ বুধবার এ আদেশ দেন।</span></p>\r\n\r\n<p>&nbsp;</p>\r\n\r\n<p style=\"text-align:justify\"><span style=\"font-size:16px\">আদালত একইসঙ্গে সিটি করপোরেশনের অনুমতিবিহনীন বিলবোর্ড, ব্যানার, পোস্টার, ফেস্টুন, গেট, তোরণ, দেয়াল লিখন অপসারণের চলমান প্রক্রিয়া অব্যাহত রাখারও নির্দেশ দিয়েছেন।</span></p>\r\n\r\n<p>&nbsp;</p>\r\n\r\n<p style=\"text-align:justify\"><span style=\"font-size:16px\">সিটি করপোরেশনের পক্ষে শুনানি করেন অ্যাডভোকেট মো. শাহজাহান। রিটকারী সংগঠন পরিবেশ আইনবিদ সমিতির (বেলা) পক্ষে শুনানি করেন আইনজীবী মিনহাজুল ইসলাম। অপরদিকে রাষ্ট্রপক্ষে ছিলেন ডেপুটি অ্যাটর্নি জেনারেল মো. খুরশিদুল আলম।</span></p>\r\n\r\n<p>&nbsp;</p>\r\n\r\n<p style=\"text-align:justify\"><span style=\"font-size:16px\">করপোরেশনের বর্জ্য ব্যবস্থাপনা কর্মকর্তাকে এই অপসারণ কার্যক্রম বাস্তবায়নেরও নির্দেশনা দেয়া হয়েছে। সব আঞ্চলিক কর্মকর্তাকে নির্বাহী ম্যাজিস্ট্রেট হিসেবে নিয়োগ দেয়া হয়েছে।</span></p>\r\n\r\n<p>&nbsp;</p>\r\n\r\n<p style=\"text-align:justify\"><span style=\"font-size:16px\">রাজধানীতে অননুমোদিত সব পোস্টার, ব্যানার ও তোরণ ২২ আগস্টের মধ্যে অপসারণের নির্দেশ দেন হাইকোর্ট। একইসঙ্গে দেয়াল লিখনও মুছে ফেলতে বলা হয়।</span></p>\r\n\r\n<p>&nbsp;</p>\r\n\r\n<p style=\"text-align:justify\"><span style=\"font-size:16px\">বাংলাদেশ পরিবেশ আইনবিদ সমিতির (বেলা) এক আবেদনের পরিপ্রেক্ষিতে ২০১২ সালের ১৮ মার্চ হাইকোর্ট এক আদেশে অননুমোদিত সব পোস্টার, ব্যানার ও তোরণ অপসারণের নির্দেশ দেন। একই সাথে রুল জারি করেন। সেই রুল নিষ্পত্তি করে বুধবার এ আদেশ দেন হাইকোর্ট।</span></p>\r\n','',1,21,'2016-11-03 23:21:45',1,'0000-00-00 00:00:00',0,'0000-00-00 00:00:00','0000-00-00 00:00:00',0,'','',0,0,'1478193705_image-4499.jpg',0),(35,'সাংসদ বদির তিন বছরের কারাদণ্ড','সাংসদ-বদির-তিন-বছরের-কারাদণ্ড','<p style=\"text-align:justify\"><span style=\"font-size:16px\">সম্পদের তথ্য গোপনের দায়ে কক্সবাজার-৪ আসনের আওয়ামী লীগদলীয় সাংসদ আবদুর রহমান বদিকে তিন বছরের কারাদণ্ড দিয়েছেন আদালত। একই সঙ্গে তাকে ১০ লাখ টাকা জরিমানা করা হয়েছে। অনাদায়ে আরও তিন মাসের কারাদণ্ড দেয়া হয়েছে।</span></p>\r\n\r\n<p>&nbsp;</p>\r\n\r\n<p style=\"text-align:justify\"><span style=\"font-size:16px\">ঢাকার বিশেষ জজ আদালত-৩-এর বিচারক আবু আহমদ জমাদার বুধবার এই রায় ঘোষণা করেন।</span></p>\r\n\r\n<p>&nbsp;</p>\r\n\r\n<p style=\"text-align:justify\"><span style=\"font-size:16px\">এর আগে, গত মাসের ১৯ তারিখ রাষ্ট্র ও আসামিপক্ষের যুক্তি উপস্থাপন শেষে রায় ঘোষণার জন্য ২ নভেম্বর দিন ধার্য করা হয়।</span></p>\r\n\r\n<p>&nbsp;</p>\r\n\r\n<p style=\"text-align:justify\"><span style=\"font-size:16px\">২০১৪ সালের ২১ আগস্ট এমপি আবদুর রহমান বদির বিরুদ্ধে রমনা থানায় মামলাটি করেন দুর্নীতি দমন কমিশনের (দুদক) উপ-পরিচালক আবদুস সোবহান। ২০০৮ ও ২০১৩ সালে নির্বাচন কমিশনে দাখিল করা সম্পদ বিবরণীতে সম্পদের তথ্য গোপনপূর্বক মিথ্যা তথ্য প্রদান ও জ্ঞাত আয়বহির্ভূত সম্পদ অর্জনের অভিযোগে মামলাটি দায়ের করা হয়।</span></p>\r\n\r\n<p>&nbsp;</p>\r\n\r\n<p style=\"text-align:justify\"><span style=\"font-size:16px\">এরপর ২০১৫ সালের ৭ মে দুদকের উপ-পরিচালক মো. মঞ্জুর মোর্শেদ আদালতে বদির বিরুদ্ধে অভিযোগপত্র দাখিল করেন। ওই বছরের ৮ সেপ্টেম্বর ঢাকার তৃতীয় বিশেষ জজ আবু আহম্মেদ জমাদ্দার তার বিরুদ্ধে অভিযোগ গঠন করেন।</span></p>\r\n','',1,21,'2016-11-03 23:22:45',1,'0000-00-00 00:00:00',0,'0000-00-00 00:00:00','0000-00-00 00:00:00',0,'','',0,0,'1478193765_image-4412.jpg',0),(36,'মিরাজকে বাড়ি তৈরি করে দেয়ার নির্দেশ প্রধানমন্ত্রীর','মিরাজকে-বাড়ি-তৈরি-করে-দেয়ার-নির্দেশ-প্রধানমন্ত্রীর','<p style=\"text-align:justify\"><span style=\"font-size:16px\">বাংলাদেশ ক্রিকেট দলের অলরাউন্ডার মেহেদি হাসান মিরাজের পরিবারকে বাড়ি তৈরি করে দেয়ার নির্দেশ দিয়েছেন প্রধানমন্ত্রী শেখ হাসিনা। এ বিষয়ে খুলনা জেলা প্রশাসককে ইতোমধ্যে নির্দেশও দেয়া হয়েছে।</span></p>\r\n\r\n<p>&nbsp;</p>\r\n\r\n<p style=\"text-align:justify\"><span style=\"font-size:16px\">প্রধানমন্ত্রীর প্রেস উইং থেকে এ তথ্য জানা গেছে।</span></p>\r\n\r\n<p>&nbsp;</p>\r\n\r\n<p style=\"text-align:justify\"><span style=\"font-size:16px\">মেহেদি হাসান মিরাজ বাংলাদেশ ক্রিকেট এখন এক বিস্ময়ের নাম। বিশ্ব ক্রিকেটে ধূমকেতুর মতো আবির্ভাব ঘটেছে তার। সদ্য কৈশোর পেরোনো এ ১৯ বছর বয়সী তরুণ তার ঘূর্ণি বলের ছোঁবলে লণ্ডভণ্ড করে দিয়েছেন ইংল্যান্ডের শক্ত ব্যাটিং লাইনআপ। দেশের টেস্ট ক্রিকেটে অনেক নতুন ইতিহাস যেমন গড়েছেন, তেমনি বিশ্ব ক্রিকেটের অনেক ইতিহাসই উল্টে-পাল্টে নতুন করে লিখতে হয়েছে। ডানহাতি অফস্পিনার হিসেবে ক্যারিয়ারের প্রথম দুই টেস্টে তিন ইনিংসে ৫ বা তার বেশি উইকেট নিয়ে নতুন বিশ্বরেকর্ড গড়েছেন। সেই কারণে রকেটের গতিতে তিনি আইসিসি টেস্ট বোলিং র&zwnj;্যাঙ্কিংয়ে স্থান করে নিয়েছেন ৩৩ নম্বরে।</span></p>\r\n\r\n<p>&nbsp;</p>\r\n\r\n<p style=\"text-align:justify\"><span style=\"font-size:16px\">বিস্ময় বালক মিরাজের শুরুটা হয়েছিল অনূর্ধ্ব-১৯ দল থেকেই। প্রথম ক্রিকেটার হিসেবে টানা দুইবার অনূর্ধ্ব-১৯ দলকে নেতৃত্ব দিয়েছেন। গত যুব বিশ্বকাপে তিনি প্রথমবারের মতো বাংলাদেশকে সেমিফাইনালে তোলেন এবং টুর্নামেন্টের সেরা খেলোয়াড় হন ব্যাটে-বলে সমান নৈপুণ্য দেখিয়ে।</span></p>\r\n\r\n<p>&nbsp;</p>\r\n\r\n<p style=\"text-align:justify\"><span style=\"font-size:16px\">তবে অলরাউন্ডার হলেও এবার ইংল্যান্ড টেস্ট সিরিজে দেখা যায়নি সেটা। প্রতিপক্ষরা তাকে চিনে গেছে স্পেশালিস্ট অফস্পিনার হিসেবে। অথচ, ব্যাট হাতেও দারুণ পারফর্মার মিরাজ। ব্যাটিংয়ে অনুসরণ, অনুকরণ সবই করেন টেস্ট অধিনায়ক মুশফিকুর রহিমকে। কিন্তু দুই টেস্টের চার ইনিংসে তার ব্যাট থেকে এসেছে ১, ১, ১ ও ২ রান। অথচ যুব বিশ্বকাপে ৬ ম্যাচে ২৪২ রান করেছিলেন ১২ উইকেট শিকারের পাশাপাশি। দেশের ক্রিকেটপ্রেমীরা এবং ক্রিকেটাররা জানেন দারুণ ব্যাটসম্যান মিরাজ।</span></p>\r\n\r\n<p>&nbsp;</p>\r\n\r\n<p style=\"text-align:justify\"><span style=\"font-size:16px\">এ বিষয়ে মুশফিকও বলেছেন, &lsquo;ওর ব্যাটিংয়েও অনেক বৈচিত্র্য আছে। মিরাজ তার ব্যাটিং দিয়ে বাংলাদেশ ক্রিকেটের জন্য সামনে অনেক রেকর্ড রেখে যাবে যা ভাঙ্গতে অনেক কষ্ট হবে।&rsquo;</span></p>\r\n\r\n<p>&nbsp;</p>\r\n\r\n<p style=\"text-align:justify\"><span style=\"font-size:16px\">চট্টগ্রাম টেস্টে অভিষেক হওয়া মিরাজ প্রথম ইনিংসে ৬ উইকেট নিয়েই নিজের জাত চেনান। সেই টেস্টে নেন মোট সাত উইকেট। একই ধরাবাহিকতায় ঢাকা টেস্টেও চমক দেখান। প্রথম ও দ্বিতীয় ইনিংসে ছয়টি করে মোট ১২টি উইকেট নেন। ঢাকা টেস্টে ম্যাচ সেরার পাশাপাশি হয়েছেন সিরিজ সেরাও।</span></p>\r\n','',1,20,'2016-11-03 23:23:34',1,'0000-00-00 00:00:00',0,'0000-00-00 00:00:00','0000-00-00 00:00:00',0,'','',0,0,'1478193814_image-4474.jpg',0),(37,'এখন থেকে বাড়িতেই বানান পাউরুটি','এখন-থেকে-বাড়িতেই-বানান-পাউরুটি','<p style=\"text-align:justify\"><span style=\"font-size:16px\">প্রতিদিন সকালের নাস্তায় পাউরুটি না হলে যেন চলেই না। আর প্রায় সবাই দোকানের পাউরুটিই খেয়ে থাকেন। কিন্তু রোজ রোজ কি আর দোকানে গিয়ে পাউরুটি কেনা সম্ভয়? কারো কারো ক্ষেত্রে সম্ভব হলেও, অনেকর ক্ষেত্রেই তা অসম্ভব। তবে যারা দোকানের পাউরুটি খেতে পছন্দ করেন না, তারা অন্যান্য নাস্তার মতো ঘরেই তৈরি করে নিতে পারেন পাউরুটি। রইলো রেসিপি-</span></p>\r\n\r\n<p>&nbsp;</p>\r\n\r\n<p style=\"text-align:justify\"><span style=\"font-size:16px\"><strong>উপকরণ</strong><br />\r\nময়দা-৩ কাপ<br />\r\nচিনি-২ টেবিল চামচ<br />\r\nইস্ট-২ টেবিল চামচ<br />\r\nপানি-১/২ কাপ<br />\r\nদুধ-১/৪ কাপ<br />\r\nতৈল-২ টেবিল চামচ</span></p>\r\n\r\n<p>&nbsp;</p>\r\n\r\n<p style=\"text-align:justify\"><span style=\"font-size:16px\"><strong>প্রস্তুত প্রণালী</strong><br />\r\nবাটিতে ১/২ কাপ ময়দার সাথে চিনি, লবণ ও ইস্ট মিশিয়ে নিবেন। হালকা গরম দুধ দিয়ে ফেটিয়ে মিশান। তোয়ালে দিয়ে ঢেকে গরম স্থানে ১ ঘন্টা রাখুন।</span></p>\r\n\r\n<p>&nbsp;</p>\r\n\r\n<p style=\"text-align:justify\"><span style=\"font-size:16px\">বাকি ময়দার সাথে তৈল, ফেনিয়ে উঠা ইস্ট ও কুসুম গরম পানি দিয়ে ময়ান করে ডো তৈরি করুন। ময়দার খামির পরিমাণ মত ভাগ করে নিবেন।</span></p>\r\n\r\n<p>&nbsp;</p>\r\n\r\n<p style=\"text-align:justify\"><span style=\"font-size:16px\">পাউরুটির আয়তাকার পাত্রে ময়দার প্রলেপ দিয়ে ময়দার খামির রাখুন। খামির ফেঁপে উঠলে ১৮০ ডিগ্রি তাপে ২০ মিনিট ফ্রি হিট করে ১৫-২০ মিনিট বেক করুন।</span></p>\r\n','',1,14,'2016-11-03 23:24:58',1,'0000-00-00 00:00:00',0,'0000-00-00 00:00:00','0000-00-00 00:00:00',0,'','',0,0,'1478193898_image-4580.jpg',0),(38,'ন্যাটোর বিমান হামলায় আফগানিস্তানে নিহত ৩০','ন্যাটোর-বিমান-হামলায়-আফগানিস্তানে-নিহত-৩০','<p style=\"text-align:justify\"><span style=\"font-size:16px\">আফগানিস্তানের উত্তরাঞ্চলীয় কুন্দুজ প্রদেশে ন্যাটোর এক বিমান হামলায় নারী ও শিশুসহ অন্তত ৩০ জন বেসামরিক নাগরিক নিহত হয়েছে।</span></p>\r\n\r\n<p>&nbsp;</p>\r\n\r\n<p style=\"text-align:justify\"><span style=\"font-size:16px\">বৃহস্পতিবার ভোরে এই বিমান হামলা চালানো হয়।</span></p>\r\n\r\n<p>&nbsp;</p>\r\n\r\n<p style=\"text-align:justify\"><span style=\"font-size:16px\">প্রাদেশিক মুখপাত্র মাহমুদ দানিশ জানান, আফগান বাহিনী ও কোয়ালিশন বাহিনী তালেবানদের বিরুদ্ধে একটি যৌথ অভিযান পরিচালনা করে। এ সময় বোমা বর্ষণে অন্তত ৩০ জন বেসামরিক নাগরিক নিহত হয়। আহত হয় অন্ততর ২৫ জন।</span></p>\r\n\r\n<p>&nbsp;</p>\r\n\r\n<p style=\"text-align:justify\"><span style=\"font-size:16px\">কুন্দুজে তালেবান বিরোধী এক অভিযানের সময় বন্দুকযুদ্ধে দুই মার্কিন সৈন্য এবং আফগান বিশেষ বাহিনীর তিন সদস্য নিহত হওয়ার পর এই বিমান হামলা চালানো হয়।</span></p>\r\n\r\n<p>&nbsp;</p>\r\n\r\n<p style=\"text-align:justify\"><span style=\"font-size:16px\">পুলিশের মুখপাত্র মাহমুদুল্লাহ আকবরিও হতাহতের একই পরিসংখ্যান উল্লেখ করে বলেন, নিহতের মধ্যে তিন মাস বয়সী শিশুও রয়েছে।</span></p>\r\n\r\n<p>&nbsp;</p>\r\n\r\n<p style=\"text-align:justify\"><span style=\"font-size:16px\">টুইটার বার্তায় এক সংক্ষিপ্ত বিবৃতিতে ন্যাটো এ হামলার পেছনে থাকার কথা স্বীকার করে। এতে বলা হয়, বন্ধুপ্রতিম বাহিনীর সুরক্ষায় একটি বিমান হামলা চালানো হয়। সকল বেসামরিক নাগরিকের মৃত্যুর ঘটনা তদন্ত করা হবে।</span></p>\r\n\r\n<p>&nbsp;</p>\r\n\r\n<p style=\"text-align:justify\"><span style=\"font-size:16px\">এ বিমান হামলার পর নিহতদের আত্মীয়স্বজন লাশ নিয়ে সরকারি দফতরের বাইরে জড়ো হয়ে প্রতিবাদ জানায়।সূত্র: আলজাজিরা</span></p>\r\n','',1,19,'2016-11-03 23:26:40',1,'0000-00-00 00:00:00',0,'0000-00-00 00:00:00','0000-00-00 00:00:00',0,'','',0,0,'1478194000_image-4662.jpg',0),(39,'চুল পাকা রোধে যা করবেন','চুল-পাকা-রোধে-যা-করবেন','<p style=\"text-align:justify\"><span style=\"font-size:16px\">বছরের পর বছর ধরে জীবন ও সংসার সম্পর্কে যে অভিজ্ঞতা অর্জন করেছেন, তার নিদর্শন আপনার মাথার ওই কয়েক গোছা পাকা চুল। তবে অভিজ্ঞতার থেকে পাকা চুলের পরিমান যদি বেশি হয়ে যায়, অর্থাৎ বয়সের আগেই কালো ঝলমলে চুলগুলো সাদা হতে শুরু করলে লোকে কী ভাববে?</span></p>\r\n\r\n<p>&nbsp;</p>\r\n\r\n<p style=\"text-align:justify\"><span style=\"font-size:16px\">পরিবেশদূষণ, ভেজাল প্রসাধনী, ক্ষতিকর খাদ্যাভ্যাস ইত্যাদি বিভিন্ন কারণে অকালেচুল পাকে। অনেকের আবার বংশগত কারণেও চুল সাদা হয়ে যায় সময়ের আগেই। কেন এমন হয়? কী হতে পারে এর সম্ভাব্য সমাধান?</span></p>\r\n\r\n<p>&nbsp;</p>\r\n\r\n<p style=\"text-align:justify\"><span style=\"font-size:16px\"><strong>কী কারণে চুল পাকে?</strong></span></p>\r\n\r\n<p>&nbsp;</p>\r\n\r\n<p style=\"text-align:justify\"><span style=\"font-size:16px\">১. অনেক সময় ১২ বছর বয়সেই ছেলে মেয়েদের মাথায় পাকা চুল দেখা যায়। সাধারণত বংশগত কারণে এমনটি হয়ে থাকে। এই ধরনের সমস্যা স্থায়ী হতে পারে; আবার কোন কোন ক্ষেত্রে কিছুদিন পরে ঠিক হয়েও যেতে পারে। তবে অধিকাংশ ক্ষেত্রেই এই সমস্যা স্থায়ীরূপ ধারণ করে।</span></p>\r\n\r\n<p>&nbsp;</p>\r\n\r\n<p style=\"text-align:justify\"><span style=\"font-size:16px\">২. অতিরিক্ত মানসিক চাপ অকালে চুল পেকে যাওয়ার কারণ হয়ে উঠতে পারে। গবেষণায় দেখা গেছে, মানসিক অস্থিরতা শরীরে অ্যাড্রেনালিন নামক হরমোনের নিঃসরণ ঘটায় যা ডিএনএকে ক্ষতিগ্রস্ত করে। এর ফলে শরীরে বিভিন্ন অস্বাভাবিকতা দেখা দেয়। এসব অস্বাভাবিকতার মধ্যে পাকা চুল একটি।</span></p>\r\n\r\n<p>&nbsp;</p>\r\n\r\n<p style=\"text-align:justify\"><span style=\"font-size:16px\">৩. থাইরয়েড গ্রন্থির সাথে সম্পর্কিত বিভিন্ন রোগ যেমন গ্রেভ&rsquo;স ডিজিজ, হাইপারথাইরয়েডিজম, হাইপোথাইরয়েডিজম, অ্যানেমিক কন্ডিশন ইত্যাদি অকালে চুল পেকে যাওয়ার জন্য দায়ী।</span></p>\r\n\r\n<p>&nbsp;</p>\r\n\r\n<p style=\"text-align:justify\"><span style=\"font-size:16px\">৪. অপরিকল্পিত খাদ্য গ্রহণ পাকা চুল সমস্যার সৃষ্টি করতে পারে।</span></p>\r\n\r\n<p>&nbsp;</p>\r\n\r\n<p style=\"text-align:justify\"><span style=\"font-size:16px\">৫. চুলে রঙ করা, গরম পানিতে চুল ধোয়া, চুল আয়রন করা, অতিরিক্ত হেয়ার ড্রায়ার ব্যবহার করা চুল পেকে যাওয়ার প্রধান কারণ হিসেবে কাজ করে।</span></p>\r\n\r\n<p>&nbsp;</p>\r\n\r\n<p style=\"text-align:justify\"><span style=\"font-size:16px\"><strong>অকালে চুল পাকা রোধের ঘরোয়া চিকিৎসা</strong></span></p>\r\n\r\n<p>&nbsp;</p>\r\n\r\n<p style=\"text-align:justify\"><span style=\"font-size:16px\">ঘরে বসেই পাকা চুল সমস্যার সমাধান করতে পারেন। কীভাবে?</span></p>\r\n\r\n<p>&nbsp;</p>\r\n\r\n<p style=\"text-align:justify\"><span style=\"font-size:16px\">১. কেরাটিন নামক এক ধরনের প্রোটিন দিয়ে আমাদের চুল গঠিত। তাই প্রোটিনযুক্তখাবার খেয়ে পাকা চুল সমস্যার সমাধান করতে পারেন।</span></p>\r\n\r\n<p>&nbsp;</p>\r\n\r\n<p style=\"text-align:justify\"><span style=\"font-size:16px\">২. ভিটামিন এ, বি-১২, আয়রন, কপার এবং জিংক পাকা চুল প্রতিরোধে সহায়তা করে। মাংস, মাছ, বাদাম ইত্যাদিতে এসব ভিটামিন পাওয়া যায়।</span></p>\r\n\r\n<p>&nbsp;</p>\r\n\r\n<p style=\"text-align:justify\"><span style=\"font-size:16px\">৩. পাকা চুল বৃদ্ধি হওয়া কমানোর সবচেয়ে কার্যকরী উপায় হচ্ছে পর্যাপ্ত আয়োডিন গ্রহণ করা। শুধুমাত্র লবণই আয়োডিনের একমাত্র উৎস নয়; কলা, গাজর ও বিভিন্ন ধরনের মাছ আয়োডিনের ঘাটতি পূরণে কার্যকরী ভূমিকা পালন করে।</span></p>\r\n\r\n<p>&nbsp;</p>\r\n\r\n<p style=\"text-align:justify\"><span style=\"font-size:16px\">৪. চায়ের লিকারের সাথে লবণ মিশিয়ে চুলে লাগালে পাকা চুল কমে আসে। এক কাপ রঙ চা ও এক চা-চামচ লবন একসাথে মিশান। চা কিন্তু ঠাণ্ডা হতে হবে। এবার চুলে ও চুলের গোঁড়ায় ভালভাবে লাগান। এক ঘণ্টা রাখুন এভাবে।পরিষ্কার পানিতে চুল ধুয়ে ফেলুন। শ্যাম্পু করবেন না।</span></p>\r\n\r\n<p>&nbsp;</p>\r\n\r\n<p style=\"text-align:justify\"><span style=\"font-size:16px\">৫. নিয়মিত নারকেল তেল ব্যবহার করুন। এটি চুলের যাবতীয় ক্ষতি এবং পাকা চুল থেকে দূরে রাখবে আপনাকে।</span></p>\r\n\r\n<p>&nbsp;</p>\r\n\r\n<p style=\"text-align:justify\"><span style=\"font-size:16px\">৬. যতটা সম্ভব মানসিক চাপ এড়িয়ে চলুন। নিয়মিত ব্যায়াম করুন। আনন্দে থাকুন।</span></p>\r\n\r\n<p>&nbsp;</p>\r\n\r\n<p style=\"text-align:justify\"><span style=\"font-size:16px\">৭. চুলে মেহেদি পাতা বেটে লাগান। উপকার পাবেন।</span></p>\r\n\r\n<p>&nbsp;</p>\r\n\r\n<p style=\"text-align:justify\"><span style=\"font-size:16px\">৮. আদা এবং মধু একসাথে মিশিয়ে খান রোজ। নিয়ম করে খাবেন, দিনে ১ বার। এটি পাকা চুল সারিয়ে তুলতে সাহায্য করে।</span></p>\r\n\r\n<p>&nbsp;</p>\r\n\r\n<p style=\"text-align:justify\"><span style=\"font-size:16px\">৯. নিম তেল চুলে এবং মাথার ত্বকে লাগান।।</span></p>\r\n\r\n<p>&nbsp;</p>\r\n\r\n<p style=\"text-align:justify\"><span style=\"font-size:16px\">১০. আয়ুর্বেদিক ঔষধ ব্যবহার করে দেখতে পারেন। কিন্তু সেটা অবশ্যই চিকিৎসকের পরামর্শ অনুযায়ী।</span></p>\r\n\r\n<p>&nbsp;</p>\r\n\r\n<p style=\"text-align:justify\"><span style=\"font-size:16px\"><strong>এড়িয়ে চলুন</strong></span></p>\r\n\r\n<p>&nbsp;</p>\r\n\r\n<p style=\"text-align:justify\"><span style=\"font-size:16px\">অতিরিক্ত চা, কফি। ধূমপান করা যাবে না। অতিরিক্ত ক্ষারীয় কিছু চুলে ব্যবহার করে চুল ক্ষতিগ্রস্ত হয়ে পাকা চুল দেখা দেয়।</span></p>\r\n','',1,16,'2016-11-03 23:28:22',1,'0000-00-00 00:00:00',0,'0000-00-00 00:00:00','0000-00-00 00:00:00',0,'','',0,0,'1478194102_image-4559.jpg',0),(40,'জীবনকে ছকে বেঁধে ফেলতে চান না তানভীর আরাফাত ধ্রুব','জীবনকে-ছকে-বেঁধে-ফেলতে-চান-না-তানভীর-আরাফাত-ধ্রুব','<p style=\"text-align:justify\"><span style=\"font-size:16px\">তানভীর আরাফাত ধ্রুব গাড়ি বানানোর স্বপ্ন নিয়ে পড়েছেন বাংলাদেশ ইউনিভার্সিটি অব ইঞ্জিনিয়ারিং অ্যান্ড টেকনোলজিতে (বুয়েট)। দেশে প্রথমবারের মতো অনুষ্ঠিত গাড়ি বানানোর প্রতিযোগিতা &lsquo;ইকোরান ২০১৩&rsquo;তেতার টিমটা চ্যাম্পিয়ন হয়। আর এখন ইঞ্জিনিয়ারিং পাস করেও নিজেকে ইঞ্জিনিয়ার পরিচয় দিতে নারাজ ধ্রুব।</span></p>\r\n\r\n<p>&nbsp;</p>\r\n\r\n<p style=\"text-align:justify\"><span style=\"font-size:16px\">ধ্রুবর ভাষায়, &lsquo;আপাতত ইঞ্জিনিয়ার হওয়ার চেষ্টায় আছি। হয়তো কোনো একদিন সেই স্বপ্ন পূরণ হবে। হয়তো সেদিন নিজেকে ইঞ্জিনিয়ার পরিচয় দিতে ভালো লাগবে&rsquo;।</span></p>\r\n\r\n<p>&nbsp;</p>\r\n\r\n<p style=\"text-align:justify\"><span style=\"font-size:16px\">সম্প্রতি রাজধানীর কারওয়ান বাজারের একটা রেস্টুরেন্টে আ্ড্ডায় বিবার্তাকে বলেন তানভীর আরাফাত ধ্রুব। আড্ডায় বেরিয়ে আসে তার জীবনের নানা কাহিনী। সেই গল্প বিবার্তা২৪ডটনেটের পাঠকদের জানাচ্ছেন উজ্জ্বল এ গমেজ।</span></p>\r\n\r\n<p>&nbsp;</p>\r\n\r\n<p style=\"text-align:justify\"><span style=\"font-size:16px\">ছোটবেলায় বিশেষ কোনো স্বপ্ন না থাকলেও হাইস্কুলে পড়ার সময়ে শরৎচন্দ্রের পথের দাবি উপন্যাস পড়ে ডাক্তার চরিত্রের মতো কিছু একটা হওয়ার স্বপ্ন দেখতেন ধ্রুব। তবে পেশাদার ডাক্তার না, ডাক্তার চরিত্রের মতো তেমন একটা কিছু।</span></p>\r\n\r\n<p>&nbsp;</p>\r\n\r\n<p style=\"text-align:justify\"><span style=\"font-size:16px\">তার ভাষায়, &lsquo;স্বপ্ন হলো বাস্তবতার গণ্ডি না মানা, ইচ্ছা হলো বাস্তবতার গণ্ডি মেনে। স্বপ্নকে যখন কেটেছেঁটে বাস্তবতার ছকে ফেলে দেয়া হয় তখন সেটা হলো আমার ইচ্ছা। ইচ্ছে ছিল ইঞ্জিনিয়ার হওয়ার। তবে বুয়েটে পড়ার সুযোগ পাওয়াতে বলা যায় সে ইচ্ছাটা অনেকটা পূরণের পথে আছি। এখনও নিজে সন্তুষ্ট হওয়ার মতো ইঞ্জিনিয়ার হতে পারিনি&rsquo;।</span></p>\r\n\r\n<p>&nbsp;</p>\r\n\r\n<p style=\"text-align:justify\"><span style=\"font-size:16px\">ধ্রুব সমাজসেবামূলক কাজ করতে বেশি পছন্দ করেন। এ বিষয়ে তার ভাষ্য, &lsquo;যে বাংলাদেশ আমি পেয়েছি সেটাকে একটু ভালো করার জন্য, একটু ভালোর দিকে পরিবর্তন করার জন্য, সামান্য কিছু হলেও কাজ করতে চাই। এটাই হবে আমার সব কাজের মূল লক্ষ্য&rsquo;।</span></p>\r\n\r\n<p>&nbsp;</p>\r\n\r\n<p style=\"text-align:justify\"><span style=\"font-size:16px\">স্কুলে পড়ার সময় কাজ করেন গণিত ক্লাবের সাথে। ২০০৮ সালে ভর্তি হন বুয়েটের মেকানিক্যাল ইঞ্জিনিয়ারিং বিভাগে।মুনির হাসানের নেতৃত্বেকাজ করেছেন বাংলাদেশ গণিত অলিম্পিয়াডের একাডেমিক টিমে।</span></p>\r\n\r\n<p>&nbsp;</p>\r\n\r\n<p style=\"text-align:justify\"><span style=\"font-size:16px\">তার ভাষায়, &lsquo;মুনির হাসান স্যারের অরেকটি উদ্যোগ বিজ্ঞান জনপ্রিয়করণ সমিতি। সেখানে কাজ করেছি ২০১২-১৩ সাল পর্যন্ত। এখান থেকে চিলড্রেন সায়েন্স কংগ্রেস হয়। এসব কংগ্রেসের ব্যাক এন্ডে প্ল্যানিংয়ের কাজ করার সুযোগ পেয়েছি আমি&rsquo;।</span></p>\r\n\r\n<p>&nbsp;</p>\r\n\r\n<p style=\"text-align:justify\"><span style=\"font-size:16px\">আলাপ প্রসঙ্গে জানা গেল, একসময় খণ্ডকালীন লেখালেখি করেছেন দৈনিক প্রথম আলোর গণিত ইসকুল পাতায়, কিশোর পত্রিকা কিশোর আলোতে। সেখানে তার পছন্দের বিষয় ছিল &lsquo;বাচ্চাদের শেখানোর জন্য বিজ্ঞান&rsquo;।</span></p>\r\n\r\n<p>&nbsp;</p>\r\n\r\n<p style=\"text-align:justify\">&nbsp;</p>\r\n\r\n<p>&nbsp;</p>\r\n\r\n<p style=\"text-align:justify\"><span style=\"font-size:16px\">বুয়েটে পড়ার সময় ২০১১ সালে একটা পছন্দের কাজ করেন তিনি। রোজার ঈদ উপলক্ষে বুয়েটের বন্ধুরা চাঁদা তুলে বুয়েটের ১৩০জন ক্যান্টিন বয়কে শার্ট প্যান্ট উপহার দেন। ক্যান্টিনে কাজ করার সময় পরার জন্য ওদের টি-শার্টও বানিয়ে দিলেন। এরপর ওদের জন্য সবাই মিলে একটা নাইট স্কুল চালু করেন। বুয়েটের বন্ধুরাই এটা চালান। এখন তাদের চিন্তা স্থায়ী একটা নাইটস্কুল চালু করা, যেখানে কর্মজীবী শিশুরা পড়ালেখা করার সুযোগ পাবে।</span></p>\r\n\r\n<p>&nbsp;</p>\r\n\r\n<p style=\"text-align:justify\"><span style=\"font-size:16px\">এরপর ধ্রুব চিন্তা করেন যদি বাচ্চাদের জীবনে সহজে পরিবর্তন আনতে হয়, তাহলে একটা কাজ করতে হবে। সেটা হচ্ছে শিক্ষা। ২০১২ সালে আরেকটা টিম গঠন করেন। নাম &lsquo;শিক্ষা দেশের জন্য&rsquo;। এই কার্যক্রমের আওতায় টিম নিয়ে তারা সারা দেশের ২০জেলায় যান। এখানে বুয়েট ও ঢাকা ইউনিভার্সিটির কিছু স্টুডেন্ট ইনভলভ হয়। এই টিম নিয়ে সপ্তাহের ছুটির দিনে বা পরীক্ষার পরে ছুটিতে বিভিন্ন জেলায় চলে যেতে থাকেন। সাথে নিতেন হাতেকলমে বিজ্ঞান শেখার সব সরঞ্জাম। যে কোনো একটা জেলায় গিয়ে বাচ্চারা বইয়ে যে বিজ্ঞান পড়ে সেগুলো হাতেকলমে তাদের শিক্ষা দেন। যেটা তারা বইয়ে পড়ছে, সেটা হাতেকলমে বানিয়ে দেখান। একজন বাচ্চা নতুন একটা জিনিস শিখলে তার চোখেমুখে যে আনন্দ খেলা করে এটাকে দেখার জন্যই সব সময় উদগ্রীব হয়ে থাকেন ধ্রুব। এটা পৃথিবীর সবচেয়ে সুন্দর ছবিগুলোর মধ্যে একটা বলে ধারণা ধ্রুবর।</span></p>\r\n\r\n<p>&nbsp;</p>\r\n\r\n<p style=\"text-align:justify\"><span style=\"font-size:16px\">২০১৪ সালে আরো কিছু আগ্রহী ছেলে-মেয়ে যোগ দেয় তার দলে। ওদের প্রস্তাব ছিল, শিক্ষা নিয়ে তো কাজ করেছি, চলেন পরিবশে নিয়ে কাজ করি। ধ্রুবরও ইচ্ছা ছিল পরিবেশ নিয়ে কাজ করার। তখন আরেকটা নতুন টিম আত্মপ্রকাশ করে। টিমটির নাম &lsquo;গ্রীন ফোর্স&rsquo;। টিমটি দুটো বিষয়ে কাজ করে : পরিবেশ পরিচ্ছন্নতা ও ছাদের উপর বাগান।</span></p>\r\n\r\n<p>&nbsp;</p>\r\n\r\n<p style=\"text-align:justify\"><span style=\"font-size:16px\">ছাদে বাগান নিয়ে কাজ করতে গিয়ে তার পরিচয় হয় গ্রীন সেভার্স অ্যাসোসিয়েশনের রণি ভাইয়ের সাথে। তাদের সাথেও বেশ কিছু কাজ করার সুযোগ হয়। &lsquo;প্লান্টসডক্টর&rsquo; নামে একটা অ্যাপ্লিকেশন তৈরি করেছে গ্রীন সেভার্স অ্যাসোসিয়েশন। রুফটপ গার্ডেনিংয়ের ওয়ান টপ সলিউশন হলো এই অ্যাপটি। অ্যাপটির ডেভেলপমেন্টের কাজ করেছেন ধ্রুবর দল।</span></p>\r\n\r\n<p>&nbsp;</p>\r\n\r\n<p style=\"text-align:justify\"><span style=\"font-size:16px\">ধ্রুব বলেন, কিউবিং বাংলাদেশ নামে আরেকটা টিম আছে। ফেসবুকে টিমটির নাম হচ্ছে কিউবিস্টবিডি। কিউবিং বাংলাদেশ থেকে আমরা কিউব আড্ডাকরি। কিউব আড্ডাহলো সবাই মিলে একটা জায়গা ঠিক করে, সেটা হতে পারেরমনা পার্ক, সোহরাওয়ার্দী উদ্যান, মিরপুর স্টেডিয়াম, মাঝে মাঝে বুয়েটে বা কার্জনহলে। সেখানে তারা রুবিক্স কিউব মেলানো নিয়ে, নতুন ধরনের পাজল নিয়ে, যে কোনো নতুন আইডিয়া নিয়ে আড্ডা দেয়।এখানে দুইটা জিনিসকে গুরুত্ব দেয়া হয়। বাচ্চারা শুধু ফেসবুকে বন্ধুত্বটা সীমাবদ্ধ না রেখে তারা যেন একে অপরের সাথে পরিচিত হতে এবং সত্যিকারের বন্ধুত্ব তৈরি করতে পারে। পাশাপাশি নতুনভাবে চিন্তা করার জন্য একটা প্লাটফর্ম পায়।</span></p>\r\n\r\n<p>&nbsp;</p>\r\n\r\n<p style=\"text-align:justify\">&nbsp;</p>\r\n\r\n<p>&nbsp;</p>\r\n\r\n<p style=\"text-align:justify\"><span style=\"font-size:16px\">এসব কাজের ফান্ডিংয়ের ব্যাপারে জানতে চাইলে ধ্রুব বলেন, এর জন্য অবশ্য আমরা পাবলিকলি কারো কাছে যাই না। একটা বড় অংশ সেলফ ফান্ডিংয়ে নিজেরা নিজেদের কনট্রিবিউশনের মাধ্যমে করি। এর বাইরে আমাদের যারা পরিচিত শুভানুধ্যায়ী আছেন, তারা মাঝে মাঝে ছোটখাটো কনট্রিবিউট করেন। ২০১২-১৩ সালে আমরা সেলফ ফান্ডিংয়ে কাজ করেছি। ২০১৪ সাল থেকে এখন পর্যন্ত পুরোপুরি সোস্যাল ফান্ডিংয়ে কাজ করছি। আমাদের মধ্যে যারা কয়েকজন মুরব্বি রয়েছি, সব সময়ই চেষ্টা করি প্রতিনিয়ত যে খরচ হয় সেটা বহন করে যাওয়ার। খরচ অবশ্য খুব একটা বেশি হয় না। আমরা যখন দূরে কোথাও প্রোগ্রাম করতে যাই তখন আমরা থাকি কোনো বন্ধুর বা আত্মিয়ের বাসায়। তাই থাকা-খাওয়ার জন্য আমাদের তেমন খরচ হয় না।</span></p>\r\n\r\n<p>&nbsp;</p>\r\n\r\n<p style=\"text-align:justify\"><span style=\"font-size:16px\">প্রত্যন্ত অঞ্চলে প্রোগ্রামের আয়োজন বিষয়ে ধ্রুব বলেন, আমরা যেসব কার্যক্রম পরিচালনা করছি এর জন্য ওই স্থানের স্কুলকে কোনো খরচ করতে হয় না। সব জিনিসপত্র আমরা বানিয়ে নিয়ে যাই। খরচ হয় কেবল যাওয়া-আসায়। বাসভাড়া আমরা নিজেরাই দিয়ে দিতে পারি। এরজন্যই বলছি, একবার শুরু করে দিলে বোঝা যায় কাজটা আসলে এতো কঠিন না। কিন্তু শুরু করার আগে অনেক দ্বিধা কাজ করে। আমাদের এই সেবামূলক কাজ করার জন্য সারাদেশে প্রায় একশো&rsquo;র মতো স্বেচ্ছাসেবী তরুণ-তরুণী রয়েছে। এখান থেকে গড়ে ৪০ জনকে যেকোনো সব সময়ই পাওয়া যায়।</span></p>\r\n\r\n<p>&nbsp;</p>\r\n\r\n<p style=\"text-align:justify\"><span style=\"font-size:16px\">কাজের অভিজ্ঞতার কথা বলতে গিয়ে বলেন, এবছরের মার্চ মাসে রাজধানীর আসাটগেট সেন্ট যোসেফ স্কুলে সায়েন্স ফেয়ারে এক সপ্তাহ ধরে ওয়ার্কশপ করেছি। সেখানে ক্লাস থ্রি থেকে টুয়েলভ পর্যন্ত প্রায় ২০০০ হাজার ছাত্রকে নিয়ে বিজ্ঞান মেলার আয়োজন করা হয়। এই আয়োজনে বুয়েট ও ঢাকা ইউনিভার্সিটি থেকে প্রায় ৪০ জন ট্রেইনার এক সপ্তাহ ধরে ছেলেদের সাথে ওয়ার্কশপ করেছি। এর আগে ফেব্রুয়ারিতে রাজধানীর ভিকারুননেসা নুন স্কুল অ্যান্ড কলেজ, আইডিয়াল স্কুল অ্যান্ড কলেজ, শেরে বাংলা গার্লস স্কুলে এভাবে ওয়ার্কশপ করেছি।</span></p>\r\n\r\n<p>&nbsp;</p>\r\n\r\n<p style=\"text-align:justify\"><span style=\"font-size:16px\">এই সব ট্রেনিংয়ে কী বিষয়ে শিক্ষা দেয়া এমন প্রশ্নের জবাবে ধ্রুব বলেন, আমরা দুইটা জায়গায় ফোকাস করি।একটা হলো-টেক্সটবুক সায়েন্স। ছাত্রছাত্রীরা বইয়ে যে বিজ্ঞানটা পড়ছে সেটা তাদের হাতেকলমে দেখানো ও বুঝিয়ে পড়ানো। আরেকটা হচ্ছে প্রজেক্ট বেইজড। বিজ্ঞান মেলায় স্টুডেন্টরা প্রজেক্ট বানায়। প্রজেক্টটা কেন বানাবে, একটা প্রজেক্টে কী কী করবে, কীভাবে বানাবে এসব বিষয় হাতেকলমে শেখানো হয়। আমরা চেষ্টা করি টেক্সটবুক সায়েন্স ও প্রজেক্ট এই দুটা জিনিসের মধ্যে যে একটা সম্পর্ক রয়েছে সেটা বুঝিয়ে দেয়ার।</span></p>\r\n\r\n<p>&nbsp;</p>\r\n\r\n<p style=\"text-align:justify\">&nbsp;</p>\r\n\r\n<p>&nbsp;</p>\r\n\r\n<p style=\"text-align:justify\"><span style=\"font-size:16px\">তিনি বলেন, আসলে কী হয়, সারা দেশে আমরা নানা কর্মসূচির মাধ্যমে ছাত্রদের যে কোনো কিছু হওয়ার জন্য অ্যাওয়ারনেস ও মোটিভেশনের প্রতি জোর দিচ্ছি। কিন্তু আমরা তাকে শেখাচ্ছি না কীভাবে সেটা হতে হয়। শুধু মোটিভেট করলেই হয় না। এটা হলো কোনো কিছু হওয়ার প্রথম ধাপ। এরপরে কাজটা কীভাবে করতে হবে এবিষয়ে যদি পরিপূর্ণ জ্ঞান না থাকে, তাহলে সে ওই কাজে উৎসাহটা হারিয়ে ফেলে।</span></p>\r\n\r\n<p>&nbsp;</p>\r\n\r\n<p style=\"text-align:justify\"><span style=\"font-size:16px\">উদাহরণ হিসেবে তিনি বলেন, সাঁতার একটা ভাল ব্যায়াম। আমি যদি কাউকে ভালভাবে সাঁতার কাটা না শিখিয়ে শুধু বলি সাঁতার কাটো, বা পানিতে নিয়ে গিয়ে বলি সাঁতরাও, সে আমার কথায় খুশি হয়ে পানিতে নামবে। কিন্তু সাঁতার কাটতে না পেরে ডুবে যাবে।</span></p>\r\n\r\n<p>&nbsp;</p>\r\n\r\n<p style=\"text-align:justify\"><span style=\"font-size:16px\">এমনটাই প্রায়ই হয়, আমরা যে কোনো ক্যারিয়ারের বিষয়ে পরিষ্কার ধারণা না দিয়েই বলি, কাজ করো। ফলে অনেকেই কাজ করতে নামে। কিছু দিন কাজ করার পরে না পেরে সে ওই কাজের প্রতি উৎসাহ হারিয়ে ফেলে। একবার কেউ যদি কোনো কাজের প্রতি উৎসাহ হারিয়ে ফেলে, তাহলে সে কিন্তু জীবনে কোনো দিনও ওই কাজ করতে যাবে না। এতে একজন সম্ভাবনাময় রিসোর্সকে হারিয়ে ফেললাম। কিন্তু তাকে যদি কাজটা ভালভাবে শিখিয়ে কাজটা করতে বলা হতো, তাহলে সমাজে, দেশে সে অনেক প্রভাব ফেলতে পারতো। আমরা সঠিক শিক্ষা দিতে পারিনি বলে তার কাছ থেকে আউটপুটটাও পেলাম না। এটা আমাদের বর্তমান সময়ের জন্য একটা বড় সমস্যা।</span></p>\r\n\r\n<p>&nbsp;</p>\r\n\r\n<p style=\"text-align:justify\"><span style=\"font-size:16px\">ধ্রুব বলেন, আমরা সম্প্রতি দেশে উদ্যোক্তা সংস্কৃতি গড়ে তুলতে চাচ্ছি। কিন্তু এখানে একটা গেঞ্জাম আছে। আমরা স্কুল-কলেজ পড়ুয়া ছেলে-মেয়েদের উদ্যোক্তা তৈরি করার মোটিভেশন দিতে গিয়ে তাদের চাকুরি করতে ডিমোটিভেটেড করে ফেলছি। একশ&rsquo; জনের মধ্যে তো সবাই উদ্যোক্তা হতে পারবে না। কাউকে না কাউকে চাকুরি করতে হবে। আমরা উদ্যোক্তা তৈরি করতে গিয়ে এমন কথা বলে ফেলছি, এতে করে যাদেরকে চাকুরি করতেই হবে, তাদের মধ্যে একটা অসন্তোষ, অতৃপ্তি তৈরি হচ্ছে। কারণ তারা হয়তো উদ্যোক্তা মেটারিয়াল না, তারা হয়তো উদ্যোক্তা হতে চেষ্টা করছে, কিন্তু হতে পারেনি। চাকুরি করতে গিয়ে তাদের মনের মধ্যে অতৃপ্তি কাজ করছে। তারা ভাবছে, ইস! চাকুরি না করে উদ্যোক্তা হলেই মনে হয় ভাল হতো।</span></p>\r\n\r\n<p>&nbsp;</p>\r\n\r\n<p style=\"text-align:justify\"><span style=\"font-size:16px\">উদাহরণ হিসেবে তিনি বলেন, যেমন উদ্যোক্তা তৈরি করার সময় আমি বললাম, &lsquo;চাকুরি করা হলো আধুনিক দাসত্ব&rsquo;। এই বিষয়ে আমার আপত্তি আছে। কারণ দেশের ৮০-৯০% মানুষ যারা চাকুরি করে জীবনযাপন করছে তাদেরকে আমি হতাশ করে দিচ্ছি। তারা বিষণ্নতায় ভুগলো। কারণ তারা ভাববে আমরা তো আধুনিক দাস। কিন্তু সে তখন চাইলেও এই শৃঙ্খল ভেঙে আসতে পারবে না। কয়জন পারবে চাকুরি ছেড়ে উদ্যোক্তা হতে?</span></p>\r\n\r\n<p>&nbsp;</p>\r\n\r\n<p style=\"text-align:justify\">&nbsp;</p>\r\n\r\n<p>&nbsp;</p>\r\n\r\n<p style=\"text-align:justify\"><span style=\"font-size:16px\">তাহলে আমি কেন উদ্যোক্তাকে বড় করে দেখাতে গিয়ে যে চাকুরি করছে তাকে হতাশ করছি? এটাকে বলা যায় অতি উৎসাহিত করার কুফল। ওভার মোটিভেশন। শুধু উৎসাহ দেয়া না, হাতেকলমে তাকে শিখিয়েও দিতে হবে। কাজ করার মতো যোগ্য করে তুলতে হবে। তবেই তরুণ-তরুণীরা উদ্যোক্তা সংস্কৃতিকে আর ভুল বুঝবে না। তাদের হতাশায় ভুগতে হবে না।</span></p>\r\n\r\n<p>&nbsp;</p>\r\n\r\n<p style=\"text-align:justify\"><span style=\"font-size:16px\">আলাপ প্রসঙ্গে জানা গেল, ধ্রুবর একটা আইটি ফার্ম আছে। দিনের বড় একটা অংশ কাটে তার এখানে। একটা হার্ডওয়্যার প্রজেক্ট নিয়েও কাজ করছেন। তবে তার সব কাজের মূল লক্ষ্য হচ্ছে, বিভিন্ন ট্রেনিংয়ের মাধ্যমে শিক্ষাকে আরো আকর্ষণীয় করা, শিক্ষাব্যবস্থায় আরো নতুনত্ব নিয়ে আসা, ক্যাপাসিটি বিল্ডিং ইত্যাদি। এই ভিশনগুলোর সাথে যে প্রোগ্রাম যায় সেখানেই তিনি কনট্রিবিউট করার চেষ্টা করেন দলগতভাবে।</span></p>\r\n\r\n<p>&nbsp;</p>\r\n\r\n<p style=\"text-align:justify\"><span style=\"font-size:16px\">ধ্রুব বলেন, আমাদের ইভেন্ট ম্যানেজমেন্ট ফার্ম আছে। এটা লাভজনক কার্যক্রমের মধ্যে একটা। সব শেষ কাজ করেছি মাইক্রোসফটের্ ইয়ং বাংলার সাথে। সেখানে আমরা সার্ভিস ইঞ্জিনিয়ার ট্রেনিং ইন্টার্নশীপ প্রোগ্রামের ডিজাইনের কাজ করেছি। প্রোগ্রামটা কেমন হতে পারে, কীভাবে হতে পারে, ইভেন্টের প্ল্যানিং কেমন হতে পারে সেই ডিজাইন পেইজে আমরা কাজ করেছি। পাইলট প্রোগ্রামের ইমপ্লিমেনটেশনে কাজ করেছি। এর আগে এন্টারপ্রাইজ সফটওয়্যার (এসইপি) প্রস্তুতকারক প্রতিষ্ঠানের ইন্টার্নশীপ প্রোগ্রামের প্লানিং, ইমপ্লিমেনটেশনের কাজ করেছি।</span></p>\r\n\r\n<p>&nbsp;</p>\r\n\r\n<p style=\"text-align:justify\"><span style=\"font-size:16px\">নিজের জীবন নিয়ে ধ্রুব বলেন, জীবনকে খুব ছকে বেঁধে ফেলতে পছন্দ করি না।খানিকটা গা ভাসিয়ে দিতেই আমার বেশি ভাল লাগে। জীবন যখন যেখানে নিয়ে যায় খানিকটা সে অভিজ্ঞতা অর্জন করতে ভাল লাগে। সব কিছু কন্ট্রোলড এনভায়রনমেন্টে রাখলে জীবনের বৈচিত্র্যটা নষ্ট হয়ে যায়।</span></p>\r\n\r\n<p>&nbsp;</p>\r\n\r\n<p style=\"text-align:justify\"><span style=\"font-size:16px\">পরিকল্পনা বিষয়ে জানালেন, বাংলাদেশের যুবক-যুবতীদের ক্যাপাসিটি বিল্ডিং নিয়ে গঠনমূলক কিছু করার মাধ্যমে অভিজ্ঞতা অর্জন করছেন তিনি। পরিকল্পনা আছে এদের নিয়ে ভালভাবে প্রভাব ফেলানোর মতো করে কিছু কাজ করার। তার ইচ্ছে প্লে থেকে টুয়েলভ পর্যন্ত একটা স্কুল দেয়ার। এভাবে শিখতে পারলে ভাল হতো, এবিষয় শিখতে পারলে ভাল লাগতো এইগুলোই ছেলেমেয়েদের ওই স্কুলে শেখাতে চান তিনি।</span></p>\r\n\r\n<p>&nbsp;</p>\r\n\r\n<p style=\"text-align:justify\"><span style=\"font-size:16px\">এছাড়াও তার যে আইটি ফার্ম রয়েছে সেটি এডুকেশন রিলেটেড কাজ করার চেষ্টা করছে। সফটওয়্যার ডেভেলপমেন্ট নিয়েও কাজ করছেন। তার ইচ্ছে এটাকে একটা শক্ত ভিত্তির ওপরে দাঁড় করানোর। ডিজিটাল লার্নিংকে ইফেকটিভলি স্টুডেন্টদের কাছে নিয়ে যেতে। সেটা নিয়েও কাজ করছেন এই উদ্যমী সমাজসেবক।</span></p>\r\n','',1,13,'2016-11-03 23:29:53',1,'0000-00-00 00:00:00',0,'0000-00-00 00:00:00','0000-00-00 00:00:00',0,'','',0,0,'1478194193_image-4510.jpg',0),(41,'ভ্রমণকালে যা আপনার লাগতে পারে','ভ্রমণকালে-যা-আপনার-লাগতে-পারে','<p style=\"text-align:justify\"><span style=\"font-size:16px\">সুযোগ পেলে অনেকেই ভ্রমণে বের হন। সাধ্য অনুযায়ী তা হোক দেশে কিংবা বিদেশে। তবে নিরাপদ ভ্রমণই সবার কাম্য। আর নিরাপদ থাকাটাও জরুরি। ভ্রমণপ্রেমীদের জন্য নিরাপদ ভ্রমণে কিছু টিপস দেয়া হলো।</span></p>\r\n\r\n<p>&nbsp;</p>\r\n\r\n<p style=\"text-align:justify\"><span style=\"font-size:16px\"><strong>ব্যাক প্যাক বা প্যাকার</strong>: কোথাও যাওয়ার আগে ব্যাক প্যাকার বা পেছনে ঝুলন্ত ব্যাগ নিয়ে যাওয়ার অভ্যেস করুন, যা পর্যটন বান্ধব। কেননা ভ্রমণে যাওয়ার আগে অনেকেই বিভিন্ন ধরনের কাপড়চোপড় ও নানা জিনিসপত্র নিতে চান। তাদের জন্য এটি খুবই কাজে দেবে।</span></p>\r\n\r\n<p>&nbsp;</p>\r\n\r\n<p style=\"text-align:justify\"><span style=\"font-size:16px\"><strong>আলাদা-আলাদা টাকা রাখুন:</strong> বাড়িতে কীভাবে আপনার এটিএম কার্ড কিংবা চেক বই অথবা টাকা-পয়সা রাখতে হয় তা অবশ্যই ভালোভাবে জানেন! তবে ভ্রমণের ক্ষেত্রে সেভাবে টাকা-পয়সা রাখতে যাবেন না। এক জায়গায় টাকা কিংবা এটিএম কার্ড হারিয়ে গেলে বিপদে পড়তে হবে!</span></p>\r\n\r\n<p>&nbsp;</p>\r\n\r\n<p style=\"text-align:justify\"><span style=\"font-size:16px\"><strong>মানিব্যাগ বা পার্স কখনই জিন্সের পকেটে নয়</strong>: প্যান্টের পেছন পকেটে মানিব্যাগ বা পার্স রাখা এড়িয়ে চলুন। জ্যাকেটের সামনের পকেটে রাখার চেষ্টা করুন। এছাড়া কোমরে শার্টের নিচে আলাদা বেল্টওয়ালা ব্যাগও সঙ্গে রাখতে পারেন।</span></p>\r\n\r\n<p>&nbsp;</p>\r\n\r\n<p style=\"text-align:justify\"><span style=\"font-size:16px\"><strong>গুরুত্বপূর্ণ ডকুমেন্ট ফটোকপি অথবা স্ক্যান করে রাখুন</strong>: ভ্রমণে গুরুত্বপূর্ণ নথিপত্র অর্থাৎ পাসপোর্ট এবং ভিসা, ভ্রমণ বিমা ইত্যাদি ফটোকপি ও স্ক্যান করে সঙ্গে রাখুন। তবে তা কোনোভাবেই লাগেজে রাখতে যাবেন না। লাগেজ হারিয়ে গেলে বেশ কঠিন সময়ের মুখোমুখি হতে হবে বিদেশ ভ্রমণের ক্ষেত্রে। তবে ডিজিটাল বিশ্বে এসব নথিপত্র স্ক্যান করে মেইলেও অ্যাটাচ করে রাখতে পারেন।</span></p>\r\n\r\n<p>&nbsp;</p>\r\n\r\n<p style=\"text-align:justify\"><span style=\"font-size:16px\">অপরিচিত কিংবা আগন্তুক থেকে দূরত্ব বজায় রাখুন: ভ্রমণের সময় বন্ধু বেশধারী আগন্তুক কিংবা অপরিচিতদের কাছ থেকে দূরত্ব বজায় রেখে চলুন। কারণ তারা আপনার সর্বনাশের কারণ হতে পারে। তাই ব্যক্তিগত ও ভ্রমণ নিরাপত্তার জন্য তাদের এড়িয়ে চলাই উত্তম।</span></p>\r\n\r\n<p>&nbsp;</p>\r\n\r\n<p style=\"text-align:justify\"><span style=\"font-size:16px\"><strong>ভ্রমণ বিমা করুন</strong>: সাধারণত ভ্রমণে গিয়ে অসুস্থ কিংবা আহত হলে চিকিৎসার জন্য বিমা করা হয়ে থাকে। তাৎক্ষণিকভাবে হাসপাতালের খরচাপাতি ওই বিমা থেকে পাওয়া যেতে পারে।</span></p>\r\n\r\n<p>&nbsp;</p>\r\n\r\n<p style=\"text-align:justify\"><span style=\"font-size:16px\"><strong>প্রাথমিক চিকিৎসার ব্যবস্থাও সঙ্গে রাখুন: ধরুন</strong>, কোথাও ভ্রমণে গিয়ে আপনি অসুস্থ্ হয়ে পড়লেন কিংবা সামান্য আহত হয়েছেন! তখন কী করবেন? হাসপাতাল বা ক্লিনিকে যেতে পারছেন না। সেক্ষেত্রে কাছে থাকা বিভিন্ন ওষুধ বা প্রাথমিক ওষুধপত্র কাজে লাগবে।</span></p>\r\n\r\n<p>&nbsp;</p>\r\n\r\n<p style=\"text-align:justify\"><span style=\"font-size:16px\"><strong>প্রাচুর্যতা পরিহার করুন:</strong> কোথাও ভ্রমণে গিয়ে বিত্ত-বৈভব কিংবা আপনার প্রাচুর্যতা দেখাতে যাবেন না। সেক্ষেত্রে তা হিতে বিপরীত হতে পারে, মুখোমুখি হতে পারেন নানা ঝামেলার। দামি জিনিসপত্র বিশেষ করে স্বর্ণালঙ্কার ও ক্যামেরার কারণে ছিনতাইকারীদের টার্গেট হতে পারেন আপনি। সুতরাং বিষয়টি অতি গুরুত্বপূর্ণ&hellip;</span></p>\r\n\r\n<p>&nbsp;</p>\r\n\r\n<p style=\"text-align:justify\"><span style=\"font-size:16px\"><strong>নিরাপদে রাখুন লাগেজ</strong>: রেস্টুরেন্ট কিংবা কোনো এলাকায় আপনার লাগেজ রেখে চলে যাবেন না। এতে লাগেজ হারাতে পারেন। তাই যত সম্ভব লাগেজ কিংবা ব্যাগটি কাছাকাছি রাখুন।</span></p>\r\n\r\n<p>&nbsp;</p>\r\n\r\n<p style=\"text-align:justify\"><span style=\"font-size:16px\"><strong>ইন্টারনেট ক্যাফেতে ক্রেডিট কার্ড ব্যবহারে সতর্ক হোন</strong>: ভ্রমণের সময় ইন্টারনেট ক্যাফেতে আপনার ক্রেডিট কার্ড ব্যবহারের ক্ষেত্রে সচেতন হোন। কেননা অনেক সময় ক্যাফেতে আপনার ক্রেডিট কার্ডে কী রেকর্ড করে রাখার মতো হার্ডওয়ার বা সফটওয়ার থাকতে পারে। যদি এমন হয় তবে আপনাকে বেশ ঝামেলায় পড়তে হতে পারে।</span></p>\r\n\r\n<p>&nbsp;</p>\r\n\r\n<p style=\"text-align:justify\"><span style=\"font-size:16px\"><strong>ভেবে চিন্তে ভ্রমণ সঙ্গী বাছাই করুন:</strong> আপনার কোনো স্বীকৃত শত্রুর সঙ্গে ভ্রমণে যাবেন না কখনোই। তিনি যদি প্রতিশোধ প্রবণ হন তবে আপনাকে ভুলিয়ে বিপদে ফেলতে পারেন। যদি ওই ব্যক্তি ভ্রমণে কোনো অঘটন ঘটিয়েই ফেলে তবে আপনি চিৎকারও করেও কারও সাহায্য পাবেন না। তাই ভেবে চিন্তে ভ্রমণ সঙ্গী বেছে নেয়াই উত্তম।</span></p>\r\n','',1,3,'2016-11-03 23:31:01',1,'0000-00-00 00:00:00',0,'0000-00-00 00:00:00','0000-00-00 00:00:00',0,'','',0,0,'1478194261_image-4415.jpg',0),(42,'ভ্রমণের সময় ব্যাগে কি রাখবেন?','ভ্রমণের-সময়-ব্যাগে-কি-রাখবেন?','<p style=\"text-align:justify\"><span style=\"font-size:16px\">দূরে কোথাও ঘুরতে যেতে গেলে মেয়েদের ব্যাগটি একটু যেন বেশি বড় হয়েই থাকে। বিশেষ করে পোশাক ও মেকাপের কিট! মেকাপ ছাড়া আজকাল অনেক আধুনিকা নারীর জীবনই অচল। তবে হ্যাঁ, ভ্রমণ করতে গেলে অনেকেই কিন্তু না বুঝে অপ্রয়োজনীয় মেকআপের জিনিস দিয়ে ব্যাগ ভরে ফেলেন, কিন্তু কাজের সময় দেখা যায় যে কিছুই খুঁজে পাচ্ছেন না। ভ্রমণের সময় ব্যাগে রাখুন এই প্রয়োজনীয় মেকআপের জিনিসগুলো, অহেতুক অনেক জিনিস বহন না করলেও চলবে!</span></p>\r\n\r\n<p>&nbsp;</p>\r\n\r\n<p style=\"text-align:justify\"><span style=\"font-size:16px\"><strong>ওভার নাইট প্যাক:</strong> ভ্রমণের সময় ত্বকে ধুলোবালি জমে ময়লা বেশি হয়ে থাকে। তাই রাতে প্যাক লাগানো বেশ প্রয়োজন। ঘুমাতে যাওয়ার আগে একটি ওভার নাইট ফেসপ্যাক লাগিয়ে নিন। বাজারে নানা ধরনের ওভার নাইট ফেসপ্যাক কিনতে পাওয়া যায়। ত্বকের ধরণ অনুযায়ী প্যাক ব্যবহার করুন।</span></p>\r\n\r\n<p>&nbsp;</p>\r\n\r\n<p style=\"text-align:justify\"><span style=\"font-size:16px\"><strong>শ্যাম্পু</strong>: ভ্রমণের ব্যাগে অবশ্যই শ্যাম্পু রাখুন। ভ্রমণের সময় সবচেয়ে বেশি ময়লা হয় চুল। প্রায় প্রতিদিন চুল ধোয়ার প্রয়োজন পড়ে। তাই ব্যাগে শ্যাম্পু রাখতে ভুলবেন না।</span></p>\r\n\r\n<p>&nbsp;</p>\r\n\r\n<p style=\"text-align:justify\"><span style=\"font-size:16px\"><strong>ব্রাইট লিপস্টিক:</strong> উজ্জ্বল রঙের লিপস্টিকে আপনাকে নিমিষে উজ্জ্বল দেখাবে। ত্বকের মলিনতা, ক্লান্তিবোধ দূর করে দেবে একটি উজ্জ্বল রঙের লিপস্টিক। ব্রাইট লিপস্টিক থাকলে প্রয়োজন পড়বে না অন্য কোন মেকআপের।</span></p>\r\n\r\n<p>&nbsp;</p>\r\n\r\n<p style=\"text-align:justify\"><span style=\"font-size:16px\"><strong>কনসিলার:</strong> ফাউন্ডেশন ব্যবহার করে ভ্রমণের মূল্যবান সময় নষ্ট করবেন? কোন প্রয়োজন নেই। ফাউন্ডেশনের কাজ করে দেবে কনসিলার। ত্বকে কনসিলার ম্যাসাজ করে লাগিয়ে বেরিয়ে পড়ুন ভ্রমণে।</span></p>\r\n\r\n<p>&nbsp;</p>\r\n\r\n<p style=\"text-align:justify\"><span style=\"font-size:16px\"><strong>সানস্ক্রিন:</strong> ব্যাগে অব্যশই সানস্ক্রিন রাখুন। এটি কয়েক ঘণ্টা পর পর ত্বকে লাগান। সানস্ক্রিন ত্বককে সূর্যের ক্ষতিকর রশ্মি থেকে রক্ষা করবে। এছাড়াও টুথ ব্রাশ, চিরুনি, সুগন্ধী, আইলাইনার, কাজলের মত প্রয়োজনীয় মেকআপ সামগ্রী ভ্রমণের ব্যাগে রাখতে পারেন।</span></p>\r\n','',1,18,'2016-11-03 23:32:32',1,'0000-00-00 00:00:00',0,'0000-00-00 00:00:00','0000-00-00 00:00:00',0,'','',0,0,'1478194352_image-4577.jpg',0),(43,'বিশ্বের সব প্রান্তে শুনি তোমার জয়ধ্বনি','বিশ্বের-সব-প্রান্তে-শুনি-তোমার-জয়ধ্বনি','<p style=\"text-align:justify\"><span style=\"font-size:16px\">শেখ হাসিনার গতিশীল নেতৃত্বে বাংলাদেশে আজ সারা বিশ্বে উন্নয়নের অনুকরণীয় মডেল আর ১৩১৪ মার্কিন ডলার মাথাপিছু আয় নিয়ে মধ্যম আয়ের দেশে উন্নীত। বঙ্গোপসাগরে ৩৫০ নটিক্যাল মাইল জুড়ে আমাদের সার্বভৌমত্ব প্রতিষ্ঠিত। বিচারহীনতার কলঙ্ক ঘুচিয়ে জাতির পিতা বঙ্গবন্ধু</span></p>\r\n\r\n<p>&nbsp;</p>\r\n\r\n<p style=\"text-align:justify\"><span style=\"font-size:16px\">শেখ মুজিবুর রহমানের খুনিদের বিচারের রায় কার্যকর করা হয়েছে। তাঁর অসম সাহসী ভূমিকার ফলেই একাত্তরের নরঘাতক যুদ্ধাপরাধীদের বিচার ও বিচারের রায় কার্যকর হচ্ছে।<br />\r\nবর্তমান অস্থির ও বিপদসংকুল বিশ্বে গণতন্ত্র, শিক্ষা, শান্তি ও দারিদ্র্যহ্রাসের আন্তর্জাতিক স্বীকৃতি স্বরূপ জাতিসংঘ, ইউনেস্কো, এফএওসহ বিভিন্ন বিশ্বসংস্থা কর্তৃক অসংখ্য পুরস্কার এবং সম্মাননা লাভ করেছেন। বিশ্বের ছয়টি খ্যাতনামা বিশ্ববিদ্যালয় তাঁকে সম্মানসূচক ডক্টরেট ডিগ্রি প্রদান করেছে। জলবায়ু পরিবর্তনের বিরূপ প্রভাব মোকাবেলা এবং পরিবেশ উন্নয়নে কৃতিত্বপূর্ণ অবদানের জন্যে জাতিসংঘের পরিবেশ বিষয়ক সর্বোচ্চ পুরস্কার &lsquo;চ্যাম্পিয়ন্স অব দ্যা আর্থ&rsquo; পুরস্কারও তিনি পেয়েছেন।</span></p>\r\n\r\n<p>&nbsp;</p>\r\n\r\n<p style=\"text-align:justify\"><span style=\"font-size:16px\">প্রধানমন্ত্রী ও আওয়ামী লীগের সভাপতি শেখ হাসিনার ৭০তম জন্মদিন বুধবার। বাংলাদেশের স্থপতি বঙ্গবন্ধু শেখ মুজিবুর রহমান ও বেগম ফজিলাতুন্নেছার প্রথম সন্তান তিনি। ১৯৪৭ সালের আজকের দিনে গোপালগঞ্জের টুঙ্গিপাড়ায় তিনি জন্মগ্রহণ করেন।<br />\r\nজননেত্রী শেখ হাসিনা দীর্ঘ ছয় বছর পরবাসে নির্বাসিত থেকে বিএনপি-জামায়াতের অনেক বাধাবিপত্তি, যাত্রাপথে চক্রান্তকারীদের নানাবিধ ভীতি প্রদর্শন, এমনকি জীবননাশের হুমকিকেও তোয়াক্কা না করে ১৯৮১ সালের ১৭ মে লাখো কোটি জনতার ভালোবাসায় সিক্ত হয়ে স্বদেশের পবিত্র ভূমিতে পা রাখেন।<br />\r\n১৯৮১ সালের ১৩-১৫ ফেব্রুয়ারি অনুষ্ঠিত বাংলাদেশ আওয়ামী লীগের দ্বিবার্ষিক জাতীয় কাউন্সিল অধিবেশনে জননেত্রী শেখ হাসিনার অনুপস্থিতিতে সর্বসম্মতিক্রমে তাকে আওয়ামী লীগের সভাপতি নির্বাচিত করা হয়। বাংলাদেশ আওয়ামী লীগের তৎকালীন নেতাদের এটা ছিল এক দূরদর্শী, প্রজ্ঞাশীল ও বিকল্পহীন ত্যাগী সিদ্ধান্ত। ১৯৭৫ থেকে ১৯৮১ প্রায় ছয় বছর পর ১৯৮১ সালের ১৭ মে বাঙালি জাতির প্রাণের বিশ্বস্ত নির্ভীক ও দুঃসাহসিক নেত্রী শেখ হাসিনা ফিরে আসেন তার প্রিয় স্বদেশবাসীর কাছে। সেদিন ঢাকা কুর্মিটোলা বিমানবন্দরে তাকে স্বাগত জানাতে লাখ লাখ মুক্তিপ্রিয় জনতার ঢল নামে।<br />\r\nবাংলাদেশের মুক্তিযুদ্ধের সঠিক ইতিহাস ও গণতন্ত্রের পুনঃযাত্রার জন্য এটা ছিল এক ঐতিহাসিক মাইলফলক ঘটনা। আওয়ামী লীগের সভানেত্রী হিসেবে দায়িত্ব নেয়ার পর স্বদেশের পবিত্র মাটিতে পা রেখেই আশাহত জাতিকে শোনালেন &lsquo;আমি আওয়ামী লীগের নেতা হওয়ার জন্য আসিনি। বাংলার মানুষের মুক্তিসংগ্রামে অংশ নিতে এসেছি। আপনাদের বোন হিসেবে, মেয়ে হিসেবে, বঙ্গবন্ধুর আদর্শের একজন নিবেদিতপ্রাণ কর্মী হিসেবে আমি চির বঞ্চিত মানুষের পাশে থাকতে এসেছি।&rsquo;<br />\r\nতিনি জাতির উদ্দেশে বললেন, &lsquo;বাবা, মা, ভাই সব হারিয়েছি। আমার ছোট ভাইটিও ঘাতকদের বুলেটের নির্মম শেখ হাসিনার নেতৃত্ব এবং দেশের অগ্রযাত্রা আঘাত থেকে মুক্তি পায়নি। আজ আপনারাই আমার পরম আত্মীয়। স্বামী-সংসার, ছেলে রেখে তাই আপনাদের কাছে এসেছি। আপনাদের অকৃত্রিম ভালোবাসা ও আশীর্বাদ নিয়ে আগামী দিনের সংগ্রামে নামতে চাই। মৃত্যুকে ভয় পাই না। বঙ্গবন্ধুর আদর্শ বাস্তবায়নের সংগ্রাম চলবেই&rsquo;। স্বাধীনতার বিপক্ষের শক্তিগুলো সম্পর্কে মন্তব্য করতে গিয়ে তিনি বলেন, &lsquo;বাংলার মানুষের মুক্তির জন্য বঙ্গবন্ধু সংগ্রাম করেছিলেন। আমি সেই পথ ধরে চলতে চাই। আদর্শের জন্য মরাও পুণ্যের কাজ।&rsquo;<br />\r\nবঞ্চিত, অসহায়, শোকাহত ও দিশেহারা বাঙালি জাতি সেদিন প্রাণপ্রিয় নেত্রী শেখ হাসিনাকে তাদের মধ্যে ফিরে পেয়ে জেগে উঠেছিল নতুন আশায়, নতুন স্বপ্ন ও উদ্যমে। জননেত্রী শেখ হাসিনার প্রথম ভাষণের দৃপ্ত উচ্চারণ ছিল বঙ্গবন্ধুর স্বপ্ন ও আদর্শ প্রতিষ্ঠার আপসহীন প্রতিশ্রুতি। তিনি মুক্তিযুদ্ধের চেতনা, স্বাধীনতার মূল্যবোধ ও গণতন্ত্র প্রতিষ্ঠার দৃঢ় প্রত্যয় নিয়ে সবাইকে এগিয়ে যাওয়ার উদাত্ত আহ্বান জানান।</span></p>\r\n\r\n<p>&nbsp;</p>\r\n\r\n<p style=\"text-align:justify\"><span style=\"font-size:16px\"><img alt=\"\" src=\"http://bbarta24.net/new/assets/gallery/has.jpg\" style=\"height:450px; width:750px\" /></span></p>\r\n\r\n<p><br />\r\n<span style=\"font-size:16px\">বিশ্বের সব প্রান্তে শুনি তোমার জয়ধ্বনি<br />\r\nবিএনপি-জামায়াত জোটসহ দেশি-বিদেশি সব কুচক্রীর ১৯বার তাকে হত্যার অপচেষ্টা, উন্নয়ন কর্মে নানাবিধ বাধা সৃষ্টি, অপপ্রচার, মিথ্যাচার, নৃশংসতা, পৈশাচিক হত্যাযজ্ঞ সত্ত্বেও নিজ জীবন বাজি রেখে জাতির পিতার রেখে যাওয়া অসমাপ্ত কার্যক্রম সম্পন্ন করার মাধ্যমে জাতির পিতার স্বপ্নের সোনার বাংলা প্রতিষ্ঠার সংগ্রাম তিনি অব্যাহত রেখে গোটা জাতিকে ক্রমান্বয়ে সংঘবদ্ধ করে একের পর এক জাতিকে সাফল্য এনে দেন।<br />\r\nজাতির পিতা বঙ্গবন্ধু শেখ মুজিবুর রহমানের নেতৃত্বে এক সাগর রক্তে অর্জিত বাংলাদেশ আমরা হারাতে বসেছিলাম কিন্তু আমাদের পরম সৌভাগ্য যে, মহান আল্লাহর অসীম কৃপায় বঙ্গবন্ধুরই সুযোগ্য সফল উত্তরসূরি ও বাঙালি জাতির আশা-আকাক্সক্ষার অনন্য প্রতীক বর্তমান প্রধানমন্ত্রী জননেত্রী শেখ হাসিনা দেশে ফিরে এসে সঠিক ও দুঃসাহসিক নেতৃত্ব দিয়ে দেশকে পুনরুজ্জীবিত ও দ্রুত অগ্রগামী করছেন।<br />\r\n১৯৮১ থেকে ২০১৬, দীর্ঘ ৩৫ বছর পেরিয়ে গেল। জননেত্রী শেখ হাসিনার নেতৃত্বে স্বাধীনতার চেতনার পুনরুত্থানসহ যেসব রাজনৈতিক, অর্থনৈতিক এবং সামাজিক সাফল্য অর্জিত হয়েছে সেগুলোর মধ্যে অন্যতম হচ্ছে- ১৯৯১ সালে তারই সুকৌশল নেতৃত্বে অগণতান্ত্রিক শাসন ব্যবস্থার পতন ঘটিয়ে আন্দোলনের মাধ্যমে বাংলাদেশের ঐতিহ্যবাহী দল আওয়ামী লীগকে তৎকালীন বৃহত্তম বিরোধী দল হিসেবে পুনঃপ্রতিষ্ঠা করা, দীর্ঘ একুশ বছর রাজনৈতিক সংগ্রামের পথ পাড়ি দিয়ে আওয়ামী লীগকে তিনবার ক্ষমতায় অধিষ্ঠিত করা, ইনডেমনিটি অধ্যাদেশ বাতিল করে বঙ্গবন্ধুসহ তার পরিবারের খুনিদের চিহ্নিত করে বিচারের আওতায় এনে দোষীদের বিচার এবং কয়েকজনের ফাঁসির রায় কার্যকর করা ও বাকিদের বিরুদ্ধে রায় কার্যকর করার প্রচেষ্টা অব্যাহত রাখা, আন্তর্জাতিক ট্রাইব্যুনাল গঠন করে আন্তর্জাতিক মানদণ্ড ও নিয়ম অনুসরণ করে যুদ্ধাপরাধীদের বিচার ও ফাঁসির রায় কার্যকর করা এবং বাকিদের বিরুদ্ধে বিচার ও রায় কার্যকর করার কার্যক্রম অব্যাহত রাখা, বিএনপি-জামায়াত জোটের সন্ত্রাসী কার্যক্রম প্রতিরোধে কার্যকর ব্যবস্থা জোরদারের মাধ্যমে জাতীয় এবং আন্তর্জাতিক নিরাপত্তা বিধানের লক্ষ্যে সমন্বিত পরিকল্পনা গ্রহণ এবং বাংলাদেশ আওয়ামী লীগের নেতৃত্বে বাঙালি জাতিকে একতাবদ্ধ করে বাংলার খেটে খাওয়া মেহনতি মানুষদের দুর্দিন বদলে দিয়ে সুদিনের দোরগোড়ায় পৌঁছানো।<br />\r\nবাংলাদেশের গণতন্ত্রের মানসকন্যা জননেত্রী সুদীর্ঘ পঁয়ত্রিশ বছর ধরে নানা চড়াই-উৎরাই ও ত্যাগ-তিতিক্ষা উপেক্ষা করে বঙ্গবন্ধুর স্বপ্নের বাংলাদেশ ও বাংলার গরিব-দুঃখী মেহনতি মানুষের মুখে হাসি ফোটানোর জন্য নিরন্তর সংগ্রাম করে চলেছেন। আজকের সফল ও জনগণের নেত্রী শেখ হাসিনা কেবল তার পরিবার বা দলের নন, তিনি সব বাঙালির অতি আস্থাভাজন আপনজন।<br />\r\nরূপকল্প ২০২১ অনুযায়ী মধ্যম আয়ের বাংলাদেশ এবং ২০৪১ সালের মধ্যে উন্নত বাংলাদেশ প্রতিষ্ঠার নিমিত্তে ২০০৯ সাল থেকে দিন বদলের অঙ্গীকার নিয়ে তিনি যে উন্নয়নের ধারা অব্যাহত রেখেছেন তা সত্যিই জাতীয় ও আন্তর্জাতিক পর্যায়ে আজ প্রশংসিত হচ্ছে। তার গতিশীল নেতৃত্বে জাতিসংঘে ঘোষিত মিলেনিয়াম ডেভেলপমেন্ট লক্ষ্যমাত্রা ২০১৫ সালেই অর্জিত হয়েছে এবং নতুনভাবে সাসটেইনেবল ডেভেলপমেন্ট লক্ষ্যমাত্রা অর্জনের ঘোষণা দিয়ে সে লক্ষ্যে গোটা জাতিকে নিবেদিত করেছেন।<br />\r\nবাস্তবতার পরিপ্রেক্ষিতে বলা যায়, ২০২১ সালের আগেই বাংলাদেশ একটি মধ্যম আয়ের সুখীসুন্দর দেশ হিসেবে বিশ্বের মানচিত্রে মাথা উঁচু করে দাঁড়াবে। তথ্যপ্রযুক্তিতে মাননীয় প্রধানমন্ত্রীর সুশিক্ষিত এবং বাস্তব প্রায়োগিক নীতিনির্ধারণে বিশেষজ্ঞ সন্তান সজীব ওয়াজেদ জয়ের পরামর্শ এবং সহায়তায় দেশে তথ্যপ্রযুক্তি ক্ষেত্রে যুগান্তকারী বিপ্লব সাধিত হয়েছে। দেশ ২০৪১ সালের মধ্যে আশা করা যায় জননেত্রী শেখ হাসিনার দিকনির্দেশনায় উন্নত বাংলাদেশ হিসেবে বিশ্বমানচিত্রে আত্মপ্রকাশ করবে।<br />\r\nজয়তু নন্দিত নেত্রী শেখ হাসিনা; বিশ্বসভায় শুনি তোমার জয়ধ্বনি।</span></p>\r\n','',1,9,'2016-11-03 23:33:33',1,'0000-00-00 00:00:00',0,'0000-00-00 00:00:00','0000-00-00 00:00:00',0,'','',0,1,'1478194413_image-593.jpg',0),(44,'রেমাক্রির শীতল সুন্দরী নাফাকুম','রেমাক্রির-শীতল-সুন্দরী-নাফাকুম','<p style=\"text-align:justify\"><span style=\"font-size:16px\">অনুপম নৈসর্গিক দৃশ্য। দু&rsquo;পাশে সুউচ্চ পাথুরে পাহাড়, মাঝ দিয়ে বয়ে গেছে রেমাক্রির খাল। স্রোত আর অবয়ব দেখে মনে হয় ছোট-খাট এক নদী! এর ঠিক উজানেই নাফাকুম জলপ্রপাত (স্থানীয় ভাষায় নাফাখুং)। সাঁ সাঁ শব্দে উঁচু পাহাড় থেকে অবিরাম গড়িয়ে পড়ছে শীতল পানি। মেঘের মতো উড়ে আসা শুভ্র এ পানি আলতো করে ছুঁয়ে দেখলেই এর শীতল পরশ মুহূর্তে ক্লান্তি ভুলিয়ে দেবে।</span></p>\r\n\r\n<p>&nbsp;</p>\r\n\r\n<p style=\"text-align:justify\"><span style=\"font-size:16px\">বর্ষায় যৌবনবতী নাফাকুম দেখতে বেশ মোহনীয়। আর তাই তো পাথুরে নদী সাঙ্গুতে উজান বেয়ে, সাঁতরে কিংবা বন্ধুর পাহাড় অতিক্রম করে হলেও নাফাকুম দেখতে যান অনেকে। স্থানীয় মারমা ভাষায় নাফা অর্থ মাছ, কুম অর্থ গভীর। অর্থাৎ গভীর কূপের মাছ। সমুদ্রপৃষ্ঠ থেকে প্রায় ২০০০ ফুট উপরে পাহাড়ি গহীন অরণ্যের ভেতরে নির্জন উহেসিং পাড়ায় নাফাকুমের অবস্থান।</span></p>\r\n\r\n<p>&nbsp;</p>\r\n\r\n<p style=\"text-align:justify\"><span style=\"font-size:16px\">নাফাকুম যেতে পাথুরে খরস্রোতা সাঙ্গুতে ভেসে ভেসে উজানে উপরে ওঠা বেশ কঠিন কাজ। কিন্তু নৌকার মাঝি দিদারুল ইসলাম বেশ দক্ষতার সঙ্গে সে কাজটা করলেন। এর আগে তার সাবধান বার্তা, হাত নৌকার রেলিংয়ে রাখা যাবে না। পাথরে লেগে দুর্ঘটনা ঘটার আশঙ্কা আছে।</span></p>\r\n','',1,4,'2016-11-03 23:35:32',1,'0000-00-00 00:00:00',0,'0000-00-00 00:00:00','0000-00-00 00:00:00',0,'','',0,0,'1478194532_image-3517.jpg',0),(45,'সমুদ্রে নিম্নচাপ, কয়েক দিন বৃষ্টি হতে পারে','সমুদ্রে-নিম্নচাপ,-কয়েক-দিন-বৃষ্টি-হতে-পারে','<div>\r\n<p><span style=\"font-size:16px\">নিম্নচাপের প্রভাবে রাজধানীসহ দেশের বিভিন্ন স্থানে আজ বৃহস্পতিবার বিকেলে বৃষ্টি হয়েছে। আবহাওয়া অফিস জানিয়েছে, এই নিম্নচাপের প্রভাবে বৃষ্টি আরও কয়েক দিন হতে পারে। এ ছাড়া নিম্নচাপটি ঘূর্ণিঝড়েও রূপ নিতে পারে বলে জানিয়েছে তারা।</span></p>\r\n\r\n<div class=\"fb-quote fb_iframe_widget\" style=\"position: absolute; left: 653px; top: 441px;\">&nbsp;</div>\r\n\r\n<p>&nbsp;</p>\r\n\r\n<p><span style=\"font-size:16px\">বিকেলে বৃষ্টির কারণে নগরের বিভিন্ন সড়কে পানি জমে যায়। হঠাৎ বৃষ্টিতে বিপাকে পড়ে পথচারীরা। থেমে থেমে ভারী বৃষ্টি হয়। এতে অনেকেই ভিজে যায়। বৃষ্টিতে রাজধানীতে তাপমাত্রাও কমে এসেছে।</span></p>\r\n\r\n<p><span style=\"font-size:16px\">আবহাওয়াবিদ ওমর ফারুক প্রথম আলোকে জানান, উত্তর বঙ্গোপসাগরে গভীর সঞ্চালনশীল মেঘমালা সৃষ্টি অব্যাহত আছে। এ জন্য নিম্নচাপ সৃষ্টি হয়েছে। নিম্নচাপটি এখন পশ্চিম মধ্য বঙ্গোপসাগরে রয়েছে। এর প্রভাবে ঘূর্ণিঝড়ও হতে পারে। তিনি আরও জানান নিম্নচাপের কারণে সমুদ্রবন্দরগুলোকে স্থানীয় ৩ নম্বর সতর্কসংকেত দেখতে বলা হয়েছে। এ ধরনের বৃষ্টি আরও হতে পারে বলে জানিয়েছে আবহাওয়া অধিদপ্তর।</span></p>\r\n\r\n<p><span style=\"font-size:16px\">আজ ​বৃহস্পতিবার উপকূল এলাকাগুলোতেও বৃষ্টি হয়েছে। সেখানে মাঝারি ঝোড়ো হাওয়া বয়ে গেছে। অবশ্য নিম্নচাপের কারণে এখন পর্যন্ত সমুদ্র বা নদীবন্দরে কোনো সতর্কসংকেত জারি করেনি আবহাওয়া দপ্তর।</span></p>\r\n</div>\r\n','',1,17,'2016-11-03 23:39:01',1,'0000-00-00 00:00:00',0,'0000-00-00 00:00:00','0000-00-00 00:00:00',0,'','',0,0,'1478194741_weather3.jpg',0);

/*Table structure for table `os_content_category` */

DROP TABLE IF EXISTS `os_content_category`;

CREATE TABLE `os_content_category` (
  `id` int(11) NOT NULL AUTO_INCREMENT,
  `parent_id` int(11) unsigned NOT NULL DEFAULT '0',
  `title` varchar(255) NOT NULL,
  `alias` varchar(255) CHARACTER SET utf8 COLLATE utf8_bin NOT NULL,
  `description` text NOT NULL,
  `published` tinyint(1) NOT NULL DEFAULT '1',
  `created_by` int(11) DEFAULT NULL,
  `created_time` datetime NOT NULL DEFAULT '0000-00-00 00:00:00',
  `modified_by` int(11) DEFAULT NULL,
  `modified_time` datetime NOT NULL DEFAULT '0000-00-00 00:00:00',
  PRIMARY KEY (`id`),
  KEY `cat_idx` (`published`),
  KEY `idx_alias` (`alias`)
) ENGINE=InnoDB AUTO_INCREMENT=27 DEFAULT CHARSET=utf8;

/*Data for the table `os_content_category` */

insert  into `os_content_category`(`id`,`parent_id`,`title`,`alias`,`description`,`published`,`created_by`,`created_time`,`modified_by`,`modified_time`) values (1,0,'Uncategorized','uncategorized','Uncategorized content here!',1,1,'0000-00-00 00:00:00',1,'2013-03-12 09:18:00'),(2,0,'জাতীয়','জাতীয়','',1,1,'2013-03-12 08:14:00',1,'2015-03-05 22:19:28'),(3,0,'আর্ন্তজাতিক সম্পর্ক','আর্ন্তজাতিক-সম্পর্ক','',1,1,'2015-03-05 22:19:44',NULL,'0000-00-00 00:00:00'),(4,0,'প্রবাস','প্রবাস','',1,1,'2015-03-05 22:22:11',NULL,'0000-00-00 00:00:00'),(5,0,'রাজনীতি','রাজনীতি','',1,1,'2015-03-05 22:22:23',NULL,'0000-00-00 00:00:00'),(6,0,'সারাদেশ','সারাদেশ','',1,1,'2015-03-05 22:22:36',NULL,'0000-00-00 00:00:00'),(7,0,'তথ্যপ্রযুক্তি','তথ্যপ্রযুক্তি','',1,1,'2015-03-05 22:22:48',NULL,'0000-00-00 00:00:00'),(8,0,'বিনোদন','বিনোদন','',1,1,'2015-03-05 22:23:00',NULL,'0000-00-00 00:00:00'),(9,0,'মতামত – বিশ্লেষন','মতামত-–-বিশ্লেষন','',1,1,'2015-03-05 22:23:47',NULL,'0000-00-00 00:00:00'),(10,0,'ENGLISH','english','',1,1,'2015-03-05 22:23:59',NULL,'0000-00-00 00:00:00'),(11,0,'এক্সক্লুসিভ','এক্সক্লুসিভ','',1,1,'2015-03-05 22:25:10',NULL,'0000-00-00 00:00:00'),(12,0,'পর্যটন','পর্যটন','',1,1,'2015-03-05 22:25:35',NULL,'0000-00-00 00:00:00'),(13,0,'ফিচার','ফিচার','',1,1,'2015-03-05 22:30:26',NULL,'0000-00-00 00:00:00'),(14,0,'শিল্প ও সাহিত্য','শিল্প-ও-সাহিত্য','',1,1,'2015-03-05 22:31:16',NULL,'0000-00-00 00:00:00'),(15,0,'শিক্ষা','শিক্ষা','',1,1,'2015-03-05 22:31:39',NULL,'0000-00-00 00:00:00'),(16,0,'স্বাস্থ্য','স্বাস্থ্য','',1,1,'2015-03-05 22:32:09',NULL,'0000-00-00 00:00:00'),(17,0,'আবহাওয়া','আবহাওয়া','',1,1,'2015-03-05 22:32:40',NULL,'0000-00-00 00:00:00'),(18,0,'লাইফ ষ্টাইল','লাইফ-ষ্টাইল','',1,1,'2015-03-05 22:32:59',1,'2015-03-05 22:33:29'),(19,0,'আর্ন্তজাতিক','আর্ন্তজাতিক','',1,1,'2015-03-05 22:34:06',NULL,'0000-00-00 00:00:00'),(20,0,'খেলাধুলার খবর','খেলাধুলার-খবর','',1,1,'2015-03-05 22:35:27',NULL,'0000-00-00 00:00:00'),(21,0,'আইন আদালত','আইন-আদালত','',1,1,'2015-03-05 22:35:44',NULL,'0000-00-00 00:00:00'),(22,0,'বোস্টনের খবর','বোস্টনের-খবর','',1,1,'2015-06-16 20:13:35',1,'2016-06-17 11:11:22'),(23,0,'নিউয়র্কের খবর','নিউয়র্কের-খবর','',1,1,'2015-06-16 20:13:49',1,'2016-06-17 11:11:47'),(24,0,'যুক্তরাষ্ট্রের খবর','যুক্তরাষ্ট্রের-খবর','',1,1,'2015-06-16 20:13:59',1,'2016-06-17 11:13:01'),(25,0,'প্রবাসীদের খবর','প্রবাসীদের-খবর','',1,1,'2015-06-16 20:14:13',1,'2016-06-17 11:12:58'),(26,0,'নানান আয়োজন','নানান-আয়োজন','',1,1,'2015-06-16 20:14:24',1,'2016-06-17 11:13:22');

/*Table structure for table `os_content_image` */

DROP TABLE IF EXISTS `os_content_image`;

CREATE TABLE `os_content_image` (
  `id` int(11) NOT NULL AUTO_INCREMENT COMMENT 'ID',
  `content` int(11) DEFAULT NULL COMMENT 'Content',
  `title` varchar(250) COLLATE utf8_unicode_ci DEFAULT NULL COMMENT 'Title',
  `content_image` varchar(250) COLLATE utf8_unicode_ci DEFAULT NULL COMMENT 'Image',
  `created` timestamp NOT NULL DEFAULT CURRENT_TIMESTAMP ON UPDATE CURRENT_TIMESTAMP COMMENT 'Created',
  PRIMARY KEY (`id`)
) ENGINE=InnoDB AUTO_INCREMENT=13 DEFAULT CHARSET=utf8 COLLATE=utf8_unicode_ci;

/*Data for the table `os_content_image` */

insert  into `os_content_image`(`id`,`content`,`title`,`content_image`,`created`) values (1,13,'','1466237819_boston-duaane-2016-apr.jpg','2016-06-18 01:16:59'),(2,14,'','1466238101_b123.jpg','2016-06-18 01:21:41'),(3,15,'','','2016-06-18 01:27:25'),(4,15,'','1466238472_harvard-university.jpg','2016-06-18 01:27:52'),(5,16,'','1466239688_78ac901dbaedc02b50732cedae5dc0d5-mustafizur-rahman.jpg','2016-06-18 01:48:08'),(6,16,'','','2016-06-18 01:48:11'),(7,17,'','1470679916_1470674245_buygoston.jpg','2016-08-08 11:11:56'),(8,17,'','1470679916_1470674245_buygoston.jpg','2016-08-08 11:11:56'),(9,17,'','1470680144_1470674245_buygoston.jpg','2016-08-08 11:15:44'),(10,17,'','','2016-08-08 11:17:05'),(11,17,'','1470680329_1470674245_buygoston.jpg','2016-08-08 11:18:49'),(12,17,'','','2016-08-08 11:19:59');

/*Table structure for table `os_country` */

DROP TABLE IF EXISTS `os_country`;

CREATE TABLE `os_country` (
  `id` int(11) NOT NULL AUTO_INCREMENT,
  `worldzone_id` tinyint(11) NOT NULL DEFAULT '1',
  `country_name` varchar(255) DEFAULT NULL,
  `country_3_code` char(3) DEFAULT NULL,
  `country_2_code` char(2) DEFAULT NULL,
  `ordering` int(2) NOT NULL DEFAULT '0',
  `published` tinyint(1) NOT NULL DEFAULT '1',
  `created_on` datetime NOT NULL DEFAULT '0000-00-00 00:00:00',
  `created_by` int(11) NOT NULL DEFAULT '0',
  `modified_on` datetime NOT NULL DEFAULT '0000-00-00 00:00:00',
  `modified_by` int(11) NOT NULL DEFAULT '0',
  `locked_on` datetime NOT NULL DEFAULT '0000-00-00 00:00:00',
  `locked_by` int(11) NOT NULL DEFAULT '0',
  PRIMARY KEY (`id`),
  KEY `idx_country_3_code` (`country_3_code`),
  KEY `idx_country_2_code` (`country_2_code`)
) ENGINE=MyISAM AUTO_INCREMENT=250 DEFAULT CHARSET=utf8 COMMENT='Country records';

/*Data for the table `os_country` */

insert  into `os_country`(`id`,`worldzone_id`,`country_name`,`country_3_code`,`country_2_code`,`ordering`,`published`,`created_on`,`created_by`,`modified_on`,`modified_by`,`locked_on`,`locked_by`) values (1,1,'Afghanistan','AFG','AF',1,1,'2014-10-10 02:24:16',1,'2014-10-10 02:24:39',0,'0000-00-00 00:00:00',0),(2,1,'Albania','ALB','AL',0,1,'2014-10-10 02:24:16',1,'2014-10-10 02:24:39',0,'0000-00-00 00:00:00',0),(3,1,'Algeria','DZA','DZ',0,1,'2014-10-10 02:24:16',1,'2014-10-10 02:24:39',0,'0000-00-00 00:00:00',0),(4,1,'American Samoa','ASM','AS',0,1,'2014-10-10 02:24:16',1,'2014-10-10 02:24:39',0,'0000-00-00 00:00:00',0),(5,1,'Andorra','AND','AD',0,1,'2014-10-10 02:24:16',1,'2014-10-10 02:24:39',0,'0000-00-00 00:00:00',0),(6,1,'Angola','AGO','AO',0,1,'2014-10-10 02:24:16',1,'2014-10-10 02:24:39',0,'0000-00-00 00:00:00',0),(7,1,'Anguilla','AIA','AI',0,1,'2014-10-10 02:24:16',1,'2014-10-10 02:24:39',0,'0000-00-00 00:00:00',0),(8,1,'Antarctica','ATA','AQ',0,1,'2014-10-10 02:24:16',1,'2014-10-10 02:24:39',0,'0000-00-00 00:00:00',0),(9,1,'Antigua and Barbuda','ATG','AG',0,1,'2014-10-10 02:24:16',1,'2014-10-10 02:24:39',0,'0000-00-00 00:00:00',0),(10,1,'Argentina','ARG','AR',0,1,'2014-10-10 02:24:16',1,'2014-10-10 02:24:39',0,'0000-00-00 00:00:00',0),(11,1,'Armenia','ARM','AM',0,1,'2014-10-10 02:24:16',1,'2014-10-10 02:24:39',0,'0000-00-00 00:00:00',0),(12,1,'Aruba','ABW','AW',0,1,'2014-10-10 02:24:16',1,'2014-10-10 02:24:39',0,'0000-00-00 00:00:00',0),(13,1,'Australia','AUS','AU',0,1,'2014-10-10 02:24:16',1,'2014-10-10 02:24:39',0,'0000-00-00 00:00:00',0),(14,1,'Austria','AUT','AT',0,1,'2014-10-10 02:24:16',1,'2014-10-10 02:24:39',0,'0000-00-00 00:00:00',0),(15,1,'Azerbaijan','AZE','AZ',0,1,'2014-10-10 02:24:16',1,'2014-10-10 02:24:39',0,'0000-00-00 00:00:00',0),(16,1,'Bahamas','BHS','BS',0,1,'2014-10-10 02:24:16',1,'2014-10-10 02:24:39',0,'0000-00-00 00:00:00',0),(17,1,'Bahrain','BHR','BH',0,1,'2014-10-10 02:24:16',1,'2014-10-10 02:24:39',0,'0000-00-00 00:00:00',0),(18,1,'Bangladesh','BGD','BD',0,1,'2014-10-10 02:24:16',1,'2014-10-10 02:24:39',0,'0000-00-00 00:00:00',0),(19,1,'Barbados','BRB','BB',0,1,'2014-10-10 02:24:16',1,'2014-10-10 02:24:39',0,'0000-00-00 00:00:00',0),(20,1,'Belarus','BLR','BY',0,1,'2014-10-10 02:24:16',1,'2014-10-10 02:24:39',0,'0000-00-00 00:00:00',0),(21,1,'Belgium','BEL','BE',0,1,'2014-10-10 02:24:16',1,'2014-10-10 02:24:39',0,'0000-00-00 00:00:00',0),(22,1,'Belize','BLZ','BZ',0,1,'2014-10-10 02:24:16',1,'2014-10-10 02:24:39',0,'0000-00-00 00:00:00',0),(23,1,'Benin','BEN','BJ',0,1,'2014-10-10 02:24:16',1,'2014-10-10 02:24:39',0,'0000-00-00 00:00:00',0),(24,1,'Bermuda','BMU','BM',0,1,'2014-10-10 02:24:16',1,'2014-10-10 02:24:39',0,'0000-00-00 00:00:00',0),(25,1,'Bhutan','BTN','BT',0,1,'2014-10-10 02:24:16',1,'2014-10-10 02:24:39',0,'0000-00-00 00:00:00',0),(26,1,'Bolivia','BOL','BO',0,1,'2014-10-10 02:24:16',1,'2014-10-10 02:24:39',0,'0000-00-00 00:00:00',0),(27,1,'Bosnia and Herzegowina','BIH','BA',0,1,'2014-10-10 02:24:16',1,'2014-10-10 02:24:39',0,'0000-00-00 00:00:00',0),(28,1,'Botswana','BWA','BW',0,1,'2014-10-10 02:24:16',1,'2014-10-10 02:24:39',0,'0000-00-00 00:00:00',0),(29,1,'Bouvet Island','BVT','BV',0,1,'2014-10-10 02:24:16',1,'2014-10-10 02:24:39',0,'0000-00-00 00:00:00',0),(30,1,'Brazil','BRA','BR',0,1,'2014-10-10 02:24:16',1,'2014-10-10 02:24:39',0,'0000-00-00 00:00:00',0),(31,1,'British Indian Ocean Territory','IOT','IO',0,1,'2014-10-10 02:24:16',1,'2014-10-10 02:24:39',0,'0000-00-00 00:00:00',0),(32,1,'Brunei Darussalam','BRN','BN',0,1,'2014-10-10 02:24:16',1,'2014-10-10 02:24:39',0,'0000-00-00 00:00:00',0),(33,1,'Bulgaria','BGR','BG',0,1,'2014-10-10 02:24:16',1,'2014-10-10 02:24:39',0,'0000-00-00 00:00:00',0),(34,1,'Burkina Faso','BFA','BF',0,1,'2014-10-10 02:24:16',1,'2014-10-10 02:24:39',0,'0000-00-00 00:00:00',0),(35,1,'Burundi','BDI','BI',0,1,'2014-10-10 02:24:16',1,'2014-10-10 02:24:39',0,'0000-00-00 00:00:00',0),(36,1,'Cambodia','KHM','KH',0,1,'2014-10-10 02:24:16',1,'2014-10-10 02:24:39',0,'0000-00-00 00:00:00',0),(37,1,'Cameroon','CMR','CM',0,1,'2014-10-10 02:24:16',1,'2014-10-10 02:24:39',0,'0000-00-00 00:00:00',0),(38,1,'Canada','CAN','CA',0,1,'2014-10-10 02:24:16',1,'2014-10-10 02:24:39',0,'0000-00-00 00:00:00',0),(39,1,'Cape Verde','CPV','CV',0,1,'2014-10-10 02:24:16',1,'2014-10-10 02:24:39',0,'0000-00-00 00:00:00',0),(40,1,'Cayman Islands','CYM','KY',0,1,'2014-10-10 02:24:16',1,'2014-10-10 02:24:39',0,'0000-00-00 00:00:00',0),(41,1,'Central African Republic','CAF','CF',0,1,'2014-10-10 02:24:16',1,'2014-10-10 02:24:39',0,'0000-00-00 00:00:00',0),(42,1,'Chad','TCD','TD',0,1,'2014-10-10 02:24:16',1,'2014-10-10 02:24:39',0,'0000-00-00 00:00:00',0),(43,1,'Chile','CHL','CL',0,1,'2014-10-10 02:24:16',1,'2014-10-10 02:24:39',0,'0000-00-00 00:00:00',0),(44,1,'China','CHN','CN',0,1,'2014-10-10 02:24:16',1,'2014-10-10 02:24:39',0,'0000-00-00 00:00:00',0),(45,1,'Christmas Island','CXR','CX',0,1,'2014-10-10 02:24:16',1,'2014-10-10 02:24:39',0,'0000-00-00 00:00:00',0),(46,1,'Cocos (Keeling) Islands','CCK','CC',0,1,'2014-10-10 02:24:16',1,'2014-10-10 02:24:39',0,'0000-00-00 00:00:00',0),(47,1,'Colombia','COL','CO',0,1,'2014-10-10 02:24:16',1,'2014-10-10 02:24:39',0,'0000-00-00 00:00:00',0),(48,1,'Comoros','COM','KM',0,1,'2014-10-10 02:24:16',1,'2014-10-10 02:24:39',0,'0000-00-00 00:00:00',0),(49,1,'Congo','COG','CG',0,1,'2014-10-10 02:24:16',1,'2014-10-10 02:24:39',0,'0000-00-00 00:00:00',0),(50,1,'Cook Islands','COK','CK',0,1,'2014-10-10 02:24:16',1,'2014-10-10 02:24:39',0,'0000-00-00 00:00:00',0),(51,1,'Costa Rica','CRI','CR',0,1,'2014-10-10 02:24:16',1,'2014-10-10 02:24:39',0,'0000-00-00 00:00:00',0),(52,1,'Cote D\'Ivoire','CIV','CI',0,1,'2014-10-10 02:24:16',1,'2014-10-10 02:24:39',0,'0000-00-00 00:00:00',0),(53,1,'Croatia','HRV','HR',0,1,'2014-10-10 02:24:16',1,'2014-10-10 02:24:39',0,'0000-00-00 00:00:00',0),(54,1,'Cuba','CUB','CU',0,1,'2014-10-10 02:24:16',1,'2014-10-10 02:24:39',0,'0000-00-00 00:00:00',0),(55,1,'Cyprus','CYP','CY',0,1,'2014-10-10 02:24:16',1,'2014-10-10 02:24:39',0,'0000-00-00 00:00:00',0),(56,1,'Czech Republic','CZE','CZ',0,1,'2014-10-10 02:24:16',1,'2014-10-10 02:24:39',0,'0000-00-00 00:00:00',0),(57,1,'Denmark','DNK','DK',0,1,'2014-10-10 02:24:16',1,'2014-10-10 02:24:39',0,'0000-00-00 00:00:00',0),(58,1,'Djibouti','DJI','DJ',0,1,'2014-10-10 02:24:16',1,'2014-10-10 02:24:39',0,'0000-00-00 00:00:00',0),(59,1,'Dominica','DMA','DM',0,1,'2014-10-10 02:24:16',1,'2014-10-10 02:24:39',0,'0000-00-00 00:00:00',0),(60,1,'Dominican Republic','DOM','DO',0,1,'2014-10-10 02:24:16',1,'2014-10-10 02:24:39',0,'0000-00-00 00:00:00',0),(61,1,'East Timor','TMP','TP',0,1,'2014-10-10 02:24:16',1,'2014-10-10 02:24:39',0,'0000-00-00 00:00:00',0),(62,1,'Ecuador','ECU','EC',0,1,'2014-10-10 02:24:16',1,'2014-10-10 02:24:39',0,'0000-00-00 00:00:00',0),(63,1,'Egypt','EGY','EG',0,1,'2014-10-10 02:24:16',1,'2014-10-10 02:24:39',0,'0000-00-00 00:00:00',0),(64,1,'El Salvador','SLV','SV',0,1,'2014-10-10 02:24:16',1,'2014-10-10 02:24:39',0,'0000-00-00 00:00:00',0),(65,1,'Equatorial Guinea','GNQ','GQ',0,1,'2014-10-10 02:24:16',1,'2014-10-10 02:24:39',0,'0000-00-00 00:00:00',0),(66,1,'Eritrea','ERI','ER',0,1,'2014-10-10 02:24:16',1,'2014-10-10 02:24:39',0,'0000-00-00 00:00:00',0),(67,1,'Estonia','EST','EE',0,1,'2014-10-10 02:24:16',1,'2014-10-10 02:24:39',0,'0000-00-00 00:00:00',0),(68,1,'Ethiopia','ETH','ET',0,1,'2014-10-10 02:24:16',1,'2014-10-10 02:24:39',0,'0000-00-00 00:00:00',0),(69,1,'Falkland Islands (Malvinas)','FLK','FK',0,1,'2014-10-10 02:24:16',1,'2014-10-10 02:24:39',0,'0000-00-00 00:00:00',0),(70,1,'Faroe Islands','FRO','FO',0,1,'2014-10-10 02:24:16',1,'2014-10-10 02:24:39',0,'0000-00-00 00:00:00',0),(71,1,'Fiji','FJI','FJ',0,1,'2014-10-10 02:24:16',1,'2014-10-10 02:24:39',0,'0000-00-00 00:00:00',0),(72,1,'Finland','FIN','FI',0,1,'2014-10-10 02:24:16',1,'2014-10-10 02:24:39',0,'0000-00-00 00:00:00',0),(73,1,'France','FRA','FR',0,1,'2014-10-10 02:24:16',1,'2014-10-10 02:24:39',0,'0000-00-00 00:00:00',0),(75,1,'French Guiana','GUF','GF',0,1,'2014-10-10 02:24:16',1,'2014-10-10 02:24:39',0,'0000-00-00 00:00:00',0),(76,1,'French Polynesia','PYF','PF',0,1,'2014-10-10 02:24:16',1,'2014-10-10 02:24:39',0,'0000-00-00 00:00:00',0),(77,1,'French Southern Territories','ATF','TF',0,1,'2014-10-10 02:24:16',1,'2014-10-10 02:24:39',0,'0000-00-00 00:00:00',0),(78,1,'Gabon','GAB','GA',0,1,'2014-10-10 02:24:16',1,'2014-10-10 02:24:39',0,'0000-00-00 00:00:00',0),(79,1,'Gambia','GMB','GM',0,1,'2014-10-10 02:24:16',1,'2014-10-10 02:24:39',0,'0000-00-00 00:00:00',0),(80,1,'Georgia','GEO','GE',0,1,'2014-10-10 02:24:16',1,'2014-10-10 02:24:39',0,'0000-00-00 00:00:00',0),(81,1,'Germany','DEU','DE',0,1,'2014-10-10 02:24:16',1,'2014-10-10 02:24:39',0,'0000-00-00 00:00:00',0),(82,1,'Ghana','GHA','GH',0,1,'2014-10-10 02:24:16',1,'2014-10-10 02:24:39',0,'0000-00-00 00:00:00',0),(83,1,'Gibraltar','GIB','GI',0,1,'2014-10-10 02:24:16',1,'2014-10-10 02:24:39',0,'0000-00-00 00:00:00',0),(84,1,'Greece','GRC','GR',0,1,'2014-10-10 02:24:16',1,'2014-10-10 02:24:39',0,'0000-00-00 00:00:00',0),(85,1,'Greenland','GRL','GL',0,1,'2014-10-10 02:24:16',1,'2014-10-10 02:24:39',0,'0000-00-00 00:00:00',0),(86,1,'Grenada','GRD','GD',0,1,'2014-10-10 02:24:16',1,'2014-10-10 02:24:39',0,'0000-00-00 00:00:00',0),(87,1,'Guadeloupe','GLP','GP',0,1,'2014-10-10 02:24:16',1,'2014-10-10 02:24:39',0,'0000-00-00 00:00:00',0),(88,1,'Guam','GUM','GU',0,1,'2014-10-10 02:24:16',1,'2014-10-10 02:24:39',0,'0000-00-00 00:00:00',0),(89,1,'Guatemala','GTM','GT',0,1,'2014-10-10 02:24:16',1,'2014-10-10 02:24:39',0,'0000-00-00 00:00:00',0),(90,1,'Guinea','GIN','GN',0,1,'2014-10-10 02:24:16',1,'2014-10-10 02:24:39',0,'0000-00-00 00:00:00',0),(91,1,'Guinea-bissau','GNB','GW',0,1,'2014-10-10 02:24:16',1,'2014-10-10 02:24:39',0,'0000-00-00 00:00:00',0),(92,1,'Guyana','GUY','GY',0,1,'2014-10-10 02:24:16',1,'2014-10-10 02:24:39',0,'0000-00-00 00:00:00',0),(93,1,'Haiti','HTI','HT',0,1,'2014-10-10 02:24:16',1,'2014-10-10 02:24:39',0,'0000-00-00 00:00:00',0),(94,1,'Heard and Mc Donald Islands','HMD','HM',0,1,'2014-10-10 02:24:16',1,'2014-10-10 02:24:39',0,'0000-00-00 00:00:00',0),(95,1,'Honduras','HND','HN',0,1,'2014-10-10 02:24:16',1,'2014-10-10 02:24:39',0,'0000-00-00 00:00:00',0),(96,1,'Hong Kong','HKG','HK',0,1,'2014-10-10 02:24:16',1,'2014-10-10 02:24:39',0,'0000-00-00 00:00:00',0),(97,1,'Hungary','HUN','HU',0,1,'2014-10-10 02:24:16',1,'2014-10-10 02:24:39',0,'0000-00-00 00:00:00',0),(98,1,'Iceland','ISL','IS',0,1,'2014-10-10 02:24:16',1,'2014-10-10 02:24:39',0,'0000-00-00 00:00:00',0),(99,1,'India','IND','IN',0,1,'2014-10-10 02:24:16',1,'2014-10-10 02:24:39',0,'0000-00-00 00:00:00',0),(100,1,'Indonesia','IDN','ID',0,1,'2014-10-10 02:24:16',1,'2014-10-10 02:24:39',0,'0000-00-00 00:00:00',0),(101,1,'Iran (Islamic Republic of)','IRN','IR',0,1,'2014-10-10 02:24:16',1,'2014-10-10 02:24:39',0,'0000-00-00 00:00:00',0),(102,1,'Iraq','IRQ','IQ',0,1,'2014-10-10 02:24:16',1,'2014-10-10 02:24:39',0,'0000-00-00 00:00:00',0),(103,1,'Ireland','IRL','IE',0,1,'2014-10-10 02:24:16',1,'2014-10-10 02:24:39',0,'0000-00-00 00:00:00',0),(104,1,'Israel','ISR','IL',0,1,'2014-10-10 02:24:16',1,'2014-10-10 02:24:39',0,'0000-00-00 00:00:00',0),(105,1,'Italy','ITA','IT',0,1,'2014-10-10 02:24:16',1,'2014-10-10 02:24:39',0,'0000-00-00 00:00:00',0),(106,1,'Jamaica','JAM','JM',0,1,'2014-10-10 02:24:16',1,'2014-10-10 02:24:39',0,'0000-00-00 00:00:00',0),(107,1,'Japan','JPN','JP',0,1,'2014-10-10 02:24:16',1,'2014-10-10 02:24:39',0,'0000-00-00 00:00:00',0),(108,1,'Jordan','JOR','JO',0,1,'2014-10-10 02:24:16',1,'2014-10-10 02:24:39',0,'0000-00-00 00:00:00',0),(109,1,'Kazakhstan','KAZ','KZ',0,1,'2014-10-10 02:24:16',1,'2014-10-10 02:24:39',0,'0000-00-00 00:00:00',0),(110,1,'Kenya','KEN','KE',0,1,'2014-10-10 02:24:16',1,'2014-10-10 02:24:39',0,'0000-00-00 00:00:00',0),(111,1,'Kiribati','KIR','KI',0,1,'2014-10-10 02:24:16',1,'2014-10-10 02:24:39',0,'0000-00-00 00:00:00',0),(112,1,'Korea, Democratic People\'s Republic of','PRK','KP',0,1,'2014-10-10 02:24:16',1,'2014-10-10 02:24:39',0,'0000-00-00 00:00:00',0),(113,1,'Korea, Republic of','KOR','KR',0,1,'2014-10-10 02:24:16',1,'2014-10-10 02:24:39',0,'0000-00-00 00:00:00',0),(114,1,'Kuwait','KWT','KW',0,1,'2014-10-10 02:24:16',1,'2014-10-10 02:24:39',0,'0000-00-00 00:00:00',0),(115,1,'Kyrgyzstan','KGZ','KG',0,1,'2014-10-10 02:24:16',1,'2014-10-10 02:24:39',0,'0000-00-00 00:00:00',0),(116,1,'Lao People\'s Democratic Republic','LAO','LA',0,1,'2014-10-10 02:24:16',1,'2014-10-10 02:24:39',0,'0000-00-00 00:00:00',0),(117,1,'Latvia','LVA','LV',0,1,'2014-10-10 02:24:16',1,'2014-10-10 02:24:39',0,'0000-00-00 00:00:00',0),(118,1,'Lebanon','LBN','LB',0,1,'2014-10-10 02:24:16',1,'2014-10-10 02:24:39',0,'0000-00-00 00:00:00',0),(119,1,'Lesotho','LSO','LS',0,1,'2014-10-10 02:24:16',1,'2014-10-10 02:24:39',0,'0000-00-00 00:00:00',0),(120,1,'Liberia','LBR','LR',0,1,'2014-10-10 02:24:16',1,'2014-10-10 02:24:39',0,'0000-00-00 00:00:00',0),(121,1,'Libyan Arab Jamahiriya','LBY','LY',0,1,'2014-10-10 02:24:16',1,'2014-10-10 02:24:39',0,'0000-00-00 00:00:00',0),(122,1,'Liechtenstein','LIE','LI',0,1,'2014-10-10 02:24:16',1,'2014-10-10 02:24:39',0,'0000-00-00 00:00:00',0),(123,1,'Lithuania','LTU','LT',0,1,'2014-10-10 02:24:16',1,'2014-10-10 02:24:39',0,'0000-00-00 00:00:00',0),(124,1,'Luxembourg','LUX','LU',0,1,'2014-10-10 02:24:16',1,'2014-10-10 02:24:39',0,'0000-00-00 00:00:00',0),(125,1,'Macau','MAC','MO',0,1,'2014-10-10 02:24:16',1,'2014-10-10 02:24:39',0,'0000-00-00 00:00:00',0),(126,1,'Macedonia, The Former Yugoslav Republic of','MKD','MK',0,1,'2014-10-10 02:24:16',1,'2014-10-10 02:24:39',0,'0000-00-00 00:00:00',0),(127,1,'Madagascar','MDG','MG',0,1,'2014-10-10 02:24:16',1,'2014-10-10 02:24:39',0,'0000-00-00 00:00:00',0),(128,1,'Malawi','MWI','MW',0,1,'2014-10-10 02:24:16',1,'2014-10-10 02:24:39',0,'0000-00-00 00:00:00',0),(129,1,'Malaysia','MYS','MY',0,1,'2014-10-10 02:24:16',1,'2014-10-10 02:24:39',0,'0000-00-00 00:00:00',0),(130,1,'Maldives','MDV','MV',0,1,'2014-10-10 02:24:16',1,'2014-10-10 02:24:39',0,'0000-00-00 00:00:00',0),(131,1,'Mali','MLI','ML',0,1,'2014-10-10 02:24:16',1,'2014-10-10 02:24:39',0,'0000-00-00 00:00:00',0),(132,1,'Malta','MLT','MT',0,1,'2014-10-10 02:24:16',1,'2014-10-10 02:24:39',0,'0000-00-00 00:00:00',0),(133,1,'Marshall Islands','MHL','MH',0,1,'2014-10-10 02:24:16',1,'2014-10-10 02:24:39',0,'0000-00-00 00:00:00',0),(134,1,'Martinique','MTQ','MQ',0,1,'2014-10-10 02:24:16',1,'2014-10-10 02:24:39',0,'0000-00-00 00:00:00',0),(135,1,'Mauritania','MRT','MR',0,1,'2014-10-10 02:24:16',1,'2014-10-10 02:24:39',0,'0000-00-00 00:00:00',0),(136,1,'Mauritius','MUS','MU',0,1,'2014-10-10 02:24:16',1,'2014-10-10 02:24:39',0,'0000-00-00 00:00:00',0),(137,1,'Mayotte','MYT','YT',0,1,'2014-10-10 02:24:16',1,'2014-10-10 02:24:39',0,'0000-00-00 00:00:00',0),(138,1,'Mexico','MEX','MX',0,1,'2014-10-10 02:24:16',1,'2014-10-10 02:24:39',0,'0000-00-00 00:00:00',0),(139,1,'Micronesia, Federated States of','FSM','FM',0,1,'2014-10-10 02:24:16',1,'2014-10-10 02:24:39',0,'0000-00-00 00:00:00',0),(140,1,'Moldova, Republic of','MDA','MD',0,1,'2014-10-10 02:24:16',1,'2014-10-10 02:24:39',0,'0000-00-00 00:00:00',0),(141,1,'Monaco','MCO','MC',0,1,'2014-10-10 02:24:16',1,'2014-10-10 02:24:39',0,'0000-00-00 00:00:00',0),(142,1,'Mongolia','MNG','MN',0,1,'2014-10-10 02:24:16',1,'2014-10-10 02:24:39',0,'0000-00-00 00:00:00',0),(143,1,'Montserrat','MSR','MS',0,1,'2014-10-10 02:24:16',1,'2014-10-10 02:24:39',0,'0000-00-00 00:00:00',0),(144,1,'Morocco','MAR','MA',0,1,'2014-10-10 02:24:16',1,'2014-10-10 02:24:39',0,'0000-00-00 00:00:00',0),(145,1,'Mozambique','MOZ','MZ',0,1,'2014-10-10 02:24:16',1,'2014-10-10 02:24:39',0,'0000-00-00 00:00:00',0),(146,1,'Myanmar','MMR','MM',0,1,'2014-10-10 02:24:16',1,'2014-10-10 02:24:39',0,'0000-00-00 00:00:00',0),(147,1,'Namibia','NAM','NA',0,1,'2014-10-10 02:24:16',1,'2014-10-10 02:24:39',0,'0000-00-00 00:00:00',0),(148,1,'Nauru','NRU','NR',0,1,'2014-10-10 02:24:16',1,'2014-10-10 02:24:39',0,'0000-00-00 00:00:00',0),(149,1,'Nepal','NPL','NP',0,1,'2014-10-10 02:24:16',1,'2014-10-10 02:24:39',0,'0000-00-00 00:00:00',0),(150,1,'Netherlands','NLD','NL',0,1,'2014-10-10 02:24:16',1,'2014-10-10 02:24:39',0,'0000-00-00 00:00:00',0),(151,1,'Netherlands Antilles','ANT','AN',0,1,'2014-10-10 02:24:16',1,'2014-10-10 02:24:39',0,'0000-00-00 00:00:00',0),(152,1,'New Caledonia','NCL','NC',0,1,'2014-10-10 02:24:16',1,'2014-10-10 02:24:39',0,'0000-00-00 00:00:00',0),(153,1,'New Zealand','NZL','NZ',0,1,'2014-10-10 02:24:16',1,'2014-10-10 02:24:39',0,'0000-00-00 00:00:00',0),(154,1,'Nicaragua','NIC','NI',0,1,'2014-10-10 02:24:16',1,'2014-10-10 02:24:39',0,'0000-00-00 00:00:00',0),(155,1,'Niger','NER','NE',0,1,'2014-10-10 02:24:16',1,'2014-10-10 02:24:39',0,'0000-00-00 00:00:00',0),(156,1,'Nigeria','NGA','NG',0,1,'2014-10-10 02:24:16',1,'2014-10-10 02:24:39',0,'0000-00-00 00:00:00',0),(157,1,'Niue','NIU','NU',0,1,'2014-10-10 02:24:16',1,'2014-10-10 02:24:39',0,'0000-00-00 00:00:00',0),(158,1,'Norfolk Island','NFK','NF',0,1,'2014-10-10 02:24:16',1,'2014-10-10 02:24:39',0,'0000-00-00 00:00:00',0),(159,1,'Northern Mariana Islands','MNP','MP',0,1,'2014-10-10 02:24:16',1,'2014-10-10 02:24:39',0,'0000-00-00 00:00:00',0),(160,1,'Norway','NOR','NO',0,1,'2014-10-10 02:24:16',1,'2014-10-10 02:24:39',0,'0000-00-00 00:00:00',0),(161,1,'Oman','OMN','OM',0,1,'2014-10-10 02:24:16',1,'2014-10-10 02:24:39',0,'0000-00-00 00:00:00',0),(162,1,'Pakistan','PAK','PK',0,1,'2014-10-10 02:24:16',1,'2014-10-10 02:24:39',0,'0000-00-00 00:00:00',0),(163,1,'Palau','PLW','PW',0,1,'2014-10-10 02:24:16',1,'2014-10-10 02:24:39',0,'0000-00-00 00:00:00',0),(164,1,'Panama','PAN','PA',0,1,'2014-10-10 02:24:16',1,'2014-10-10 02:24:39',0,'0000-00-00 00:00:00',0),(165,1,'Papua New Guinea','PNG','PG',0,1,'2014-10-10 02:24:16',1,'2014-10-10 02:24:39',0,'0000-00-00 00:00:00',0),(166,1,'Paraguay','PRY','PY',0,1,'2014-10-10 02:24:16',1,'2014-10-10 02:24:39',0,'0000-00-00 00:00:00',0),(167,1,'Peru','PER','PE',0,1,'2014-10-10 02:24:16',1,'2014-10-10 02:24:39',0,'0000-00-00 00:00:00',0),(168,1,'Philippines','PHL','PH',0,1,'2014-10-10 02:24:16',1,'2014-10-10 02:24:39',0,'0000-00-00 00:00:00',0),(169,1,'Pitcairn','PCN','PN',0,1,'2014-10-10 02:24:16',1,'2014-10-10 02:24:39',0,'0000-00-00 00:00:00',0),(170,1,'Poland','POL','PL',0,1,'2014-10-10 02:24:16',1,'2014-10-10 02:24:39',0,'0000-00-00 00:00:00',0),(171,1,'Portugal','PRT','PT',0,1,'2014-10-10 02:24:16',1,'2014-10-10 02:24:39',0,'0000-00-00 00:00:00',0),(172,1,'Puerto Rico','PRI','PR',0,1,'2014-10-10 02:24:16',1,'2014-10-10 02:24:39',0,'0000-00-00 00:00:00',0),(173,1,'Qatar','QAT','QA',0,1,'2014-10-10 02:24:16',1,'2014-10-10 02:24:39',0,'0000-00-00 00:00:00',0),(174,1,'Reunion','REU','RE',0,1,'2014-10-10 02:24:16',1,'2014-10-10 02:24:39',0,'0000-00-00 00:00:00',0),(175,1,'Romania','ROM','RO',0,1,'2014-10-10 02:24:16',1,'2014-10-10 02:24:39',0,'0000-00-00 00:00:00',0),(176,1,'Russian Federation','RUS','RU',0,1,'2014-10-10 02:24:16',1,'2014-10-10 02:24:39',0,'0000-00-00 00:00:00',0),(177,1,'Rwanda','RWA','RW',0,1,'2014-10-10 02:24:16',1,'2014-10-10 02:24:39',0,'0000-00-00 00:00:00',0),(178,1,'Saint Kitts and Nevis','KNA','KN',0,1,'2014-10-10 02:24:16',1,'2014-10-10 02:24:39',0,'0000-00-00 00:00:00',0),(179,1,'Saint Lucia','LCA','LC',0,1,'2014-10-10 02:24:16',1,'2014-10-10 02:24:39',0,'0000-00-00 00:00:00',0),(180,1,'Saint Vincent and the Grenadines','VCT','VC',0,1,'2014-10-10 02:24:16',1,'2014-10-10 02:24:39',0,'0000-00-00 00:00:00',0),(181,1,'Samoa','WSM','WS',0,1,'2014-10-10 02:24:16',1,'2014-10-10 02:24:39',0,'0000-00-00 00:00:00',0),(182,1,'San Marino','SMR','SM',0,1,'2014-10-10 02:24:16',1,'2014-10-10 02:24:39',0,'0000-00-00 00:00:00',0),(183,1,'Sao Tome and Principe','STP','ST',0,1,'2014-10-10 02:24:16',1,'2014-10-10 02:24:39',0,'0000-00-00 00:00:00',0),(184,1,'Saudi Arabia','SAU','SA',0,1,'2014-10-10 02:24:16',1,'2014-10-10 02:24:39',0,'0000-00-00 00:00:00',0),(185,1,'Senegal','SEN','SN',0,1,'2014-10-10 02:24:16',1,'2014-10-10 02:24:39',0,'0000-00-00 00:00:00',0),(186,1,'Seychelles','SYC','SC',0,1,'2014-10-10 02:24:16',1,'2014-10-10 02:24:39',0,'0000-00-00 00:00:00',0),(187,1,'Sierra Leone','SLE','SL',0,1,'2014-10-10 02:24:16',1,'2014-10-10 02:24:39',0,'0000-00-00 00:00:00',0),(188,1,'Singapore','SGP','SG',0,1,'2014-10-10 02:24:16',1,'2014-10-10 02:24:39',0,'0000-00-00 00:00:00',0),(189,1,'Slovakia','SVK','SK',0,1,'2014-10-10 02:24:16',1,'2014-10-10 02:24:39',0,'0000-00-00 00:00:00',0),(190,1,'Slovenia','SVN','SI',0,1,'2014-10-10 02:24:16',1,'2014-10-10 02:24:39',0,'0000-00-00 00:00:00',0),(191,1,'Solomon Islands','SLB','SB',0,1,'2014-10-10 02:24:16',1,'2014-10-10 02:24:39',0,'0000-00-00 00:00:00',0),(192,1,'Somalia','SOM','SO',0,1,'2014-10-10 02:24:16',1,'2014-10-10 02:24:39',0,'0000-00-00 00:00:00',0),(193,1,'South Africa','ZAF','ZA',0,1,'2014-10-10 02:24:16',1,'2014-10-10 02:24:39',0,'0000-00-00 00:00:00',0),(194,1,'South Georgia and the South Sandwich Islands','SGS','GS',0,1,'2014-10-10 02:24:16',1,'2014-10-10 02:24:39',0,'0000-00-00 00:00:00',0),(195,1,'Spain','ESP','ES',0,1,'2014-10-10 02:24:16',1,'2014-10-10 02:24:39',0,'0000-00-00 00:00:00',0),(196,1,'Sri Lanka','LKA','LK',0,1,'2014-10-10 02:24:16',1,'2014-10-10 02:24:39',0,'0000-00-00 00:00:00',0),(197,1,'St. Helena','SHN','SH',0,1,'2014-10-10 02:24:16',1,'2014-10-10 02:24:39',0,'0000-00-00 00:00:00',0),(198,1,'St. Pierre and Miquelon','SPM','PM',0,1,'2014-10-10 02:24:16',1,'2014-10-10 02:24:39',0,'0000-00-00 00:00:00',0),(199,1,'Sudan','SDN','SD',0,1,'2014-10-10 02:24:16',1,'2014-10-10 02:24:39',0,'0000-00-00 00:00:00',0),(200,1,'Suriname','SUR','SR',0,1,'2014-10-10 02:24:16',1,'2014-10-10 02:24:39',0,'0000-00-00 00:00:00',0),(201,1,'Svalbard and Jan Mayen Islands','SJM','SJ',0,1,'2014-10-10 02:24:16',1,'2014-10-10 02:24:39',0,'0000-00-00 00:00:00',0),(202,1,'Swaziland','SWZ','SZ',0,1,'2014-10-10 02:24:16',1,'2014-10-10 02:24:39',0,'0000-00-00 00:00:00',0),(203,1,'Sweden','SWE','SE',0,1,'2014-10-10 02:24:16',1,'2014-10-10 02:24:39',0,'0000-00-00 00:00:00',0),(204,1,'Switzerland','CHE','CH',0,1,'2014-10-10 02:24:16',1,'2014-10-10 02:24:39',0,'0000-00-00 00:00:00',0),(205,1,'Syrian Arab Republic','SYR','SY',0,1,'2014-10-10 02:24:16',1,'2014-10-10 02:24:39',0,'0000-00-00 00:00:00',0),(206,1,'Taiwan','TWN','TW',0,1,'2014-10-10 02:24:16',1,'2014-10-10 02:24:39',0,'0000-00-00 00:00:00',0),(207,1,'Tajikistan','TJK','TJ',0,1,'2014-10-10 02:24:16',1,'2014-10-10 02:24:39',0,'0000-00-00 00:00:00',0),(208,1,'Tanzania, United Republic of','TZA','TZ',0,1,'2014-10-10 02:24:16',1,'2014-10-10 02:24:39',0,'0000-00-00 00:00:00',0),(209,1,'Thailand','THA','TH',0,1,'2014-10-10 02:24:16',1,'2014-10-10 02:24:39',0,'0000-00-00 00:00:00',0),(210,1,'Togo','TGO','TG',0,1,'2014-10-10 02:24:16',1,'2014-10-10 02:24:39',0,'0000-00-00 00:00:00',0),(211,1,'Tokelau','TKL','TK',0,1,'2014-10-10 02:24:16',1,'2014-10-10 02:24:39',0,'0000-00-00 00:00:00',0),(212,1,'Tonga','TON','TO',0,1,'2014-10-10 02:24:16',1,'2014-10-10 02:24:39',0,'0000-00-00 00:00:00',0),(213,1,'Trinidad and Tobago','TTO','TT',0,1,'2014-10-10 02:24:16',1,'2014-10-10 02:24:39',0,'0000-00-00 00:00:00',0),(214,1,'Tunisia','TUN','TN',0,1,'2014-10-10 02:24:16',1,'2014-10-10 02:24:39',0,'0000-00-00 00:00:00',0),(215,1,'Turkey','TUR','TR',0,1,'2014-10-10 02:24:16',1,'2014-10-10 02:24:39',0,'0000-00-00 00:00:00',0),(216,1,'Turkmenistan','TKM','TM',0,1,'2014-10-10 02:24:16',1,'2014-10-10 02:24:39',0,'0000-00-00 00:00:00',0),(217,1,'Turks and Caicos Islands','TCA','TC',0,1,'2014-10-10 02:24:16',1,'2014-10-10 02:24:39',0,'0000-00-00 00:00:00',0),(218,1,'Tuvalu','TUV','TV',0,1,'2014-10-10 02:24:16',1,'2014-10-10 02:24:39',0,'0000-00-00 00:00:00',0),(219,1,'Uganda','UGA','UG',0,1,'2014-10-10 02:24:16',1,'2014-10-10 02:24:39',0,'0000-00-00 00:00:00',0),(220,1,'Ukraine','UKR','UA',0,1,'2014-10-10 02:24:16',1,'2014-10-10 02:24:39',0,'0000-00-00 00:00:00',0),(221,1,'United Arab Emirates','ARE','AE',0,1,'2014-10-10 02:24:16',1,'2014-10-10 02:24:39',0,'0000-00-00 00:00:00',0),(222,1,'United Kingdom','GBR','GB',0,1,'2014-10-10 02:24:16',1,'2014-10-10 02:24:39',0,'0000-00-00 00:00:00',0),(223,1,'United States','USA','US',0,1,'2014-10-10 02:24:16',1,'2014-10-10 02:24:39',0,'0000-00-00 00:00:00',0),(224,1,'United States Minor Outlying Islands','UMI','UM',0,1,'2014-10-10 02:24:16',1,'2014-10-10 02:24:39',0,'0000-00-00 00:00:00',0),(225,1,'Uruguay','URY','UY',0,1,'2014-10-10 02:24:16',1,'2014-10-10 02:24:39',0,'0000-00-00 00:00:00',0),(226,1,'Uzbekistan','UZB','UZ',0,1,'2014-10-10 02:24:16',1,'2014-10-10 02:24:39',0,'0000-00-00 00:00:00',0),(227,1,'Vanuatu','VUT','VU',0,1,'2014-10-10 02:24:16',1,'2014-10-10 02:24:39',0,'0000-00-00 00:00:00',0),(228,1,'Vatican City State (Holy See)','VAT','VA',0,1,'2014-10-10 02:24:16',1,'2014-10-10 02:24:39',0,'0000-00-00 00:00:00',0),(229,1,'Venezuela','VEN','VE',0,1,'2014-10-10 02:24:16',1,'2014-10-10 02:24:39',0,'0000-00-00 00:00:00',0),(230,1,'Viet Nam','VNM','VN',0,1,'2014-10-10 02:24:16',1,'2014-10-10 02:24:39',0,'0000-00-00 00:00:00',0),(231,1,'Virgin Islands (British)','VGB','VG',0,1,'2014-10-10 02:24:16',1,'2014-10-10 02:24:39',0,'0000-00-00 00:00:00',0),(232,1,'Virgin Islands (U.S.)','VIR','VI',0,1,'2014-10-10 02:24:16',1,'2014-10-10 02:24:39',0,'0000-00-00 00:00:00',0),(233,1,'Wallis and Futuna Islands','WLF','WF',0,1,'2014-10-10 02:24:16',1,'2014-10-10 02:24:39',0,'0000-00-00 00:00:00',0),(234,1,'Western Sahara','ESH','EH',0,1,'2014-10-10 02:24:16',1,'2014-10-10 02:24:39',0,'0000-00-00 00:00:00',0),(235,1,'Yemen','YEM','YE',0,1,'2014-10-10 02:24:16',1,'2014-10-10 02:24:39',0,'0000-00-00 00:00:00',0),(237,1,'The Democratic Republic of Congo','DRC','DC',0,1,'2014-10-10 02:24:16',1,'2014-10-10 02:24:39',0,'0000-00-00 00:00:00',0),(238,1,'Zambia','ZMB','ZM',0,1,'2014-10-10 02:24:16',1,'2014-10-10 02:24:39',0,'0000-00-00 00:00:00',0),(239,1,'Zimbabwe','ZWE','ZW',0,1,'2014-10-10 02:24:16',1,'2014-10-10 02:24:39',0,'0000-00-00 00:00:00',0),(240,1,'East Timor','XET','XE',0,1,'2014-10-10 02:24:16',1,'2014-10-10 02:24:39',0,'0000-00-00 00:00:00',0),(241,1,'Jersey','XJE','XJ',0,1,'2014-10-10 02:24:16',1,'2014-10-10 02:24:39',0,'0000-00-00 00:00:00',0),(242,1,'St. Barthelemy','XSB','XB',0,1,'2014-10-10 02:24:16',1,'2014-10-10 02:24:39',0,'0000-00-00 00:00:00',0),(243,1,'St. Eustatius','XSE','XU',0,1,'2014-10-10 02:24:16',1,'2014-10-10 02:24:39',0,'0000-00-00 00:00:00',0),(244,1,'Canary Islands','XCA','XC',0,1,'2014-10-10 02:24:16',1,'2014-10-10 02:24:39',0,'0000-00-00 00:00:00',0),(245,1,'Serbia','SRB','RS',0,1,'2014-10-10 02:24:16',1,'2014-10-10 02:24:39',0,'0000-00-00 00:00:00',0),(246,1,'Sint Maarten (French Antilles)','MAF','MF',0,1,'2014-10-10 02:24:16',1,'2014-10-10 02:24:39',0,'0000-00-00 00:00:00',0),(247,1,'Sint Maarten (Netherlands Antilles)','SXM','SX',0,1,'2014-10-10 02:24:16',1,'2014-10-10 02:24:39',0,'0000-00-00 00:00:00',0),(248,1,'Palestinian Territory, occupied','PSE','PS',0,1,'2014-10-10 02:24:16',1,'2014-10-10 02:24:39',0,'0000-00-00 00:00:00',0);

/*Table structure for table `os_currency` */

DROP TABLE IF EXISTS `os_currency`;

CREATE TABLE `os_currency` (
  `id` smallint(1) unsigned NOT NULL AUTO_INCREMENT,
  `currency_name` char(64) DEFAULT NULL,
  `currency_code_2` char(2) DEFAULT NULL,
  `currency_code_3` char(3) DEFAULT NULL,
  `currency_numeric_code` int(4) DEFAULT NULL,
  `currency_exchange_rate` decimal(10,5) DEFAULT NULL,
  `currency_symbol` char(4) DEFAULT NULL,
  `currency_decimal_place` char(4) DEFAULT NULL,
  `currency_decimal_symbol` char(4) DEFAULT NULL,
  `currency_thousands` char(4) DEFAULT NULL,
  `ordering` int(2) NOT NULL DEFAULT '0',
  `published` tinyint(1) NOT NULL DEFAULT '1',
  `created_on` datetime NOT NULL DEFAULT '0000-00-00 00:00:00',
  `created_by` int(11) NOT NULL DEFAULT '0',
  `modified_on` datetime NOT NULL DEFAULT '0000-00-00 00:00:00',
  `modified_by` int(11) NOT NULL DEFAULT '0',
  `locked_on` datetime NOT NULL DEFAULT '0000-00-00 00:00:00',
  `locked_by` int(11) NOT NULL DEFAULT '0',
  PRIMARY KEY (`id`),
  KEY `idx_currency_code_3` (`currency_code_3`),
  KEY `idx_currency_numeric_code` (`currency_numeric_code`)
) ENGINE=MyISAM AUTO_INCREMENT=202 DEFAULT CHARSET=utf8 COMMENT='Used to store currencies';

/*Data for the table `os_currency` */

insert  into `os_currency`(`id`,`currency_name`,`currency_code_2`,`currency_code_3`,`currency_numeric_code`,`currency_exchange_rate`,`currency_symbol`,`currency_decimal_place`,`currency_decimal_symbol`,`currency_thousands`,`ordering`,`published`,`created_on`,`created_by`,`modified_on`,`modified_by`,`locked_on`,`locked_by`) values (2,'United Arab Emirates dirham','','AED',784,0.00000,'د.إ','2',',','',0,1,'0000-00-00 00:00:00',0,'2013-03-18 00:00:00',1,'2013-03-18 00:00:00',1),(4,'Albanian lek','','ALL',8,0.00000,'Lek','2',',','',0,1,'0000-00-00 00:00:00',0,'0000-00-00 00:00:00',0,'0000-00-00 00:00:00',0),(5,'Netherlands Antillean gulden','','ANG',532,0.00000,'ƒ','2',',','',0,1,'0000-00-00 00:00:00',0,'0000-00-00 00:00:00',0,'0000-00-00 00:00:00',0),(7,'Argentine peso','','ARS',32,0.00000,'$','2',',','',0,1,'0000-00-00 00:00:00',0,'0000-00-00 00:00:00',0,'0000-00-00 00:00:00',0),(9,'Australian dollar','','AUD',36,0.00000,'$','2',',','',0,1,'0000-00-00 00:00:00',0,'0000-00-00 00:00:00',0,'0000-00-00 00:00:00',0),(10,'Aruban florin','','AWG',533,0.00000,'ƒ','2',',','',0,1,'0000-00-00 00:00:00',0,'0000-00-00 00:00:00',0,'0000-00-00 00:00:00',0),(11,'Barbadian dollar','','BBD',52,0.00000,'$','2',',','',0,1,'0000-00-00 00:00:00',0,'0000-00-00 00:00:00',0,'0000-00-00 00:00:00',0),(12,'Bangladeshi taka','','BDT',50,0.00000,'৳','2',',','',0,1,'0000-00-00 00:00:00',0,'0000-00-00 00:00:00',0,'0000-00-00 00:00:00',0),(15,'Bahraini dinar','','BHD',48,0.00000,'ب.د','2',',','',0,1,'0000-00-00 00:00:00',0,'0000-00-00 00:00:00',0,'0000-00-00 00:00:00',0),(16,'Burundian franc','','BIF',108,0.00000,'Fr','0','','',0,1,'0000-00-00 00:00:00',0,'0000-00-00 00:00:00',0,'0000-00-00 00:00:00',0),(17,'Bermudian dollar','','BMD',60,0.00000,'$','2',',','',0,1,'0000-00-00 00:00:00',0,'0000-00-00 00:00:00',0,'0000-00-00 00:00:00',0),(18,'Brunei dollar','','BND',96,0.00000,'$','2',',','',0,1,'0000-00-00 00:00:00',0,'0000-00-00 00:00:00',0,'0000-00-00 00:00:00',0),(19,'Bolivian boliviano','','BOB',68,0.00000,'$b','2',',','',0,1,'0000-00-00 00:00:00',0,'0000-00-00 00:00:00',0,'0000-00-00 00:00:00',0),(20,'Brazilian real','','BRL',986,0.00000,'R$','2','.',',',0,1,'0000-00-00 00:00:00',0,'0000-00-00 00:00:00',0,'0000-00-00 00:00:00',0),(21,'Bahamian dollar','','BSD',44,0.00000,'$','2',',','',0,1,'0000-00-00 00:00:00',0,'0000-00-00 00:00:00',0,'0000-00-00 00:00:00',0),(22,'Bhutanese ngultrum','','BTN',64,0.00000,'BTN','2',',','',0,1,'0000-00-00 00:00:00',0,'0000-00-00 00:00:00',0,'0000-00-00 00:00:00',0),(24,'Botswana pula','','BWP',72,0.00000,'P','2',',','',0,1,'0000-00-00 00:00:00',0,'0000-00-00 00:00:00',0,'0000-00-00 00:00:00',0),(25,'Belize dollar','','BZD',84,0.00000,'BZ$','2',',','',0,1,'0000-00-00 00:00:00',0,'0000-00-00 00:00:00',0,'0000-00-00 00:00:00',0),(26,'Canadian dollar','','CAD',124,0.00000,'$','2','.',',',0,1,'0000-00-00 00:00:00',0,'0000-00-00 00:00:00',0,'0000-00-00 00:00:00',0),(27,'Swiss franc','','CHF',756,0.00000,'CHF','2',',','',0,1,'0000-00-00 00:00:00',0,'0000-00-00 00:00:00',0,'0000-00-00 00:00:00',0),(28,'Unidad de Fomento','','CLF',990,0.00000,'CLF','0',',','',0,1,'0000-00-00 00:00:00',0,'0000-00-00 00:00:00',0,'0000-00-00 00:00:00',0),(29,'Chilean peso','','CLP',152,0.00000,'$','2',',','',0,1,'0000-00-00 00:00:00',0,'0000-00-00 00:00:00',0,'0000-00-00 00:00:00',0),(30,'Chinese renminbi yuan','','CNY',156,0.00000,'元','2',',','',0,1,'0000-00-00 00:00:00',0,'0000-00-00 00:00:00',0,'0000-00-00 00:00:00',0),(31,'Colombian peso','','COP',170,0.00000,'$','2',',','',0,1,'0000-00-00 00:00:00',0,'0000-00-00 00:00:00',0,'0000-00-00 00:00:00',0),(32,'Costa Rican colón','','CRC',188,0.00000,'₡','2',',','',0,1,'0000-00-00 00:00:00',0,'0000-00-00 00:00:00',0,'0000-00-00 00:00:00',0),(33,'Czech koruna','','CZK',203,0.00000,'Kč','2',',','',0,1,'0000-00-00 00:00:00',0,'0000-00-00 00:00:00',0,'0000-00-00 00:00:00',0),(34,'Cuban peso','','CUP',192,0.00000,'₱','2',',','',0,1,'0000-00-00 00:00:00',0,'0000-00-00 00:00:00',0,'0000-00-00 00:00:00',0),(35,'Cape Verdean escudo','','CVE',132,0.00000,'$','0','','',0,1,'0000-00-00 00:00:00',0,'0000-00-00 00:00:00',0,'0000-00-00 00:00:00',0),(40,'Danish krone','','DKK',208,0.00000,'kr','2','.',',',0,1,'0000-00-00 00:00:00',0,'0000-00-00 00:00:00',0,'0000-00-00 00:00:00',0),(41,'Dominican peso','','DOP',214,0.00000,'RD$','2',',','',0,1,'0000-00-00 00:00:00',0,'0000-00-00 00:00:00',0,'0000-00-00 00:00:00',0),(42,'Algerian dinar','','DZD',12,0.00000,'د.ج','2',',','',0,1,'0000-00-00 00:00:00',0,'0000-00-00 00:00:00',0,'0000-00-00 00:00:00',0),(44,'Egyptian pound','','EGP',818,0.00000,'£','2',',','',0,1,'0000-00-00 00:00:00',0,'0000-00-00 00:00:00',0,'0000-00-00 00:00:00',0),(46,'Ethiopian birr','','ETB',230,0.00000,'ETB','2',',','',0,1,'0000-00-00 00:00:00',0,'0000-00-00 00:00:00',0,'0000-00-00 00:00:00',0),(47,'Euro','','EUR',978,0.00000,'€','2',',','',0,1,'0000-00-00 00:00:00',0,'0000-00-00 00:00:00',0,'0000-00-00 00:00:00',0),(49,'Fijian dollar','','FJD',242,0.00000,'$','2',',','',0,1,'0000-00-00 00:00:00',0,'0000-00-00 00:00:00',0,'0000-00-00 00:00:00',0),(50,'Falkland pound','','FKP',238,0.00000,'£','2',',','',0,1,'0000-00-00 00:00:00',0,'0000-00-00 00:00:00',0,'0000-00-00 00:00:00',0),(52,'British pound','','GBP',826,0.00000,'£','2','.',',',0,1,'0000-00-00 00:00:00',0,'0000-00-00 00:00:00',0,'0000-00-00 00:00:00',0),(54,'Gibraltar pound','','GIP',292,0.00000,'£','2',',','',0,1,'0000-00-00 00:00:00',0,'0000-00-00 00:00:00',0,'0000-00-00 00:00:00',0),(55,'Gambian dalasi','','GMD',270,0.00000,'D','2',',','',0,1,'0000-00-00 00:00:00',0,'0000-00-00 00:00:00',0,'0000-00-00 00:00:00',0),(56,'Guinean franc','','GNF',324,0.00000,'Fr','0','','',0,1,'0000-00-00 00:00:00',0,'0000-00-00 00:00:00',0,'0000-00-00 00:00:00',0),(58,'Guatemalan quetzal','','GTQ',320,0.00000,'Q','2',',','',0,1,'0000-00-00 00:00:00',0,'0000-00-00 00:00:00',0,'0000-00-00 00:00:00',0),(60,'Guyanese dollar','','GYD',328,0.00000,'$','2',',','',0,1,'0000-00-00 00:00:00',0,'0000-00-00 00:00:00',0,'0000-00-00 00:00:00',0),(61,'Hong Kong dollar','','HKD',344,0.00000,'元','2',',','',0,1,'0000-00-00 00:00:00',0,'0000-00-00 00:00:00',0,'0000-00-00 00:00:00',0),(62,'Honduran lempira','','HNL',340,0.00000,'L','2',',','',0,1,'0000-00-00 00:00:00',0,'0000-00-00 00:00:00',0,'0000-00-00 00:00:00',0),(63,'Haitian gourde','','HTG',332,0.00000,'G','2',',','',0,1,'0000-00-00 00:00:00',0,'0000-00-00 00:00:00',0,'0000-00-00 00:00:00',0),(64,'Hungarian forint','','HUF',348,0.00000,'Ft','2',',','',0,1,'0000-00-00 00:00:00',0,'0000-00-00 00:00:00',0,'0000-00-00 00:00:00',0),(65,'Indonesian rupiah','','IDR',360,0.00000,'Rp','0','','',0,1,'0000-00-00 00:00:00',0,'0000-00-00 00:00:00',0,'0000-00-00 00:00:00',0),(67,'Israeli new sheqel','','ILS',376,0.00000,'₪','2',',','',0,1,'0000-00-00 00:00:00',0,'0000-00-00 00:00:00',0,'0000-00-00 00:00:00',0),(68,'Indian rupee','','INR',356,0.00000,'₨','2',',','',0,1,'0000-00-00 00:00:00',0,'0000-00-00 00:00:00',0,'0000-00-00 00:00:00',0),(69,'Iraqi dinar','','IQD',368,0.00000,'ع.د','0','','',0,1,'0000-00-00 00:00:00',0,'0000-00-00 00:00:00',0,'0000-00-00 00:00:00',0),(70,'Iranian rial','','IRR',364,0.00000,'﷼','2',',','',0,1,'0000-00-00 00:00:00',0,'0000-00-00 00:00:00',0,'0000-00-00 00:00:00',0),(73,'Jamaican dollar','','JMD',388,0.00000,'J$','2',',','',0,1,'0000-00-00 00:00:00',0,'0000-00-00 00:00:00',0,'0000-00-00 00:00:00',0),(74,'Jordanian dinar','','JOD',400,0.00000,'د.ا','2',',','',0,1,'0000-00-00 00:00:00',0,'0000-00-00 00:00:00',0,'0000-00-00 00:00:00',0),(75,'Japanese yen','','JPY',392,0.00000,'¥','2',',','',0,1,'0000-00-00 00:00:00',0,'0000-00-00 00:00:00',0,'0000-00-00 00:00:00',0),(76,'Kenyan shilling','','KES',404,0.00000,'Sh','2',',','',0,1,'0000-00-00 00:00:00',0,'0000-00-00 00:00:00',0,'0000-00-00 00:00:00',0),(77,'Cambodian riel','','KHR',116,0.00000,'៛','2',',','',0,1,'0000-00-00 00:00:00',0,'0000-00-00 00:00:00',0,'0000-00-00 00:00:00',0),(78,'Comorian franc','','KMF',174,0.00000,'Fr','0','','',0,1,'0000-00-00 00:00:00',0,'0000-00-00 00:00:00',0,'0000-00-00 00:00:00',0),(79,'North Korean won','','KPW',408,0.00000,'₩','0','','',0,1,'0000-00-00 00:00:00',0,'0000-00-00 00:00:00',0,'0000-00-00 00:00:00',0),(80,'South Korean won','','KRW',410,0.00000,'₩','0','','',0,1,'0000-00-00 00:00:00',0,'0000-00-00 00:00:00',0,'0000-00-00 00:00:00',0),(81,'Kuwaiti dinar','','KWD',414,0.00000,'د.ك','2',',','',0,1,'0000-00-00 00:00:00',0,'0000-00-00 00:00:00',0,'0000-00-00 00:00:00',0),(82,'Cayman Islands dollar','','KYD',136,0.00000,'$','2',',','',0,1,'0000-00-00 00:00:00',0,'0000-00-00 00:00:00',0,'0000-00-00 00:00:00',0),(83,'Lao kip','','LAK',418,0.00000,'₭','0','','',0,1,'0000-00-00 00:00:00',0,'0000-00-00 00:00:00',0,'0000-00-00 00:00:00',0),(84,'Lebanese pound','','LBP',422,0.00000,'£','0','','',0,1,'0000-00-00 00:00:00',0,'0000-00-00 00:00:00',0,'0000-00-00 00:00:00',0),(85,'Sri Lankan rupee','','LKR',144,0.00000,'₨','2',',','',0,1,'0000-00-00 00:00:00',0,'0000-00-00 00:00:00',0,'0000-00-00 00:00:00',0),(86,'Liberian dollar','','LRD',430,0.00000,'$','2',',','',0,1,'0000-00-00 00:00:00',0,'0000-00-00 00:00:00',0,'0000-00-00 00:00:00',0),(87,'Lesotho loti','','LSL',426,0.00000,'L','2',',','',0,1,'0000-00-00 00:00:00',0,'0000-00-00 00:00:00',0,'0000-00-00 00:00:00',0),(89,'Libyan dinar','','LYD',434,0.00000,'ل.د','3',',','',0,1,'0000-00-00 00:00:00',0,'0000-00-00 00:00:00',0,'0000-00-00 00:00:00',0),(90,'Moroccan dirham','','MAD',504,0.00000,'د.م.','2',',','',0,1,'0000-00-00 00:00:00',0,'0000-00-00 00:00:00',0,'0000-00-00 00:00:00',0),(92,'Mongolian tögrög','','MNT',496,0.00000,'₮','2',',','',0,1,'0000-00-00 00:00:00',0,'0000-00-00 00:00:00',0,'0000-00-00 00:00:00',0),(93,'Macanese pataca','','MOP',446,0.00000,'P','1',',','',0,1,'0000-00-00 00:00:00',0,'0000-00-00 00:00:00',0,'0000-00-00 00:00:00',0),(94,'Mauritanian ouguiya','','MRO',478,0.00000,'UM','2',',','',0,1,'0000-00-00 00:00:00',0,'0000-00-00 00:00:00',0,'0000-00-00 00:00:00',0),(96,'Mauritian rupee','','MUR',480,0.00000,'₨','2',',','',0,1,'0000-00-00 00:00:00',0,'0000-00-00 00:00:00',0,'0000-00-00 00:00:00',0),(97,'Maldivian rufiyaa','','MVR',462,0.00000,'ރ.','2',',','',0,1,'0000-00-00 00:00:00',0,'0000-00-00 00:00:00',0,'0000-00-00 00:00:00',0),(98,'Malawian kwacha','','MWK',454,0.00000,'MK','2',',','',0,1,'0000-00-00 00:00:00',0,'0000-00-00 00:00:00',0,'0000-00-00 00:00:00',0),(100,'Malaysian ringgit','','MYR',458,0.00000,'RM','2',',','',0,1,'0000-00-00 00:00:00',0,'0000-00-00 00:00:00',0,'0000-00-00 00:00:00',0),(102,'Nigerian naira','','NGN',566,0.00000,'₦','2',',','',0,1,'0000-00-00 00:00:00',0,'0000-00-00 00:00:00',0,'0000-00-00 00:00:00',0),(105,'Norwegian krone','','NOK',578,0.00000,'kr','2',',','',0,1,'0000-00-00 00:00:00',0,'0000-00-00 00:00:00',0,'0000-00-00 00:00:00',0),(106,'Nepalese rupee','','NPR',524,0.00000,'₨','2',',','',0,1,'0000-00-00 00:00:00',0,'0000-00-00 00:00:00',0,'0000-00-00 00:00:00',0),(107,'New Zealand dollar','','NZD',554,0.00000,'$','2',',','',0,1,'0000-00-00 00:00:00',0,'0000-00-00 00:00:00',0,'0000-00-00 00:00:00',0),(108,'Omani rial','','OMR',512,0.00000,'﷼','3','.','',0,1,'0000-00-00 00:00:00',0,'0000-00-00 00:00:00',0,'0000-00-00 00:00:00',0),(109,'Panamanian balboa','','PAB',590,0.00000,'B/.','2',',','',0,1,'0000-00-00 00:00:00',0,'0000-00-00 00:00:00',0,'0000-00-00 00:00:00',0),(110,'Peruvian nuevo sol','','PEN',604,0.00000,'S/.','2',',','',0,1,'0000-00-00 00:00:00',0,'0000-00-00 00:00:00',0,'0000-00-00 00:00:00',0),(111,'Papua New Guinean kina','','PGK',598,0.00000,'K','2',',','',0,1,'0000-00-00 00:00:00',0,'0000-00-00 00:00:00',0,'0000-00-00 00:00:00',0),(112,'Philippine peso','','PHP',608,0.00000,'₱','2',',','',0,1,'0000-00-00 00:00:00',0,'0000-00-00 00:00:00',0,'0000-00-00 00:00:00',0),(113,'Pakistani rupee','','PKR',586,0.00000,'₨','2',',','',0,1,'0000-00-00 00:00:00',0,'0000-00-00 00:00:00',0,'0000-00-00 00:00:00',0),(114,'Polish Złoty','','PLN',985,0.00000,'zł','2',',','',0,1,'0000-00-00 00:00:00',0,'0000-00-00 00:00:00',0,'0000-00-00 00:00:00',0),(116,'Paraguayan guaraní','','PYG',600,0.00000,'₲','0','','.',0,1,'0000-00-00 00:00:00',0,'0000-00-00 00:00:00',0,'0000-00-00 00:00:00',0),(117,'Qatari riyal','','QAR',634,0.00000,'﷼','2',',','',0,1,'0000-00-00 00:00:00',0,'0000-00-00 00:00:00',0,'0000-00-00 00:00:00',0),(118,'Romanian leu','','RON',946,0.00000,'lei','2',',','.',0,1,'0000-00-00 00:00:00',0,'0000-00-00 00:00:00',0,'0000-00-00 00:00:00',0),(119,'Rwandan franc','','RWF',646,0.00000,'Fr','2',',','',0,1,'0000-00-00 00:00:00',0,'0000-00-00 00:00:00',0,'0000-00-00 00:00:00',0),(120,'Saudi riyal','','SAR',682,0.00000,'﷼','2',',','',0,1,'0000-00-00 00:00:00',0,'0000-00-00 00:00:00',0,'0000-00-00 00:00:00',0),(121,'Solomon Islands dollar','','SBD',90,0.00000,'$','2',',','',0,1,'0000-00-00 00:00:00',0,'0000-00-00 00:00:00',0,'0000-00-00 00:00:00',0),(122,'Seychellois rupee','','SCR',690,0.00000,'₨','2',',','',0,1,'0000-00-00 00:00:00',0,'0000-00-00 00:00:00',0,'0000-00-00 00:00:00',0),(124,'Swedish krona','','SEK',752,0.00000,'kr','2',',','.',0,1,'0000-00-00 00:00:00',0,'0000-00-00 00:00:00',0,'0000-00-00 00:00:00',0),(125,'Singapore dollar','','SGD',702,0.00000,'$','2',',','',0,1,'0000-00-00 00:00:00',0,'0000-00-00 00:00:00',0,'0000-00-00 00:00:00',0),(126,'Saint Helenian pound','','SHP',654,0.00000,'£','2',',','',0,1,'0000-00-00 00:00:00',0,'0000-00-00 00:00:00',0,'0000-00-00 00:00:00',0),(127,'Sierra Leonean leone','','SLL',694,0.00000,'Le','2',',','',0,1,'0000-00-00 00:00:00',0,'0000-00-00 00:00:00',0,'0000-00-00 00:00:00',0),(128,'Somali shilling','','SOS',706,0.00000,'S','2',',','',0,1,'0000-00-00 00:00:00',0,'0000-00-00 00:00:00',0,'0000-00-00 00:00:00',0),(130,'São Tomé and Príncipe dobra','','STD',678,0.00000,'Db','0','','',0,1,'0000-00-00 00:00:00',0,'0000-00-00 00:00:00',0,'0000-00-00 00:00:00',0),(131,'Russian ruble','','RUB',643,0.00000,'руб','2',',','',0,1,'0000-00-00 00:00:00',0,'0000-00-00 00:00:00',0,'0000-00-00 00:00:00',0),(132,'Salvadoran colón','','SVC',222,0.00000,'$','2',',','',0,1,'0000-00-00 00:00:00',0,'0000-00-00 00:00:00',0,'0000-00-00 00:00:00',0),(133,'Syrian pound','','SYP',760,0.00000,'£','2',',','',0,1,'0000-00-00 00:00:00',0,'0000-00-00 00:00:00',0,'0000-00-00 00:00:00',0),(134,'Swazi lilangeni','','SZL',748,0.00000,'L','2',',','',0,1,'0000-00-00 00:00:00',0,'0000-00-00 00:00:00',0,'0000-00-00 00:00:00',0),(135,'Thai baht','','THB',764,0.00000,'฿','2',',','',0,1,'0000-00-00 00:00:00',0,'0000-00-00 00:00:00',0,'0000-00-00 00:00:00',0),(136,'Tunisian dinar','','TND',788,0.00000,'د.ت','3',',','',0,1,'0000-00-00 00:00:00',0,'0000-00-00 00:00:00',0,'0000-00-00 00:00:00',0),(137,'Tongan paʻanga','','TOP',776,0.00000,'T$','2',',','',0,1,'0000-00-00 00:00:00',0,'0000-00-00 00:00:00',0,'0000-00-00 00:00:00',0),(139,'Turkish new lira','','TRY',949,0.00000,'YTL','2',',','.',0,1,'0000-00-00 00:00:00',0,'0000-00-00 00:00:00',0,'0000-00-00 00:00:00',0),(140,'Trinidad and Tobago dollar','','TTD',780,0.00000,'TT$','2',',','',0,1,'0000-00-00 00:00:00',0,'0000-00-00 00:00:00',0,'0000-00-00 00:00:00',0),(141,'New Taiwan dollar','','TWD',901,0.00000,'NT$','2',',','',0,1,'0000-00-00 00:00:00',0,'0000-00-00 00:00:00',0,'0000-00-00 00:00:00',0),(142,'Tanzanian shilling','','TZS',834,0.00000,'Sh','2',',','',0,1,'0000-00-00 00:00:00',0,'0000-00-00 00:00:00',0,'0000-00-00 00:00:00',0),(144,'United States dollar','','USD',840,0.00000,'$','2','.',',',0,1,'0000-00-00 00:00:00',0,'0000-00-00 00:00:00',0,'0000-00-00 00:00:00',0),(147,'Vietnamese Dong','','VND',704,0.00000,'₫','0','','',0,1,'0000-00-00 00:00:00',0,'0000-00-00 00:00:00',0,'0000-00-00 00:00:00',0),(148,'Vanuatu vatu','','VUV',548,0.00000,'Vt','2',',','',0,1,'0000-00-00 00:00:00',0,'0000-00-00 00:00:00',0,'0000-00-00 00:00:00',0),(149,'Samoan tala','','WST',882,0.00000,'T','2',',','',0,1,'0000-00-00 00:00:00',0,'0000-00-00 00:00:00',0,'0000-00-00 00:00:00',0),(151,'Yemeni rial','','YER',886,0.00000,'﷼','2',',','',0,1,'0000-00-00 00:00:00',0,'0000-00-00 00:00:00',0,'0000-00-00 00:00:00',0),(152,'Serbian dinar','','RSD',941,0.00000,'Дин.','2',',','',0,1,'0000-00-00 00:00:00',0,'0000-00-00 00:00:00',0,'0000-00-00 00:00:00',0),(153,'South African rand','','ZAR',710,0.00000,'R','2',',','',0,1,'0000-00-00 00:00:00',0,'0000-00-00 00:00:00',0,'0000-00-00 00:00:00',0),(154,'Zambian kwacha','','ZMK',894,0.00000,'ZK','2',',','',0,1,'0000-00-00 00:00:00',0,'0000-00-00 00:00:00',0,'0000-00-00 00:00:00',0),(156,'Zimbabwean dollar','','ZWD',932,0.00000,'Z$','2',',','',0,1,'0000-00-00 00:00:00',0,'0000-00-00 00:00:00',0,'0000-00-00 00:00:00',0),(158,'Armenian dram','','AMD',51,0.00000,'դր.','2',',','',0,1,'0000-00-00 00:00:00',0,'0000-00-00 00:00:00',0,'0000-00-00 00:00:00',0),(159,'Myanmar kyat','','MMK',104,0.00000,'K','2',',','',0,1,'0000-00-00 00:00:00',0,'0000-00-00 00:00:00',0,'0000-00-00 00:00:00',0),(160,'Croatian kuna','','HRK',191,0.00000,'kn','2',',','.',0,1,'0000-00-00 00:00:00',0,'0000-00-00 00:00:00',0,'0000-00-00 00:00:00',0),(161,'Eritrean nakfa','','ERN',232,0.00000,'Nfk','2',',','',0,1,'0000-00-00 00:00:00',0,'0000-00-00 00:00:00',0,'0000-00-00 00:00:00',0),(162,'Djiboutian franc','','DJF',262,0.00000,'Fr','0','','',0,1,'0000-00-00 00:00:00',0,'0000-00-00 00:00:00',0,'0000-00-00 00:00:00',0),(163,'Icelandic króna','','ISK',352,0.00000,'kr','2',',','',0,1,'0000-00-00 00:00:00',0,'0000-00-00 00:00:00',0,'0000-00-00 00:00:00',0),(164,'Kazakhstani tenge','','KZT',398,0.00000,'лв','2',',','',0,1,'0000-00-00 00:00:00',0,'0000-00-00 00:00:00',0,'0000-00-00 00:00:00',0),(165,'Kyrgyzstani som','','KGS',417,0.00000,'лв','2',',','',0,1,'0000-00-00 00:00:00',0,'0000-00-00 00:00:00',0,'0000-00-00 00:00:00',0),(166,'Latvian lats','','LVL',428,0.00000,'Ls','2',',','',0,1,'0000-00-00 00:00:00',0,'0000-00-00 00:00:00',0,'0000-00-00 00:00:00',0),(167,'Lithuanian litas','','LTL',440,0.00000,'Lt','2',',','',0,1,'0000-00-00 00:00:00',0,'0000-00-00 00:00:00',0,'0000-00-00 00:00:00',0),(168,'Mexican peso','','MXN',484,0.00000,'$','2',',','',0,1,'0000-00-00 00:00:00',0,'0000-00-00 00:00:00',0,'0000-00-00 00:00:00',0),(169,'Moldovan leu','','MDL',498,0.00000,'L','2',',','',0,1,'0000-00-00 00:00:00',0,'0000-00-00 00:00:00',0,'0000-00-00 00:00:00',0),(170,'Namibian dollar','','NAD',516,0.00000,'$','2',',','',0,1,'0000-00-00 00:00:00',0,'0000-00-00 00:00:00',0,'0000-00-00 00:00:00',0),(171,'Nicaraguan córdoba','','NIO',558,0.00000,'C$','2',',','',0,1,'0000-00-00 00:00:00',0,'0000-00-00 00:00:00',0,'0000-00-00 00:00:00',0),(172,'Ugandan shilling','','UGX',800,0.00000,'Sh','2',',','',0,1,'0000-00-00 00:00:00',0,'0000-00-00 00:00:00',0,'0000-00-00 00:00:00',0),(173,'Macedonian denar','','MKD',807,0.00000,'ден','2',',','',0,1,'0000-00-00 00:00:00',0,'0000-00-00 00:00:00',0,'0000-00-00 00:00:00',0),(174,'Uruguayan peso','','UYU',858,0.00000,'$','0','','',0,1,'0000-00-00 00:00:00',0,'0000-00-00 00:00:00',0,'0000-00-00 00:00:00',0),(175,'Uzbekistani som','','UZS',860,0.00000,'лв','2',',','',0,1,'0000-00-00 00:00:00',0,'0000-00-00 00:00:00',0,'0000-00-00 00:00:00',0),(176,'Azerbaijani manat','','AZN',934,0.00000,'ман','2',',','',0,1,'0000-00-00 00:00:00',0,'0000-00-00 00:00:00',0,'0000-00-00 00:00:00',0),(177,'Ghanaian cedi','','GHS',936,0.00000,'₵','2',',','',0,1,'0000-00-00 00:00:00',0,'0000-00-00 00:00:00',0,'0000-00-00 00:00:00',0),(178,'Venezuelan bolívar','','VEF',937,0.00000,'Bs','2',',','',0,1,'0000-00-00 00:00:00',0,'0000-00-00 00:00:00',0,'0000-00-00 00:00:00',0),(179,'Sudanese pound','','SDG',938,0.00000,'£','2',',','',0,1,'0000-00-00 00:00:00',0,'0000-00-00 00:00:00',0,'0000-00-00 00:00:00',0),(180,'Uruguay Peso','','UYI',940,0.00000,'UYI','2',',','',0,1,'0000-00-00 00:00:00',0,'0000-00-00 00:00:00',0,'0000-00-00 00:00:00',0),(181,'Mozambican metical','','MZN',943,0.00000,'MT','2',',','',0,1,'0000-00-00 00:00:00',0,'0000-00-00 00:00:00',0,'0000-00-00 00:00:00',0),(182,'WIR Euro','','CHE',947,0.00000,'€','2',',','',0,1,'0000-00-00 00:00:00',0,'0000-00-00 00:00:00',0,'0000-00-00 00:00:00',0),(183,'WIR Franc','','CHW',948,0.00000,'CHW','2',',','',0,1,'0000-00-00 00:00:00',0,'0000-00-00 00:00:00',0,'0000-00-00 00:00:00',0),(184,'Central African CFA franc','','XAF',950,0.00000,'Fr','0','','',0,1,'0000-00-00 00:00:00',0,'0000-00-00 00:00:00',0,'0000-00-00 00:00:00',0),(185,'East Caribbean dollar','','XCD',951,0.00000,'$','2',',','',0,1,'0000-00-00 00:00:00',0,'0000-00-00 00:00:00',0,'0000-00-00 00:00:00',0),(186,'West African CFA franc','','XOF',952,0.00000,'Fr','2',',','',0,1,'0000-00-00 00:00:00',0,'0000-00-00 00:00:00',0,'0000-00-00 00:00:00',0),(187,'CFP franc','','XPF',953,0.00000,'Fr','2',',','',0,1,'0000-00-00 00:00:00',0,'0000-00-00 00:00:00',0,'0000-00-00 00:00:00',0),(188,'Surinamese dollar','','SRD',968,0.00000,'$','2',',','',0,1,'0000-00-00 00:00:00',0,'0000-00-00 00:00:00',0,'0000-00-00 00:00:00',0),(189,'Malagasy ariary','','MGA',969,0.00000,'MGA','2',',','',0,1,'0000-00-00 00:00:00',0,'0000-00-00 00:00:00',0,'0000-00-00 00:00:00',0),(190,'Unidad de Valor Real','','COU',970,0.00000,'COU','2',',','',0,1,'0000-00-00 00:00:00',0,'0000-00-00 00:00:00',0,'0000-00-00 00:00:00',0),(191,'Afghan afghani','','AFN',971,0.00000,'؋','2',',','',0,1,'0000-00-00 00:00:00',0,'0000-00-00 00:00:00',0,'0000-00-00 00:00:00',0),(192,'Tajikistani somoni','','TJS',972,0.00000,'ЅМ','2',',','',0,1,'0000-00-00 00:00:00',0,'0000-00-00 00:00:00',0,'0000-00-00 00:00:00',0),(193,'Angolan kwanza','','AOA',973,0.00000,'Kz','2',',','',0,1,'0000-00-00 00:00:00',0,'0000-00-00 00:00:00',0,'0000-00-00 00:00:00',0),(194,'Belarusian ruble','','BYR',974,0.00000,'p.','0','','',0,1,'0000-00-00 00:00:00',0,'0000-00-00 00:00:00',0,'0000-00-00 00:00:00',0),(195,'Bulgarian lev','','BGN',975,0.00000,'лв','2',',','',0,1,'0000-00-00 00:00:00',0,'0000-00-00 00:00:00',0,'0000-00-00 00:00:00',0),(196,'Congolese franc','','CDF',976,0.00000,'Fr','2',',','',0,1,'0000-00-00 00:00:00',0,'0000-00-00 00:00:00',0,'0000-00-00 00:00:00',0),(197,'Bosnia and Herzegovina convert','','BAM',977,0.00000,'KM','2',',','',0,1,'0000-00-00 00:00:00',0,'0000-00-00 00:00:00',0,'0000-00-00 00:00:00',0),(198,'Mexican Unid','','MXV',979,0.00000,'MXV','2',',','',0,1,'0000-00-00 00:00:00',0,'0000-00-00 00:00:00',0,'0000-00-00 00:00:00',0),(199,'Ukrainian hryvnia','','UAH',980,0.00000,'₴','2',',','',0,1,'0000-00-00 00:00:00',0,'0000-00-00 00:00:00',0,'0000-00-00 00:00:00',0),(200,'Georgian lari','','GEL',981,0.00000,'ლ','2',',','',0,1,'0000-00-00 00:00:00',0,'0000-00-00 00:00:00',0,'0000-00-00 00:00:00',0),(201,'Mvdol','','BOV',984,0.00000,'BOV','2',',','',0,1,'0000-00-00 00:00:00',0,'0000-00-00 00:00:00',0,'0000-00-00 00:00:00',0);

/*Table structure for table `os_directory` */

DROP TABLE IF EXISTS `os_directory`;

CREATE TABLE `os_directory` (
  `id` int(10) unsigned NOT NULL AUTO_INCREMENT,
  `category` int(11) DEFAULT NULL,
  `title` varchar(255) NOT NULL,
  `address` varchar(255) NOT NULL,
  `telephone` varchar(255) NOT NULL,
  `mobile` varchar(100) DEFAULT NULL,
  `email` varchar(255) NOT NULL,
  `fax` varchar(255) NOT NULL,
  `website` varchar(255) NOT NULL,
  `postcode` varchar(50) NOT NULL,
  `country` int(11) NOT NULL,
  `state` int(11) NOT NULL,
  `city` int(11) DEFAULT '0',
  `district` int(11) DEFAULT '0',
  `thana` int(11) DEFAULT '0',
  `details` text NOT NULL,
  `created_on` timestamp NOT NULL DEFAULT CURRENT_TIMESTAMP ON UPDATE CURRENT_TIMESTAMP,
  `created_by` int(11) DEFAULT '1',
  `modified_on` datetime NOT NULL DEFAULT '0000-00-00 00:00:00',
  `modified_by` int(11) DEFAULT '1',
  `hits` int(11) DEFAULT '0',
  `published` tinyint(1) DEFAULT '1',
  PRIMARY KEY (`id`),
  KEY `link_name` (`title`),
  FULLTEXT KEY `link_name_desc` (`title`,`details`)
) ENGINE=MyISAM DEFAULT CHARSET=utf8;

/*Data for the table `os_directory` */

/*Table structure for table `os_directory_category` */

DROP TABLE IF EXISTS `os_directory_category`;

CREATE TABLE `os_directory_category` (
  `id` int(11) unsigned NOT NULL AUTO_INCREMENT,
  `parent` int(11) DEFAULT '0',
  `title` varchar(250) COLLATE utf8_unicode_ci NOT NULL,
  `details` text COLLATE utf8_unicode_ci,
  `created_by` int(11) DEFAULT NULL,
  `created_on` timestamp NOT NULL DEFAULT CURRENT_TIMESTAMP ON UPDATE CURRENT_TIMESTAMP,
  `published` tinyint(1) DEFAULT '1',
  PRIMARY KEY (`id`)
) ENGINE=InnoDB DEFAULT CHARSET=utf8 COLLATE=utf8_unicode_ci;

/*Data for the table `os_directory_category` */

/*Table structure for table `os_district` */

DROP TABLE IF EXISTS `os_district`;

CREATE TABLE `os_district` (
  `id` int(10) unsigned NOT NULL AUTO_INCREMENT,
  `country_id` int(11) NOT NULL DEFAULT '18',
  `state_id` int(11) NOT NULL,
  `city_id` int(11) NOT NULL,
  `title` varchar(100) COLLATE utf8_unicode_ci NOT NULL,
  `published` tinyint(1) NOT NULL DEFAULT '1',
  PRIMARY KEY (`id`)
) ENGINE=InnoDB AUTO_INCREMENT=65 DEFAULT CHARSET=utf8 COLLATE=utf8_unicode_ci;

/*Data for the table `os_district` */

insert  into `os_district`(`id`,`country_id`,`state_id`,`city_id`,`title`,`published`) values (1,18,656,46,'Bagerhat',1),(2,18,653,3,'Bandarban',1),(3,18,655,39,'Barguna',1),(4,18,655,38,'Barisal',1),(5,18,655,41,'Bhola',1),(6,18,657,56,'Bogra',1),(7,18,653,4,'Brahmanbaria',1),(8,18,653,7,'Chandpur',1),(9,18,653,17,'Chittagong',1),(10,18,656,47,'Chuadanga',1),(11,18,653,18,'Comilla',1),(12,18,653,2,'Cox\'s Bazar',1),(13,18,654,19,'Dhaka',1),(14,18,658,65,'Dinajpur',1),(15,18,654,24,'Faridpur',1),(16,18,653,9,'Feni',1),(17,18,658,66,'Gaibandha',1),(18,18,654,21,'Gazipur',1),(19,18,654,24,'Gopalganj',1),(20,18,659,73,'Habiganj',1),(21,18,654,25,'Jamalpur',1),(22,18,656,48,'Jessore',1),(23,18,656,49,'Jhenaidah',1),(24,18,657,57,'Joypurhat',1),(25,18,653,10,'Khagrachhari',1),(26,18,656,45,'Khulna',1),(27,18,654,26,'Kishoreganj',1),(28,18,658,67,'Kurigram	',1),(29,18,656,50,'Kushtia',1),(30,18,653,12,'Lakshmipur',1),(31,18,658,68,'Lalmonirhat',1),(32,18,654,28,'Madaripur',1),(33,18,656,51,'Magura',1),(34,18,654,27,'Manikganj',1),(35,18,659,74,'Maulvibazar',1),(36,18,656,52,'Meherpur',1),(37,18,654,29,'Munshiganj',1),(38,18,654,30,'Mymensingh',1),(39,18,657,58,'Naogaon',1),(40,18,656,53,'Narail',1),(41,18,654,20,'Narayanganj',1),(42,18,654,31,'Narsingdi',1),(43,18,657,59,'Natore',1),(44,18,657,60,'Nawabganj',1),(45,18,654,32,'Netrakona',1),(46,18,658,69,'Nilphamari',1),(47,18,653,13,'Noakhali',1),(48,18,657,61,'Pabna',1),(49,18,658,70,'Panchagarh',1),(50,18,655,43,'Patuakhali',1),(51,18,655,44,'Pirojpur',1),(52,18,654,33,'Rajbari',1),(53,18,657,55,'Rajshahi',1),(54,18,653,14,'Rangamati',1),(55,18,658,63,'Rangpur',1),(56,18,656,54,'Satkhira',1),(57,18,654,34,'Shariatpur',1),(58,18,654,35,'Sherpur',1),(59,18,657,62,'Sirajganj',1),(60,18,659,76,'Sunamganj',1),(61,18,659,72,'Sylhet',1),(62,18,654,36,'Tangail',1),(63,18,658,71,'Thakurgaon',1),(64,18,655,42,'Jhalokati',1);

/*Table structure for table `os_document` */

DROP TABLE IF EXISTS `os_document`;

CREATE TABLE `os_document` (
  `id` int(11) NOT NULL AUTO_INCREMENT,
  `catid` int(11) DEFAULT NULL,
  `title` varchar(255) CHARACTER SET utf8 DEFAULT NULL,
  `doc_file` varchar(255) CHARACTER SET utf8 DEFAULT NULL,
  `doc_type` varchar(50) CHARACTER SET utf8 DEFAULT NULL,
  `doc_size` varchar(50) CHARACTER SET utf8 DEFAULT NULL,
  `summary` text CHARACTER SET utf8,
  `created_on` datetime DEFAULT '0000-00-00 00:00:00',
  `created_by` int(11) DEFAULT NULL,
  `modified_on` datetime DEFAULT '0000-00-00 00:00:00',
  `modified_by` int(11) DEFAULT NULL,
  `published` tinyint(1) DEFAULT '1',
  PRIMARY KEY (`id`)
) ENGINE=InnoDB DEFAULT CHARSET=utf8 COLLATE=utf8_unicode_ci;

/*Data for the table `os_document` */

/*Table structure for table `os_document_category` */

DROP TABLE IF EXISTS `os_document_category`;

CREATE TABLE `os_document_category` (
  `id` int(11) NOT NULL AUTO_INCREMENT,
  `parent` int(11) unsigned NOT NULL DEFAULT '0',
  `title` varchar(255) NOT NULL,
  `description` mediumtext NOT NULL,
  `published` tinyint(1) NOT NULL DEFAULT '1',
  `created_by` int(11) DEFAULT NULL,
  `created_time` datetime NOT NULL DEFAULT '0000-00-00 00:00:00',
  `modified_by` int(11) DEFAULT NULL,
  `modified_time` datetime NOT NULL DEFAULT '0000-00-00 00:00:00',
  PRIMARY KEY (`id`),
  KEY `cat_idx` (`published`)
) ENGINE=InnoDB DEFAULT CHARSET=utf8;

/*Data for the table `os_document_category` */

/*Table structure for table `os_massmail` */

DROP TABLE IF EXISTS `os_massmail`;

CREATE TABLE `os_massmail` (
  `id` int(10) unsigned NOT NULL AUTO_INCREMENT,
  `subject` varchar(250) COLLATE utf8_unicode_ci NOT NULL,
  `message_body` text COLLATE utf8_unicode_ci NOT NULL,
  `created_by` int(11) DEFAULT NULL,
  `created_on` timestamp NOT NULL DEFAULT CURRENT_TIMESTAMP ON UPDATE CURRENT_TIMESTAMP,
  `modified_by` int(11) DEFAULT NULL,
  `modified_on` datetime DEFAULT NULL,
  PRIMARY KEY (`id`)
) ENGINE=InnoDB DEFAULT CHARSET=utf8 COLLATE=utf8_unicode_ci;

/*Data for the table `os_massmail` */

/*Table structure for table `os_menu` */

DROP TABLE IF EXISTS `os_menu`;

CREATE TABLE `os_menu` (
  `id` int(10) unsigned NOT NULL AUTO_INCREMENT,
  `parent` int(11) DEFAULT '0',
  `title` varchar(150) COLLATE utf8_unicode_ci NOT NULL,
  `controller` varchar(50) COLLATE utf8_unicode_ci DEFAULT NULL,
  `url` varchar(100) COLLATE utf8_unicode_ci NOT NULL,
  `icon` varchar(50) COLLATE utf8_unicode_ci DEFAULT NULL,
  `ordering` int(11) DEFAULT '0',
  `status` tinyint(1) DEFAULT '1',
  `group` varchar(250) COLLATE utf8_unicode_ci DEFAULT NULL,
  PRIMARY KEY (`id`)
) ENGINE=InnoDB AUTO_INCREMENT=47 DEFAULT CHARSET=utf8 COLLATE=utf8_unicode_ci;

/*Data for the table `os_menu` */

insert  into `os_menu`(`id`,`parent`,`title`,`controller`,`url`,`icon`,`ordering`,`status`,`group`) values (1,0,'Dashboard','site','/site/index','icon-dashboard',1,1,'1'),(2,0,'Modules','#','','icon-list-alt',3,1,'1'),(3,0,'Settings','#','','icon-cogs',4,1,'1'),(4,0,'Access Control','#','','icon-lock',2,1,'1'),(5,2,'Contents','#','#','',1,1,'1'),(6,5,'Category','contentCategory','/contentCategory/admin',NULL,0,1,'1'),(7,5,'Content','content','/content/admin',NULL,0,1,'1'),(8,2,'Directory','#','',NULL,2,1,'1'),(9,8,'Category','directoryCategory','/directoryCategory/admin',NULL,1,1,'1'),(10,8,'Directory','edirectory','/edirectory/admin',NULL,2,1,'1'),(11,2,'Documents','#','#','',3,1,'1'),(12,11,'Category','documentCategory','/documentCategory/admin',NULL,1,1,'1'),(13,11,'Documents','document','/document/admin',NULL,2,1,'1'),(14,2,'Banners','#','#','',4,1,'1'),(15,14,'Category','bannerCategory','/bannerCategory/admin',NULL,1,1,'1'),(16,14,'Banner','banner','/banner/admin',NULL,2,1,'1'),(17,2,'Weblinks','#','',NULL,5,1,'1'),(18,17,'Category','weblinkCategory','/weblinkCategory/admin',NULL,1,1,'1'),(19,17,'Weblinks','weblink','/weblink/admin',NULL,2,1,'1'),(20,2,'Subscriber','#','#','',6,1,'1'),(21,2,'Mass Mail','massmail','/massmail/admin',NULL,7,1,'1'),(22,4,'Audit Trail','#','',NULL,5,1,'1'),(23,22,'Admin Audit Trail','auditTrail','/auditTrail/admin',NULL,1,1,'1'),(24,22,'User Audit Trail','auditTrail','/auditTrail/user',NULL,2,1,'1'),(25,3,'Country','country','/country/admin',NULL,1,1,'1'),(26,3,'State','state','/state/admin',NULL,2,1,'1'),(27,3,'City','city','/city/admin',NULL,3,1,'1'),(28,3,'District','district','/district/admin',NULL,4,1,'1'),(29,3,'Thana','thana','/thana/admin',NULL,5,1,'1'),(30,3,'Currency','currency','/currency/admin',NULL,6,1,'1'),(31,3,'User Status','userStatus','/userStatus/admin',NULL,7,1,'1'),(32,4,'User Group','userGroup','/userGroup/admin',NULL,1,1,'1'),(33,4,'Controllers','aclController','/aclController/admin',NULL,2,1,'1'),(34,4,'Admin User','userAdmin','/userAdmin/admin',NULL,3,1,'1'),(35,4,'Site User','user','/user/admin',NULL,4,1,'1'),(36,3,'Menu Manager','menu','/menu/admin',NULL,8,1,'1'),(37,4,'Online Users','#','#','',6,1,'1'),(38,37,'Admin Online Users','onlineUser','/onlineUser/admin','',1,1,'1'),(39,37,'Site Online Users','onlineUser','/onlineUser/user','',2,1,'1'),(40,4,'Visitor Statistics','#','#','',7,1,'1'),(41,40,'Admin Visitors','visitor','/visitor/admin','',1,1,'1'),(42,40,'Frontend Visitors','visitor','/visitor/user','',2,1,'1'),(43,20,'Subscriber','subscriber','/subscriber/admin','',1,1,'1'),(44,20,'Subscriber Group','subscriberGroup','/subscriberGroup/admin','',2,1,'1'),(45,5,'Comments','resourceComment','/resourceComment/admin','',3,1,'1,2'),(46,2,'Video','youtube','/youtube/admin','',8,1,'1,2');

/*Table structure for table `os_resource_comment` */

DROP TABLE IF EXISTS `os_resource_comment`;

CREATE TABLE `os_resource_comment` (
  `id` int(11) NOT NULL AUTO_INCREMENT COMMENT 'ID',
  `resource` int(11) NOT NULL COMMENT 'Resource',
  `full_name` varchar(150) COLLATE utf8_unicode_ci NOT NULL COMMENT 'Name',
  `email` varchar(150) COLLATE utf8_unicode_ci NOT NULL COMMENT 'Email',
  `website` varchar(100) COLLATE utf8_unicode_ci DEFAULT NULL COMMENT 'Website',
  `comment` text COLLATE utf8_unicode_ci NOT NULL COMMENT 'Comment',
  `created` timestamp NOT NULL DEFAULT CURRENT_TIMESTAMP ON UPDATE CURRENT_TIMESTAMP COMMENT 'Created',
  `status` tinyint(1) DEFAULT '0' COMMENT 'Status',
  PRIMARY KEY (`id`)
) ENGINE=InnoDB AUTO_INCREMENT=2 DEFAULT CHARSET=utf8 COLLATE=utf8_unicode_ci;

/*Data for the table `os_resource_comment` */

insert  into `os_resource_comment`(`id`,`resource`,`full_name`,`email`,`website`,`comment`,`created`,`status`) values (1,11,'car rental coupon codes avis','cntqnjdfyb@gmail.com','http://www.cbs46.com/story/32554803/how-to-get-a-discount-on-virtually-anything-for-purchase-online','Concordo così tanto con quanto si dice da non capire perché in Sardegna sia stato fatto l.esatto contrario. Perché belle idee hanno bisogno di nutrirsi di coerenza, altrimenti restano vuote e suonano tanto di ipocrisia.','2016-08-26 07:20:29',0);

/*Table structure for table `os_state` */

DROP TABLE IF EXISTS `os_state`;

CREATE TABLE `os_state` (
  `id` int(11) unsigned NOT NULL AUTO_INCREMENT,
  `country_id` int(11) DEFAULT NULL,
  `state_name` varchar(192) COLLATE utf8_unicode_ci DEFAULT NULL,
  `state_3_code` varchar(9) COLLATE utf8_unicode_ci DEFAULT NULL,
  `state_2_code` varchar(6) COLLATE utf8_unicode_ci DEFAULT NULL,
  `ordering` double DEFAULT NULL,
  `published` tinyint(1) DEFAULT NULL,
  `created_on` datetime DEFAULT NULL,
  `created_by` double DEFAULT NULL,
  `modified_on` datetime DEFAULT NULL,
  `modified_by` double DEFAULT NULL,
  `locked_on` datetime DEFAULT NULL,
  `locked_by` double DEFAULT NULL,
  PRIMARY KEY (`id`)
) ENGINE=InnoDB AUTO_INCREMENT=660 DEFAULT CHARSET=utf8 COLLATE=utf8_unicode_ci;

/*Data for the table `os_state` */

insert  into `os_state`(`id`,`country_id`,`state_name`,`state_3_code`,`state_2_code`,`ordering`,`published`,`created_on`,`created_by`,`modified_on`,`modified_by`,`locked_on`,`locked_by`) values (1,223,'Alabama','ALA','AL',0,0,'0000-00-00 00:00:00',1,'0000-00-00 00:00:00',0,'0000-00-00 00:00:00',0),(2,223,'Alaska','ALK','AK',0,0,'0000-00-00 00:00:00',1,'0000-00-00 00:00:00',0,'0000-00-00 00:00:00',0),(3,223,'Arizona','ARZ','AZ',0,0,'0000-00-00 00:00:00',1,'0000-00-00 00:00:00',0,'0000-00-00 00:00:00',0),(4,223,'Arkansas','ARK','AR',0,0,'0000-00-00 00:00:00',1,'0000-00-00 00:00:00',0,'0000-00-00 00:00:00',0),(5,223,'California','CAL','CA',0,0,'0000-00-00 00:00:00',1,'0000-00-00 00:00:00',0,'0000-00-00 00:00:00',0),(6,223,'Colorado','COL','CO',0,0,'0000-00-00 00:00:00',1,'0000-00-00 00:00:00',0,'0000-00-00 00:00:00',0),(7,223,'Connecticut','CCT','CT',0,0,'0000-00-00 00:00:00',1,'0000-00-00 00:00:00',0,'0000-00-00 00:00:00',0),(8,223,'Delaware','DEL','DE',0,0,'0000-00-00 00:00:00',1,'0000-00-00 00:00:00',0,'0000-00-00 00:00:00',0),(9,223,'District Of Columbia','DOC','DC',0,0,'0000-00-00 00:00:00',1,'0000-00-00 00:00:00',0,'0000-00-00 00:00:00',0),(10,223,'Florida','FLO','FL',0,0,'0000-00-00 00:00:00',1,'0000-00-00 00:00:00',0,'0000-00-00 00:00:00',0),(11,223,'Georgia','GEA','GA',0,0,'0000-00-00 00:00:00',1,'0000-00-00 00:00:00',0,'0000-00-00 00:00:00',0),(12,223,'Hawaii','HWI','HI',0,0,'0000-00-00 00:00:00',1,'0000-00-00 00:00:00',0,'0000-00-00 00:00:00',0),(13,223,'Idaho','IDA','ID',0,0,'0000-00-00 00:00:00',1,'0000-00-00 00:00:00',0,'0000-00-00 00:00:00',0),(14,223,'Illinois','ILL','IL',0,0,'0000-00-00 00:00:00',1,'0000-00-00 00:00:00',0,'0000-00-00 00:00:00',0),(15,223,'Indiana','IND','IN',0,0,'0000-00-00 00:00:00',1,'0000-00-00 00:00:00',0,'0000-00-00 00:00:00',0),(16,223,'Iowa','IOA','IA',0,0,'0000-00-00 00:00:00',1,'0000-00-00 00:00:00',0,'0000-00-00 00:00:00',0),(17,223,'Kansas','KAS','KS',0,0,'0000-00-00 00:00:00',1,'0000-00-00 00:00:00',0,'0000-00-00 00:00:00',0),(18,223,'Kentucky','KTY','KY',0,0,'0000-00-00 00:00:00',1,'0000-00-00 00:00:00',0,'0000-00-00 00:00:00',0),(19,223,'Louisiana','LOA','LA',0,0,'0000-00-00 00:00:00',1,'0000-00-00 00:00:00',0,'0000-00-00 00:00:00',0),(20,223,'Maine','MAI','ME',0,0,'0000-00-00 00:00:00',1,'0000-00-00 00:00:00',0,'0000-00-00 00:00:00',0),(21,223,'Maryland','MLD','MD',0,0,'0000-00-00 00:00:00',1,'0000-00-00 00:00:00',0,'0000-00-00 00:00:00',0),(22,223,'Massachusetts','MSA','MA',0,0,'0000-00-00 00:00:00',1,'0000-00-00 00:00:00',0,'0000-00-00 00:00:00',0),(23,223,'Michigan','MIC','MI',0,0,'0000-00-00 00:00:00',1,'0000-00-00 00:00:00',0,'0000-00-00 00:00:00',0),(24,223,'Minnesota','MIN','MN',0,0,'0000-00-00 00:00:00',1,'0000-00-00 00:00:00',0,'0000-00-00 00:00:00',0),(25,223,'Mississippi','MIS','MS',0,0,'0000-00-00 00:00:00',1,'0000-00-00 00:00:00',0,'0000-00-00 00:00:00',0),(26,223,'Missouri','MIO','MO',0,0,'0000-00-00 00:00:00',1,'0000-00-00 00:00:00',0,'0000-00-00 00:00:00',0),(27,223,'Montana','MOT','MT',0,0,'0000-00-00 00:00:00',1,'0000-00-00 00:00:00',0,'0000-00-00 00:00:00',0),(28,223,'Nebraska','NEB','NE',0,0,'0000-00-00 00:00:00',1,'0000-00-00 00:00:00',0,'0000-00-00 00:00:00',0),(29,223,'Nevada','NEV','NV',0,0,'0000-00-00 00:00:00',1,'0000-00-00 00:00:00',0,'0000-00-00 00:00:00',0),(30,223,'New Hampshire','NEH','NH',0,0,'0000-00-00 00:00:00',1,'0000-00-00 00:00:00',0,'0000-00-00 00:00:00',0),(31,223,'New Jersey','NEJ','NJ',0,0,'0000-00-00 00:00:00',1,'0000-00-00 00:00:00',0,'0000-00-00 00:00:00',0),(32,223,'New Mexico','NEM','NM',0,0,'0000-00-00 00:00:00',1,'0000-00-00 00:00:00',0,'0000-00-00 00:00:00',0),(33,223,'New York','NEY','NY',0,0,'0000-00-00 00:00:00',1,'0000-00-00 00:00:00',0,'0000-00-00 00:00:00',0),(34,223,'North Carolina','NOC','NC',0,0,'0000-00-00 00:00:00',1,'0000-00-00 00:00:00',0,'0000-00-00 00:00:00',0),(35,223,'North Dakota','NOD','ND',0,0,'0000-00-00 00:00:00',1,'0000-00-00 00:00:00',0,'0000-00-00 00:00:00',0),(36,223,'Ohio','OHI','OH',0,0,'0000-00-00 00:00:00',1,'0000-00-00 00:00:00',0,'0000-00-00 00:00:00',0),(37,223,'Oklahoma','OKL','OK',0,0,'0000-00-00 00:00:00',1,'0000-00-00 00:00:00',0,'0000-00-00 00:00:00',0),(38,223,'Oregon','ORN','OR',0,0,'0000-00-00 00:00:00',1,'0000-00-00 00:00:00',0,'0000-00-00 00:00:00',0),(39,223,'Pennsylvania','PEA','PA',0,0,'0000-00-00 00:00:00',1,'0000-00-00 00:00:00',0,'0000-00-00 00:00:00',0),(40,223,'Rhode Island','RHI','RI',0,0,'0000-00-00 00:00:00',1,'0000-00-00 00:00:00',0,'0000-00-00 00:00:00',0),(41,223,'South Carolina','SOC','SC',0,0,'0000-00-00 00:00:00',1,'0000-00-00 00:00:00',0,'0000-00-00 00:00:00',0),(42,223,'South Dakota','SOD','SD',0,0,'0000-00-00 00:00:00',1,'0000-00-00 00:00:00',0,'0000-00-00 00:00:00',0),(43,223,'Tennessee','TEN','TN',0,0,'0000-00-00 00:00:00',1,'0000-00-00 00:00:00',0,'0000-00-00 00:00:00',0),(44,223,'Texas','TXS','TX',0,0,'0000-00-00 00:00:00',1,'0000-00-00 00:00:00',0,'0000-00-00 00:00:00',0),(45,223,'Utah','UTA','UT',0,0,'0000-00-00 00:00:00',1,'0000-00-00 00:00:00',0,'0000-00-00 00:00:00',0),(46,223,'Vermont','VMT','VT',0,0,'0000-00-00 00:00:00',1,'0000-00-00 00:00:00',0,'0000-00-00 00:00:00',0),(47,223,'Virginia','VIA','VA',0,0,'0000-00-00 00:00:00',1,'0000-00-00 00:00:00',0,'0000-00-00 00:00:00',0),(48,223,'Washington','WAS','WA',0,0,'0000-00-00 00:00:00',1,'0000-00-00 00:00:00',0,'0000-00-00 00:00:00',0),(49,223,'West Virginia','WEV','WV',0,0,'0000-00-00 00:00:00',1,'0000-00-00 00:00:00',0,'0000-00-00 00:00:00',0),(50,223,'Wisconsin','WIS','WI',0,0,'0000-00-00 00:00:00',1,'0000-00-00 00:00:00',0,'0000-00-00 00:00:00',0),(51,223,'Wyoming','WYO','WY',0,0,'0000-00-00 00:00:00',1,'0000-00-00 00:00:00',0,'0000-00-00 00:00:00',0),(52,38,'Alberta','ALB','AB',0,0,'0000-00-00 00:00:00',1,'0000-00-00 00:00:00',0,'0000-00-00 00:00:00',0),(53,38,'British Columbia','BRC','BC',0,0,'0000-00-00 00:00:00',1,'0000-00-00 00:00:00',0,'0000-00-00 00:00:00',0),(54,38,'Manitoba','MAB','MB',0,0,'0000-00-00 00:00:00',1,'0000-00-00 00:00:00',0,'0000-00-00 00:00:00',0),(55,38,'New Brunswick','NEB','NB',0,0,'0000-00-00 00:00:00',1,'0000-00-00 00:00:00',0,'0000-00-00 00:00:00',0),(56,38,'Newfoundland and Labrador','NFL','NL',0,0,'0000-00-00 00:00:00',1,'0000-00-00 00:00:00',0,'0000-00-00 00:00:00',0),(57,38,'Northwest Territories','NWT','NT',0,0,'0000-00-00 00:00:00',1,'0000-00-00 00:00:00',0,'0000-00-00 00:00:00',0),(58,38,'Nova Scotia','NOS','NS',0,0,'0000-00-00 00:00:00',1,'0000-00-00 00:00:00',0,'0000-00-00 00:00:00',0),(59,38,'Nunavut','NUT','NU',0,0,'0000-00-00 00:00:00',1,'0000-00-00 00:00:00',0,'0000-00-00 00:00:00',0),(60,38,'Ontario','ONT','ON',0,0,'0000-00-00 00:00:00',1,'0000-00-00 00:00:00',0,'0000-00-00 00:00:00',0),(61,38,'Prince Edward Island','PEI','PE',0,0,'0000-00-00 00:00:00',1,'0000-00-00 00:00:00',0,'0000-00-00 00:00:00',0),(62,38,'Quebec','QEC','QC',0,0,'0000-00-00 00:00:00',1,'0000-00-00 00:00:00',0,'0000-00-00 00:00:00',0),(63,38,'Saskatchewan','SAK','SK',0,0,'0000-00-00 00:00:00',1,'0000-00-00 00:00:00',0,'0000-00-00 00:00:00',0),(64,38,'Yukon','YUT','YT',0,0,'0000-00-00 00:00:00',1,'0000-00-00 00:00:00',0,'0000-00-00 00:00:00',0),(65,222,'England','ENG','EN',0,0,'0000-00-00 00:00:00',1,'0000-00-00 00:00:00',0,'0000-00-00 00:00:00',0),(66,222,'Northern Ireland','NOI','NI',0,0,'0000-00-00 00:00:00',1,'0000-00-00 00:00:00',0,'0000-00-00 00:00:00',0),(67,222,'Scotland','SCO','SD',0,0,'0000-00-00 00:00:00',1,'0000-00-00 00:00:00',0,'0000-00-00 00:00:00',0),(68,222,'Wales','WLS','WS',0,0,'0000-00-00 00:00:00',1,'0000-00-00 00:00:00',0,'0000-00-00 00:00:00',0),(69,13,'Australian Capital Territory','ACT','AC',0,0,'0000-00-00 00:00:00',1,'0000-00-00 00:00:00',0,'0000-00-00 00:00:00',0),(70,13,'New South Wales','NSW','NS',0,0,'0000-00-00 00:00:00',1,'0000-00-00 00:00:00',0,'0000-00-00 00:00:00',0),(71,13,'Northern Territory','NOT','NT',0,0,'0000-00-00 00:00:00',1,'0000-00-00 00:00:00',0,'0000-00-00 00:00:00',0),(72,13,'Queensland','QLD','QL',0,0,'0000-00-00 00:00:00',1,'0000-00-00 00:00:00',0,'0000-00-00 00:00:00',0),(73,13,'South Australia','SOA','SA',0,0,'0000-00-00 00:00:00',1,'0000-00-00 00:00:00',0,'0000-00-00 00:00:00',0),(74,13,'Tasmania','TAS','TS',0,0,'0000-00-00 00:00:00',1,'0000-00-00 00:00:00',0,'0000-00-00 00:00:00',0),(75,13,'Victoria','VIC','VI',0,0,'0000-00-00 00:00:00',1,'0000-00-00 00:00:00',0,'0000-00-00 00:00:00',0),(76,13,'Western Australia','WEA','WA',0,0,'0000-00-00 00:00:00',1,'0000-00-00 00:00:00',0,'0000-00-00 00:00:00',0),(77,138,'Aguascalientes','AGS','AG',0,0,'0000-00-00 00:00:00',1,'0000-00-00 00:00:00',0,'0000-00-00 00:00:00',0),(78,138,'Baja California Norte','BCN','BN',0,0,'0000-00-00 00:00:00',1,'0000-00-00 00:00:00',0,'0000-00-00 00:00:00',0),(79,138,'Baja California Sur','BCS','BS',0,0,'0000-00-00 00:00:00',1,'0000-00-00 00:00:00',0,'0000-00-00 00:00:00',0),(80,138,'Campeche','CAM','CA',0,0,'0000-00-00 00:00:00',1,'0000-00-00 00:00:00',0,'0000-00-00 00:00:00',0),(81,138,'Chiapas','CHI','CS',0,0,'0000-00-00 00:00:00',1,'0000-00-00 00:00:00',0,'0000-00-00 00:00:00',0),(82,138,'Chihuahua','CHA','CH',0,0,'0000-00-00 00:00:00',1,'0000-00-00 00:00:00',0,'0000-00-00 00:00:00',0),(83,138,'Coahuila','COA','CO',0,0,'0000-00-00 00:00:00',1,'0000-00-00 00:00:00',0,'0000-00-00 00:00:00',0),(84,138,'Colima','COL','CM',0,0,'0000-00-00 00:00:00',1,'0000-00-00 00:00:00',0,'0000-00-00 00:00:00',0),(85,138,'Distrito Federal','DFM','DF',0,0,'0000-00-00 00:00:00',1,'0000-00-00 00:00:00',0,'0000-00-00 00:00:00',0),(86,138,'Durango','DGO','DO',0,0,'0000-00-00 00:00:00',1,'0000-00-00 00:00:00',0,'0000-00-00 00:00:00',0),(87,138,'Guanajuato','GTO','GO',0,0,'0000-00-00 00:00:00',1,'0000-00-00 00:00:00',0,'0000-00-00 00:00:00',0),(88,138,'Guerrero','GRO','GU',0,0,'0000-00-00 00:00:00',1,'0000-00-00 00:00:00',0,'0000-00-00 00:00:00',0),(89,138,'Hidalgo','HGO','HI',0,0,'0000-00-00 00:00:00',1,'0000-00-00 00:00:00',0,'0000-00-00 00:00:00',0),(90,138,'Jalisco','JAL','JA',0,0,'0000-00-00 00:00:00',1,'0000-00-00 00:00:00',0,'0000-00-00 00:00:00',0),(91,138,'M','EDM','EM',0,0,'0000-00-00 00:00:00',1,'0000-00-00 00:00:00',0,'0000-00-00 00:00:00',0),(92,138,'Michoac','MCN','MI',0,0,'0000-00-00 00:00:00',1,'0000-00-00 00:00:00',0,'0000-00-00 00:00:00',0),(93,138,'Morelos','MOR','MO',0,0,'0000-00-00 00:00:00',1,'0000-00-00 00:00:00',0,'0000-00-00 00:00:00',0),(94,138,'Nayarit','NAY','NY',0,0,'0000-00-00 00:00:00',1,'0000-00-00 00:00:00',0,'0000-00-00 00:00:00',0),(95,138,'Nuevo Le','NUL','NL',0,0,'0000-00-00 00:00:00',1,'0000-00-00 00:00:00',0,'0000-00-00 00:00:00',0),(96,138,'Oaxaca','OAX','OA',0,0,'0000-00-00 00:00:00',1,'0000-00-00 00:00:00',0,'0000-00-00 00:00:00',0),(97,138,'Puebla','PUE','PU',0,0,'0000-00-00 00:00:00',1,'0000-00-00 00:00:00',0,'0000-00-00 00:00:00',0),(98,138,'Quer','QRO','QU',0,0,'0000-00-00 00:00:00',1,'0000-00-00 00:00:00',0,'0000-00-00 00:00:00',0),(99,138,'Quintana Roo','QUR','QR',0,0,'0000-00-00 00:00:00',1,'0000-00-00 00:00:00',0,'0000-00-00 00:00:00',0),(100,138,'San Luis Potos','SLP','SP',0,0,'0000-00-00 00:00:00',1,'0000-00-00 00:00:00',0,'0000-00-00 00:00:00',0),(101,138,'Sinaloa','SIN','SI',0,0,'0000-00-00 00:00:00',1,'0000-00-00 00:00:00',0,'0000-00-00 00:00:00',0),(102,138,'Sonora','SON','SO',0,0,'0000-00-00 00:00:00',1,'0000-00-00 00:00:00',0,'0000-00-00 00:00:00',0),(103,138,'Tabasco','TAB','TA',0,0,'0000-00-00 00:00:00',1,'0000-00-00 00:00:00',0,'0000-00-00 00:00:00',0),(104,138,'Tamaulipas','TAM','TM',0,0,'0000-00-00 00:00:00',1,'0000-00-00 00:00:00',0,'0000-00-00 00:00:00',0),(105,138,'Tlaxcala','TLX','TX',0,0,'0000-00-00 00:00:00',1,'0000-00-00 00:00:00',0,'0000-00-00 00:00:00',0),(106,138,'Veracruz','VER','VZ',0,0,'0000-00-00 00:00:00',1,'0000-00-00 00:00:00',0,'0000-00-00 00:00:00',0),(107,138,'Yucat','YUC','YU',0,0,'0000-00-00 00:00:00',1,'0000-00-00 00:00:00',0,'0000-00-00 00:00:00',0),(108,138,'Zacatecas','ZAC','ZA',0,0,'0000-00-00 00:00:00',1,'0000-00-00 00:00:00',0,'0000-00-00 00:00:00',0),(109,30,'Acre','ACR','AC',0,0,'0000-00-00 00:00:00',1,'0000-00-00 00:00:00',0,'0000-00-00 00:00:00',0),(110,30,'Alagoas','ALG','AL',0,0,'0000-00-00 00:00:00',1,'0000-00-00 00:00:00',0,'0000-00-00 00:00:00',0),(111,30,'Amapá','AMP','AP',0,0,'0000-00-00 00:00:00',1,'0000-00-00 00:00:00',0,'0000-00-00 00:00:00',0),(112,30,'Amazonas','AMZ','AM',0,0,'0000-00-00 00:00:00',1,'0000-00-00 00:00:00',0,'0000-00-00 00:00:00',0),(113,30,'Bahía','BAH','BA',0,0,'0000-00-00 00:00:00',1,'0000-00-00 00:00:00',0,'0000-00-00 00:00:00',0),(114,30,'Ceará','CEA','CE',0,0,'0000-00-00 00:00:00',1,'0000-00-00 00:00:00',0,'0000-00-00 00:00:00',0),(115,30,'Distrito Federal','DFB','DF',0,0,'0000-00-00 00:00:00',1,'0000-00-00 00:00:00',0,'0000-00-00 00:00:00',0),(116,30,'Espírito Santo','ESS','ES',0,0,'0000-00-00 00:00:00',1,'0000-00-00 00:00:00',0,'0000-00-00 00:00:00',0),(117,30,'Goiás','GOI','GO',0,0,'0000-00-00 00:00:00',1,'0000-00-00 00:00:00',0,'0000-00-00 00:00:00',0),(118,30,'Maranhão','MAR','MA',0,0,'0000-00-00 00:00:00',1,'0000-00-00 00:00:00',0,'0000-00-00 00:00:00',0),(119,30,'Mato Grosso','MAT','MT',0,0,'0000-00-00 00:00:00',1,'0000-00-00 00:00:00',0,'0000-00-00 00:00:00',0),(120,30,'Mato Grosso do Sul','MGS','MS',0,0,'0000-00-00 00:00:00',1,'0000-00-00 00:00:00',0,'0000-00-00 00:00:00',0),(121,30,'Minas Gerais','MIG','MG',0,0,'0000-00-00 00:00:00',1,'0000-00-00 00:00:00',0,'0000-00-00 00:00:00',0),(122,30,'Paraná','PAR','PR',0,0,'0000-00-00 00:00:00',1,'0000-00-00 00:00:00',0,'0000-00-00 00:00:00',0),(123,30,'Paraíba','PRB','PB',0,0,'0000-00-00 00:00:00',1,'0000-00-00 00:00:00',0,'0000-00-00 00:00:00',0),(124,30,'Pará','PAB','PA',0,0,'0000-00-00 00:00:00',1,'0000-00-00 00:00:00',0,'0000-00-00 00:00:00',0),(125,30,'Pernambuco','PER','PE',0,0,'0000-00-00 00:00:00',1,'0000-00-00 00:00:00',0,'0000-00-00 00:00:00',0),(126,30,'Piauí','PIA','PI',0,0,'0000-00-00 00:00:00',1,'0000-00-00 00:00:00',0,'0000-00-00 00:00:00',0),(127,30,'Rio Grande do Norte','RGN','RN',0,0,'0000-00-00 00:00:00',1,'0000-00-00 00:00:00',0,'0000-00-00 00:00:00',0),(128,30,'Rio Grande do Sul','RGS','RS',0,0,'0000-00-00 00:00:00',1,'0000-00-00 00:00:00',0,'0000-00-00 00:00:00',0),(129,30,'Rio de Janeiro','RDJ','RJ',0,0,'0000-00-00 00:00:00',1,'0000-00-00 00:00:00',0,'0000-00-00 00:00:00',0),(130,30,'Rondônia','RON','RO',0,0,'0000-00-00 00:00:00',1,'0000-00-00 00:00:00',0,'0000-00-00 00:00:00',0),(131,30,'Roraima','ROR','RR',0,0,'0000-00-00 00:00:00',1,'0000-00-00 00:00:00',0,'0000-00-00 00:00:00',0),(132,30,'Santa Catarina','SAC','SC',0,0,'0000-00-00 00:00:00',1,'0000-00-00 00:00:00',0,'0000-00-00 00:00:00',0),(133,30,'Sergipe','SER','SE',0,0,'0000-00-00 00:00:00',1,'0000-00-00 00:00:00',0,'0000-00-00 00:00:00',0),(134,30,'São Paulo','SAP','SP',0,0,'0000-00-00 00:00:00',1,'0000-00-00 00:00:00',0,'0000-00-00 00:00:00',0),(135,30,'Tocantins','TOC','TO',0,0,'0000-00-00 00:00:00',1,'0000-00-00 00:00:00',0,'0000-00-00 00:00:00',0),(136,44,'Anhui','ANH','34',0,0,'0000-00-00 00:00:00',1,'0000-00-00 00:00:00',0,'0000-00-00 00:00:00',0),(137,44,'Beijing','BEI','11',0,0,'0000-00-00 00:00:00',1,'0000-00-00 00:00:00',0,'0000-00-00 00:00:00',0),(138,44,'Chongqing','CHO','50',0,0,'0000-00-00 00:00:00',1,'0000-00-00 00:00:00',0,'0000-00-00 00:00:00',0),(139,44,'Fujian','FUJ','35',0,0,'0000-00-00 00:00:00',1,'0000-00-00 00:00:00',0,'0000-00-00 00:00:00',0),(140,44,'Gansu','GAN','62',0,0,'0000-00-00 00:00:00',1,'0000-00-00 00:00:00',0,'0000-00-00 00:00:00',0),(141,44,'Guangdong','GUA','44',0,0,'0000-00-00 00:00:00',1,'0000-00-00 00:00:00',0,'0000-00-00 00:00:00',0),(142,44,'Guangxi Zhuang','GUZ','45',0,0,'0000-00-00 00:00:00',1,'0000-00-00 00:00:00',0,'0000-00-00 00:00:00',0),(143,44,'Guizhou','GUI','52',0,0,'0000-00-00 00:00:00',1,'0000-00-00 00:00:00',0,'0000-00-00 00:00:00',0),(144,44,'Hainan','HAI','46',0,0,'0000-00-00 00:00:00',1,'0000-00-00 00:00:00',0,'0000-00-00 00:00:00',0),(145,44,'Hebei','HEB','13',0,0,'0000-00-00 00:00:00',1,'0000-00-00 00:00:00',0,'0000-00-00 00:00:00',0),(146,44,'Heilongjiang','HEI','23',0,0,'0000-00-00 00:00:00',1,'0000-00-00 00:00:00',0,'0000-00-00 00:00:00',0),(147,44,'Henan','HEN','41',0,0,'0000-00-00 00:00:00',1,'0000-00-00 00:00:00',0,'0000-00-00 00:00:00',0),(148,44,'Hubei','HUB','42',0,0,'0000-00-00 00:00:00',1,'0000-00-00 00:00:00',0,'0000-00-00 00:00:00',0),(149,44,'Hunan','HUN','43',0,0,'0000-00-00 00:00:00',1,'0000-00-00 00:00:00',0,'0000-00-00 00:00:00',0),(150,44,'Jiangsu','JIA','32',0,0,'0000-00-00 00:00:00',1,'0000-00-00 00:00:00',0,'0000-00-00 00:00:00',0),(151,44,'Jiangxi','JIX','36',0,0,'0000-00-00 00:00:00',1,'0000-00-00 00:00:00',0,'0000-00-00 00:00:00',0),(152,44,'Jilin','JIL','22',0,0,'0000-00-00 00:00:00',1,'0000-00-00 00:00:00',0,'0000-00-00 00:00:00',0),(153,44,'Liaoning','LIA','21',0,0,'0000-00-00 00:00:00',1,'0000-00-00 00:00:00',0,'0000-00-00 00:00:00',0),(154,44,'Nei Mongol','NML','15',0,0,'0000-00-00 00:00:00',1,'0000-00-00 00:00:00',0,'0000-00-00 00:00:00',0),(155,44,'Ningxia Hui','NIH','64',0,0,'0000-00-00 00:00:00',1,'0000-00-00 00:00:00',0,'0000-00-00 00:00:00',0),(156,44,'Qinghai','QIN','63',0,0,'0000-00-00 00:00:00',1,'0000-00-00 00:00:00',0,'0000-00-00 00:00:00',0),(157,44,'Shandong','SNG','37',0,0,'0000-00-00 00:00:00',1,'0000-00-00 00:00:00',0,'0000-00-00 00:00:00',0),(158,44,'Shanghai','SHH','31',0,0,'0000-00-00 00:00:00',1,'0000-00-00 00:00:00',0,'0000-00-00 00:00:00',0),(159,44,'Shaanxi','SHX','61',0,0,'0000-00-00 00:00:00',1,'0000-00-00 00:00:00',0,'0000-00-00 00:00:00',0),(160,44,'Sichuan','SIC','51',0,0,'0000-00-00 00:00:00',1,'0000-00-00 00:00:00',0,'0000-00-00 00:00:00',0),(161,44,'Tianjin','TIA','12',0,0,'0000-00-00 00:00:00',1,'0000-00-00 00:00:00',0,'0000-00-00 00:00:00',0),(162,44,'Xinjiang Uygur','XIU','65',0,0,'0000-00-00 00:00:00',1,'0000-00-00 00:00:00',0,'0000-00-00 00:00:00',0),(163,44,'Xizang','XIZ','54',0,0,'0000-00-00 00:00:00',1,'0000-00-00 00:00:00',0,'0000-00-00 00:00:00',0),(164,44,'Yunnan','YUN','53',0,0,'0000-00-00 00:00:00',1,'0000-00-00 00:00:00',0,'0000-00-00 00:00:00',0),(165,44,'Zhejiang','ZHE','33',0,0,'0000-00-00 00:00:00',1,'0000-00-00 00:00:00',0,'0000-00-00 00:00:00',0),(166,104,'Israel','ISL','IL',0,0,'0000-00-00 00:00:00',1,'0000-00-00 00:00:00',0,'0000-00-00 00:00:00',0),(167,104,'Gaza Strip','GZS','GZ',0,0,'0000-00-00 00:00:00',1,'0000-00-00 00:00:00',0,'0000-00-00 00:00:00',0),(168,104,'West Bank','WBK','WB',0,0,'0000-00-00 00:00:00',1,'0000-00-00 00:00:00',0,'0000-00-00 00:00:00',0),(169,151,'St. Maarten','STM','SM',0,0,'0000-00-00 00:00:00',1,'0000-00-00 00:00:00',0,'0000-00-00 00:00:00',0),(170,151,'Bonaire','BNR','BN',0,0,'0000-00-00 00:00:00',1,'0000-00-00 00:00:00',0,'0000-00-00 00:00:00',0),(171,151,'Curacao','CUR','CR',0,0,'0000-00-00 00:00:00',1,'0000-00-00 00:00:00',0,'0000-00-00 00:00:00',0),(172,175,'Alba','ABA','AB',0,0,'0000-00-00 00:00:00',1,'0000-00-00 00:00:00',0,'0000-00-00 00:00:00',0),(173,175,'Arad','ARD','AR',0,0,'0000-00-00 00:00:00',1,'0000-00-00 00:00:00',0,'0000-00-00 00:00:00',0),(174,175,'Arges','ARG','AG',0,0,'0000-00-00 00:00:00',1,'0000-00-00 00:00:00',0,'0000-00-00 00:00:00',0),(175,175,'Bacau','BAC','BC',0,0,'0000-00-00 00:00:00',1,'0000-00-00 00:00:00',0,'0000-00-00 00:00:00',0),(176,175,'Bihor','BIH','BH',0,0,'0000-00-00 00:00:00',1,'0000-00-00 00:00:00',0,'0000-00-00 00:00:00',0),(177,175,'Bistrita-Nasaud','BIS','BN',0,0,'0000-00-00 00:00:00',1,'0000-00-00 00:00:00',0,'0000-00-00 00:00:00',0),(178,175,'Botosani','BOT','BT',0,0,'0000-00-00 00:00:00',1,'0000-00-00 00:00:00',0,'0000-00-00 00:00:00',0),(179,175,'Braila','BRL','BR',0,0,'0000-00-00 00:00:00',1,'0000-00-00 00:00:00',0,'0000-00-00 00:00:00',0),(180,175,'Brasov','BRA','BV',0,0,'0000-00-00 00:00:00',1,'0000-00-00 00:00:00',0,'0000-00-00 00:00:00',0),(181,175,'Bucuresti','BUC','B',0,0,'0000-00-00 00:00:00',1,'0000-00-00 00:00:00',0,'0000-00-00 00:00:00',0),(182,175,'Buzau','BUZ','BZ',0,0,'0000-00-00 00:00:00',1,'0000-00-00 00:00:00',0,'0000-00-00 00:00:00',0),(183,175,'Calarasi','CAL','CL',0,0,'0000-00-00 00:00:00',1,'0000-00-00 00:00:00',0,'0000-00-00 00:00:00',0),(184,175,'Caras Severin','CRS','CS',0,0,'0000-00-00 00:00:00',1,'0000-00-00 00:00:00',0,'0000-00-00 00:00:00',0),(185,175,'Cluj','CLJ','CJ',0,0,'0000-00-00 00:00:00',1,'0000-00-00 00:00:00',0,'0000-00-00 00:00:00',0),(186,175,'Constanta','CST','CT',0,0,'0000-00-00 00:00:00',1,'0000-00-00 00:00:00',0,'0000-00-00 00:00:00',0),(187,175,'Covasna','COV','CV',0,0,'0000-00-00 00:00:00',1,'0000-00-00 00:00:00',0,'0000-00-00 00:00:00',0),(188,175,'Dambovita','DAM','DB',0,0,'0000-00-00 00:00:00',1,'0000-00-00 00:00:00',0,'0000-00-00 00:00:00',0),(189,175,'Dolj','DLJ','DJ',0,0,'0000-00-00 00:00:00',1,'0000-00-00 00:00:00',0,'0000-00-00 00:00:00',0),(190,175,'Galati','GAL','GL',0,0,'0000-00-00 00:00:00',1,'0000-00-00 00:00:00',0,'0000-00-00 00:00:00',0),(191,175,'Giurgiu','GIU','GR',0,0,'0000-00-00 00:00:00',1,'0000-00-00 00:00:00',0,'0000-00-00 00:00:00',0),(192,175,'Gorj','GOR','GJ',0,0,'0000-00-00 00:00:00',1,'0000-00-00 00:00:00',0,'0000-00-00 00:00:00',0),(193,175,'Hargita','HRG','HR',0,0,'0000-00-00 00:00:00',1,'0000-00-00 00:00:00',0,'0000-00-00 00:00:00',0),(194,175,'Hunedoara','HUN','HD',0,0,'0000-00-00 00:00:00',1,'0000-00-00 00:00:00',0,'0000-00-00 00:00:00',0),(195,175,'Ialomita','IAL','IL',0,0,'0000-00-00 00:00:00',1,'0000-00-00 00:00:00',0,'0000-00-00 00:00:00',0),(196,175,'Iasi','IAS','IS',0,0,'0000-00-00 00:00:00',1,'0000-00-00 00:00:00',0,'0000-00-00 00:00:00',0),(197,175,'Ilfov','ILF','IF',0,0,'0000-00-00 00:00:00',1,'0000-00-00 00:00:00',0,'0000-00-00 00:00:00',0),(198,175,'Maramures','MAR','MM',0,0,'0000-00-00 00:00:00',1,'0000-00-00 00:00:00',0,'0000-00-00 00:00:00',0),(199,175,'Mehedinti','MEH','MH',0,0,'0000-00-00 00:00:00',1,'0000-00-00 00:00:00',0,'0000-00-00 00:00:00',0),(200,175,'Mures','MUR','MS',0,0,'0000-00-00 00:00:00',1,'0000-00-00 00:00:00',0,'0000-00-00 00:00:00',0),(201,175,'Neamt','NEM','NT',0,0,'0000-00-00 00:00:00',1,'0000-00-00 00:00:00',0,'0000-00-00 00:00:00',0),(202,175,'Olt','OLT','OT',0,0,'0000-00-00 00:00:00',1,'0000-00-00 00:00:00',0,'0000-00-00 00:00:00',0),(203,175,'Prahova','PRA','PH',0,0,'0000-00-00 00:00:00',1,'0000-00-00 00:00:00',0,'0000-00-00 00:00:00',0),(204,175,'Salaj','SAL','SJ',0,0,'0000-00-00 00:00:00',1,'0000-00-00 00:00:00',0,'0000-00-00 00:00:00',0),(205,175,'Satu Mare','SAT','SM',0,0,'0000-00-00 00:00:00',1,'0000-00-00 00:00:00',0,'0000-00-00 00:00:00',0),(206,175,'Sibiu','SIB','SB',0,0,'0000-00-00 00:00:00',1,'0000-00-00 00:00:00',0,'0000-00-00 00:00:00',0),(207,175,'Suceava','SUC','SV',0,0,'0000-00-00 00:00:00',1,'0000-00-00 00:00:00',0,'0000-00-00 00:00:00',0),(208,175,'Teleorman','TEL','TR',0,0,'0000-00-00 00:00:00',1,'0000-00-00 00:00:00',0,'0000-00-00 00:00:00',0),(209,175,'Timis','TIM','TM',0,0,'0000-00-00 00:00:00',1,'0000-00-00 00:00:00',0,'0000-00-00 00:00:00',0),(210,175,'Tulcea','TUL','TL',0,0,'0000-00-00 00:00:00',1,'0000-00-00 00:00:00',0,'0000-00-00 00:00:00',0),(211,175,'Valcea','VAL','VL',0,0,'0000-00-00 00:00:00',1,'0000-00-00 00:00:00',0,'0000-00-00 00:00:00',0),(212,175,'Vaslui','VAS','VS',0,0,'0000-00-00 00:00:00',1,'0000-00-00 00:00:00',0,'0000-00-00 00:00:00',0),(213,175,'Vrancea','VRA','VN',0,0,'0000-00-00 00:00:00',1,'0000-00-00 00:00:00',0,'0000-00-00 00:00:00',0),(214,105,'Agrigento','AGR','AG',0,0,'0000-00-00 00:00:00',1,'0000-00-00 00:00:00',0,'0000-00-00 00:00:00',0),(215,105,'Alessandria','ALE','AL',0,0,'0000-00-00 00:00:00',1,'0000-00-00 00:00:00',0,'0000-00-00 00:00:00',0),(216,105,'Ancona','ANC','AN',0,0,'0000-00-00 00:00:00',1,'0000-00-00 00:00:00',0,'0000-00-00 00:00:00',0),(217,105,'Aosta','AOS','AO',0,0,'0000-00-00 00:00:00',1,'0000-00-00 00:00:00',0,'0000-00-00 00:00:00',0),(218,105,'Arezzo','ARE','AR',0,0,'0000-00-00 00:00:00',1,'0000-00-00 00:00:00',0,'0000-00-00 00:00:00',0),(219,105,'Ascoli Piceno','API','AP',0,0,'0000-00-00 00:00:00',1,'0000-00-00 00:00:00',0,'0000-00-00 00:00:00',0),(220,105,'Asti','AST','AT',0,0,'0000-00-00 00:00:00',1,'0000-00-00 00:00:00',0,'0000-00-00 00:00:00',0),(221,105,'Avellino','AVE','AV',0,0,'0000-00-00 00:00:00',1,'0000-00-00 00:00:00',0,'0000-00-00 00:00:00',0),(222,105,'Bari','BAR','BA',0,0,'0000-00-00 00:00:00',1,'0000-00-00 00:00:00',0,'0000-00-00 00:00:00',0),(223,105,'Belluno','BEL','BL',0,0,'0000-00-00 00:00:00',1,'0000-00-00 00:00:00',0,'0000-00-00 00:00:00',0),(224,105,'Benevento','BEN','BN',0,0,'0000-00-00 00:00:00',1,'0000-00-00 00:00:00',0,'0000-00-00 00:00:00',0),(225,105,'Bergamo','BEG','BG',0,0,'0000-00-00 00:00:00',1,'0000-00-00 00:00:00',0,'0000-00-00 00:00:00',0),(226,105,'Biella','BIE','BI',0,0,'0000-00-00 00:00:00',1,'0000-00-00 00:00:00',0,'0000-00-00 00:00:00',0),(227,105,'Bologna','BOL','BO',0,0,'0000-00-00 00:00:00',1,'0000-00-00 00:00:00',0,'0000-00-00 00:00:00',0),(228,105,'Bolzano','BOZ','BZ',0,0,'0000-00-00 00:00:00',1,'0000-00-00 00:00:00',0,'0000-00-00 00:00:00',0),(229,105,'Brescia','BRE','BS',0,0,'0000-00-00 00:00:00',1,'0000-00-00 00:00:00',0,'0000-00-00 00:00:00',0),(230,105,'Brindisi','BRI','BR',0,0,'0000-00-00 00:00:00',1,'0000-00-00 00:00:00',0,'0000-00-00 00:00:00',0),(231,105,'Cagliari','CAG','CA',0,0,'0000-00-00 00:00:00',1,'0000-00-00 00:00:00',0,'0000-00-00 00:00:00',0),(232,105,'Caltanissetta','CAL','CL',0,0,'0000-00-00 00:00:00',1,'0000-00-00 00:00:00',0,'0000-00-00 00:00:00',0),(233,105,'Campobasso','CBO','CB',0,0,'0000-00-00 00:00:00',1,'0000-00-00 00:00:00',0,'0000-00-00 00:00:00',0),(234,105,'Carbonia-Iglesias','CAR','CI',0,0,'0000-00-00 00:00:00',1,'0000-00-00 00:00:00',0,'0000-00-00 00:00:00',0),(235,105,'Caserta','CAS','CE',0,0,'0000-00-00 00:00:00',1,'0000-00-00 00:00:00',0,'0000-00-00 00:00:00',0),(236,105,'Catania','CAT','CT',0,0,'0000-00-00 00:00:00',1,'0000-00-00 00:00:00',0,'0000-00-00 00:00:00',0),(237,105,'Catanzaro','CTZ','CZ',0,0,'0000-00-00 00:00:00',1,'0000-00-00 00:00:00',0,'0000-00-00 00:00:00',0),(238,105,'Chieti','CHI','CH',0,0,'0000-00-00 00:00:00',1,'0000-00-00 00:00:00',0,'0000-00-00 00:00:00',0),(239,105,'Como','COM','CO',0,0,'0000-00-00 00:00:00',1,'0000-00-00 00:00:00',0,'0000-00-00 00:00:00',0),(240,105,'Cosenza','COS','CS',0,0,'0000-00-00 00:00:00',1,'0000-00-00 00:00:00',0,'0000-00-00 00:00:00',0),(241,105,'Cremona','CRE','CR',0,0,'0000-00-00 00:00:00',1,'0000-00-00 00:00:00',0,'0000-00-00 00:00:00',0),(242,105,'Crotone','CRO','KR',0,0,'0000-00-00 00:00:00',1,'0000-00-00 00:00:00',0,'0000-00-00 00:00:00',0),(243,105,'Cuneo','CUN','CN',0,0,'0000-00-00 00:00:00',1,'0000-00-00 00:00:00',0,'0000-00-00 00:00:00',0),(244,105,'Enna','ENN','EN',0,0,'0000-00-00 00:00:00',1,'0000-00-00 00:00:00',0,'0000-00-00 00:00:00',0),(245,105,'Ferrara','FER','FE',0,0,'0000-00-00 00:00:00',1,'0000-00-00 00:00:00',0,'0000-00-00 00:00:00',0),(246,105,'Firenze','FIR','FI',0,0,'0000-00-00 00:00:00',1,'0000-00-00 00:00:00',0,'0000-00-00 00:00:00',0),(247,105,'Foggia','FOG','FG',0,0,'0000-00-00 00:00:00',1,'0000-00-00 00:00:00',0,'0000-00-00 00:00:00',0),(248,105,'Forli-Cesena','FOC','FC',0,0,'0000-00-00 00:00:00',1,'0000-00-00 00:00:00',0,'0000-00-00 00:00:00',0),(249,105,'Frosinone','FRO','FR',0,0,'0000-00-00 00:00:00',1,'0000-00-00 00:00:00',0,'0000-00-00 00:00:00',0),(250,105,'Genova','GEN','GE',0,0,'0000-00-00 00:00:00',1,'0000-00-00 00:00:00',0,'0000-00-00 00:00:00',0),(251,105,'Gorizia','GOR','GO',0,0,'0000-00-00 00:00:00',1,'0000-00-00 00:00:00',0,'0000-00-00 00:00:00',0),(252,105,'Grosseto','GRO','GR',0,0,'0000-00-00 00:00:00',1,'0000-00-00 00:00:00',0,'0000-00-00 00:00:00',0),(253,105,'Imperia','IMP','IM',0,0,'0000-00-00 00:00:00',1,'0000-00-00 00:00:00',0,'0000-00-00 00:00:00',0),(254,105,'Isernia','ISE','IS',0,0,'0000-00-00 00:00:00',1,'0000-00-00 00:00:00',0,'0000-00-00 00:00:00',0),(255,105,'L\'Aquila','AQU','AQ',0,0,'0000-00-00 00:00:00',1,'0000-00-00 00:00:00',0,'0000-00-00 00:00:00',0),(256,105,'La Spezia','LAS','SP',0,0,'0000-00-00 00:00:00',1,'0000-00-00 00:00:00',0,'0000-00-00 00:00:00',0),(257,105,'Latina','LAT','LT',0,0,'0000-00-00 00:00:00',1,'0000-00-00 00:00:00',0,'0000-00-00 00:00:00',0),(258,105,'Lecce','LEC','LE',0,0,'0000-00-00 00:00:00',1,'0000-00-00 00:00:00',0,'0000-00-00 00:00:00',0),(259,105,'Lecco','LCC','LC',0,0,'0000-00-00 00:00:00',1,'0000-00-00 00:00:00',0,'0000-00-00 00:00:00',0),(260,105,'Livorno','LIV','LI',0,0,'0000-00-00 00:00:00',1,'0000-00-00 00:00:00',0,'0000-00-00 00:00:00',0),(261,105,'Lodi','LOD','LO',0,0,'0000-00-00 00:00:00',1,'0000-00-00 00:00:00',0,'0000-00-00 00:00:00',0),(262,105,'Lucca','LUC','LU',0,0,'0000-00-00 00:00:00',1,'0000-00-00 00:00:00',0,'0000-00-00 00:00:00',0),(263,105,'Macerata','MAC','MC',0,0,'0000-00-00 00:00:00',1,'0000-00-00 00:00:00',0,'0000-00-00 00:00:00',0),(264,105,'Mantova','MAN','MN',0,0,'0000-00-00 00:00:00',1,'0000-00-00 00:00:00',0,'0000-00-00 00:00:00',0),(265,105,'Massa-Carrara','MAS','MS',0,0,'0000-00-00 00:00:00',1,'0000-00-00 00:00:00',0,'0000-00-00 00:00:00',0),(266,105,'Matera','MAA','MT',0,0,'0000-00-00 00:00:00',1,'0000-00-00 00:00:00',0,'0000-00-00 00:00:00',0),(267,105,'Medio Campidano','MED','VS',0,0,'0000-00-00 00:00:00',1,'0000-00-00 00:00:00',0,'0000-00-00 00:00:00',0),(268,105,'Messina','MES','ME',0,0,'0000-00-00 00:00:00',1,'0000-00-00 00:00:00',0,'0000-00-00 00:00:00',0),(269,105,'Milano','MIL','MI',0,0,'0000-00-00 00:00:00',1,'0000-00-00 00:00:00',0,'0000-00-00 00:00:00',0),(270,105,'Modena','MOD','MO',0,0,'0000-00-00 00:00:00',1,'0000-00-00 00:00:00',0,'0000-00-00 00:00:00',0),(271,105,'Napoli','NAP','NA',0,0,'0000-00-00 00:00:00',1,'0000-00-00 00:00:00',0,'0000-00-00 00:00:00',0),(272,105,'Novara','NOV','NO',0,0,'0000-00-00 00:00:00',1,'0000-00-00 00:00:00',0,'0000-00-00 00:00:00',0),(273,105,'Nuoro','NUR','NU',0,0,'0000-00-00 00:00:00',1,'0000-00-00 00:00:00',0,'0000-00-00 00:00:00',0),(274,105,'Ogliastra','OGL','OG',0,0,'0000-00-00 00:00:00',1,'0000-00-00 00:00:00',0,'0000-00-00 00:00:00',0),(275,105,'Olbia-Tempio','OLB','OT',0,0,'0000-00-00 00:00:00',1,'0000-00-00 00:00:00',0,'0000-00-00 00:00:00',0),(276,105,'Oristano','ORI','OR',0,0,'0000-00-00 00:00:00',1,'0000-00-00 00:00:00',0,'0000-00-00 00:00:00',0),(277,105,'Padova','PDA','PD',0,0,'0000-00-00 00:00:00',1,'0000-00-00 00:00:00',0,'0000-00-00 00:00:00',0),(278,105,'Palermo','PAL','PA',0,0,'0000-00-00 00:00:00',1,'0000-00-00 00:00:00',0,'0000-00-00 00:00:00',0),(279,105,'Parma','PAA','PR',0,0,'0000-00-00 00:00:00',1,'0000-00-00 00:00:00',0,'0000-00-00 00:00:00',0),(280,105,'Pavia','PAV','PV',0,0,'0000-00-00 00:00:00',1,'0000-00-00 00:00:00',0,'0000-00-00 00:00:00',0),(281,105,'Perugia','PER','PG',0,0,'0000-00-00 00:00:00',1,'0000-00-00 00:00:00',0,'0000-00-00 00:00:00',0),(282,105,'Pesaro e Urbino','PES','PU',0,0,'0000-00-00 00:00:00',1,'0000-00-00 00:00:00',0,'0000-00-00 00:00:00',0),(283,105,'Pescara','PSC','PE',0,0,'0000-00-00 00:00:00',1,'0000-00-00 00:00:00',0,'0000-00-00 00:00:00',0),(284,105,'Piacenza','PIA','PC',0,0,'0000-00-00 00:00:00',1,'0000-00-00 00:00:00',0,'0000-00-00 00:00:00',0),(285,105,'Pisa','PIS','PI',0,0,'0000-00-00 00:00:00',1,'0000-00-00 00:00:00',0,'0000-00-00 00:00:00',0),(286,105,'Pistoia','PIT','PT',0,0,'0000-00-00 00:00:00',1,'0000-00-00 00:00:00',0,'0000-00-00 00:00:00',0),(287,105,'Pordenone','POR','PN',0,0,'0000-00-00 00:00:00',1,'0000-00-00 00:00:00',0,'0000-00-00 00:00:00',0),(288,105,'Potenza','PTZ','PZ',0,0,'0000-00-00 00:00:00',1,'0000-00-00 00:00:00',0,'0000-00-00 00:00:00',0),(289,105,'Prato','PRA','PO',0,0,'0000-00-00 00:00:00',1,'0000-00-00 00:00:00',0,'0000-00-00 00:00:00',0),(290,105,'Ragusa','RAG','RG',0,0,'0000-00-00 00:00:00',1,'0000-00-00 00:00:00',0,'0000-00-00 00:00:00',0),(291,105,'Ravenna','RAV','RA',0,0,'0000-00-00 00:00:00',1,'0000-00-00 00:00:00',0,'0000-00-00 00:00:00',0),(292,105,'Reggio Calabria','REG','RC',0,0,'0000-00-00 00:00:00',1,'0000-00-00 00:00:00',0,'0000-00-00 00:00:00',0),(293,105,'Reggio Emilia','REE','RE',0,0,'0000-00-00 00:00:00',1,'0000-00-00 00:00:00',0,'0000-00-00 00:00:00',0),(294,105,'Rieti','RIE','RI',0,0,'0000-00-00 00:00:00',1,'0000-00-00 00:00:00',0,'0000-00-00 00:00:00',0),(295,105,'Rimini','RIM','RN',0,0,'0000-00-00 00:00:00',1,'0000-00-00 00:00:00',0,'0000-00-00 00:00:00',0),(296,105,'Roma','ROM','RM',0,0,'0000-00-00 00:00:00',1,'0000-00-00 00:00:00',0,'0000-00-00 00:00:00',0),(297,105,'Rovigo','ROV','RO',0,0,'0000-00-00 00:00:00',1,'0000-00-00 00:00:00',0,'0000-00-00 00:00:00',0),(298,105,'Salerno','SAL','SA',0,0,'0000-00-00 00:00:00',1,'0000-00-00 00:00:00',0,'0000-00-00 00:00:00',0),(299,105,'Sassari','SAS','SS',0,0,'0000-00-00 00:00:00',1,'0000-00-00 00:00:00',0,'0000-00-00 00:00:00',0),(300,105,'Savona','SAV','SV',0,0,'0000-00-00 00:00:00',1,'0000-00-00 00:00:00',0,'0000-00-00 00:00:00',0),(301,105,'Siena','SIE','SI',0,0,'0000-00-00 00:00:00',1,'0000-00-00 00:00:00',0,'0000-00-00 00:00:00',0),(302,105,'Siracusa','SIR','SR',0,0,'0000-00-00 00:00:00',1,'0000-00-00 00:00:00',0,'0000-00-00 00:00:00',0),(303,105,'Sondrio','SOO','SO',0,0,'0000-00-00 00:00:00',1,'0000-00-00 00:00:00',0,'0000-00-00 00:00:00',0),(304,105,'Taranto','TAR','TA',0,0,'0000-00-00 00:00:00',1,'0000-00-00 00:00:00',0,'0000-00-00 00:00:00',0),(305,105,'Teramo','TER','TE',0,0,'0000-00-00 00:00:00',1,'0000-00-00 00:00:00',0,'0000-00-00 00:00:00',0),(306,105,'Terni','TRN','TR',0,0,'0000-00-00 00:00:00',1,'0000-00-00 00:00:00',0,'0000-00-00 00:00:00',0),(307,105,'Torino','TOR','TO',0,0,'0000-00-00 00:00:00',1,'0000-00-00 00:00:00',0,'0000-00-00 00:00:00',0),(308,105,'Trapani','TRA','TP',0,0,'0000-00-00 00:00:00',1,'0000-00-00 00:00:00',0,'0000-00-00 00:00:00',0),(309,105,'Trento','TRE','TN',0,0,'0000-00-00 00:00:00',1,'0000-00-00 00:00:00',0,'0000-00-00 00:00:00',0),(310,105,'Treviso','TRV','TV',0,0,'0000-00-00 00:00:00',1,'0000-00-00 00:00:00',0,'0000-00-00 00:00:00',0),(311,105,'Trieste','TRI','TS',0,0,'0000-00-00 00:00:00',1,'0000-00-00 00:00:00',0,'0000-00-00 00:00:00',0),(312,105,'Udine','UDI','UD',0,0,'0000-00-00 00:00:00',1,'0000-00-00 00:00:00',0,'0000-00-00 00:00:00',0),(313,105,'Varese','VAR','VA',0,0,'0000-00-00 00:00:00',1,'0000-00-00 00:00:00',0,'0000-00-00 00:00:00',0),(314,105,'Venezia','VEN','VE',0,0,'0000-00-00 00:00:00',1,'0000-00-00 00:00:00',0,'0000-00-00 00:00:00',0),(315,105,'Verbano Cusio Ossola','VCO','VB',0,0,'0000-00-00 00:00:00',1,'0000-00-00 00:00:00',0,'0000-00-00 00:00:00',0),(316,105,'Vercelli','VER','VC',0,0,'0000-00-00 00:00:00',1,'0000-00-00 00:00:00',0,'0000-00-00 00:00:00',0),(317,105,'Verona','VRN','VR',0,0,'0000-00-00 00:00:00',1,'0000-00-00 00:00:00',0,'0000-00-00 00:00:00',0),(318,105,'Vibo Valenzia','VIV','VV',0,0,'0000-00-00 00:00:00',1,'0000-00-00 00:00:00',0,'0000-00-00 00:00:00',0),(319,105,'Vicenza','VII','VI',0,0,'0000-00-00 00:00:00',1,'0000-00-00 00:00:00',0,'0000-00-00 00:00:00',0),(320,105,'Viterbo','VIT','VT',0,0,'0000-00-00 00:00:00',1,'0000-00-00 00:00:00',0,'0000-00-00 00:00:00',0),(321,195,'A Coru','ACO','15',0,0,'0000-00-00 00:00:00',1,'0000-00-00 00:00:00',0,'0000-00-00 00:00:00',0),(322,195,'Alava','ALA','01',0,0,'0000-00-00 00:00:00',1,'0000-00-00 00:00:00',0,'0000-00-00 00:00:00',0),(323,195,'Albacete','ALB','02',0,0,'0000-00-00 00:00:00',1,'0000-00-00 00:00:00',0,'0000-00-00 00:00:00',0),(324,195,'Alicante','ALI','03',0,0,'0000-00-00 00:00:00',1,'0000-00-00 00:00:00',0,'0000-00-00 00:00:00',0),(325,195,'Almeria','ALM','04',0,0,'0000-00-00 00:00:00',1,'0000-00-00 00:00:00',0,'0000-00-00 00:00:00',0),(326,195,'Asturias','AST','33',0,0,'0000-00-00 00:00:00',1,'0000-00-00 00:00:00',0,'0000-00-00 00:00:00',0),(327,195,'Avila','AVI','05',0,0,'0000-00-00 00:00:00',1,'0000-00-00 00:00:00',0,'0000-00-00 00:00:00',0),(328,195,'Badajoz','BAD','06',0,0,'0000-00-00 00:00:00',1,'0000-00-00 00:00:00',0,'0000-00-00 00:00:00',0),(329,195,'Baleares','BAL','07',0,0,'0000-00-00 00:00:00',1,'0000-00-00 00:00:00',0,'0000-00-00 00:00:00',0),(330,195,'Barcelona','BAR','08',0,0,'0000-00-00 00:00:00',1,'0000-00-00 00:00:00',0,'0000-00-00 00:00:00',0),(331,195,'Burgos','BUR','09',0,0,'0000-00-00 00:00:00',1,'0000-00-00 00:00:00',0,'0000-00-00 00:00:00',0),(332,195,'Caceres','CAC','10',0,0,'0000-00-00 00:00:00',1,'0000-00-00 00:00:00',0,'0000-00-00 00:00:00',0),(333,195,'Cadiz','CAD','11',0,0,'0000-00-00 00:00:00',1,'0000-00-00 00:00:00',0,'0000-00-00 00:00:00',0),(334,195,'Cantabria','CAN','39',0,0,'0000-00-00 00:00:00',1,'0000-00-00 00:00:00',0,'0000-00-00 00:00:00',0),(335,195,'Castellon','CAS','12',0,0,'0000-00-00 00:00:00',1,'0000-00-00 00:00:00',0,'0000-00-00 00:00:00',0),(336,195,'Ceuta','CEU','51',0,0,'0000-00-00 00:00:00',1,'0000-00-00 00:00:00',0,'0000-00-00 00:00:00',0),(337,195,'Ciudad Real','CIU','13',0,0,'0000-00-00 00:00:00',1,'0000-00-00 00:00:00',0,'0000-00-00 00:00:00',0),(338,195,'Cordoba','COR','14',0,0,'0000-00-00 00:00:00',1,'0000-00-00 00:00:00',0,'0000-00-00 00:00:00',0),(339,195,'Cuenca','CUE','16',0,0,'0000-00-00 00:00:00',1,'0000-00-00 00:00:00',0,'0000-00-00 00:00:00',0),(340,195,'Girona','GIR','17',0,0,'0000-00-00 00:00:00',1,'0000-00-00 00:00:00',0,'0000-00-00 00:00:00',0),(341,195,'Granada','GRA','18',0,0,'0000-00-00 00:00:00',1,'0000-00-00 00:00:00',0,'0000-00-00 00:00:00',0),(342,195,'Guadalajara','GUA','19',0,0,'0000-00-00 00:00:00',1,'0000-00-00 00:00:00',0,'0000-00-00 00:00:00',0),(343,195,'Guipuzcoa','GUI','20',0,0,'0000-00-00 00:00:00',1,'0000-00-00 00:00:00',0,'0000-00-00 00:00:00',0),(344,195,'Huelva','HUL','21',0,0,'0000-00-00 00:00:00',1,'0000-00-00 00:00:00',0,'0000-00-00 00:00:00',0),(345,195,'Huesca','HUS','22',0,0,'0000-00-00 00:00:00',1,'0000-00-00 00:00:00',0,'0000-00-00 00:00:00',0),(346,195,'Jaen','JAE','23',0,0,'0000-00-00 00:00:00',1,'0000-00-00 00:00:00',0,'0000-00-00 00:00:00',0),(347,195,'La Rioja','LRI','26',0,0,'0000-00-00 00:00:00',1,'0000-00-00 00:00:00',0,'0000-00-00 00:00:00',0),(348,195,'Las Palmas','LPA','35',0,0,'0000-00-00 00:00:00',1,'0000-00-00 00:00:00',0,'0000-00-00 00:00:00',0),(349,195,'Leon','LEO','24',0,0,'0000-00-00 00:00:00',1,'0000-00-00 00:00:00',0,'0000-00-00 00:00:00',0),(350,195,'Lleida','LLE','25',0,0,'0000-00-00 00:00:00',1,'0000-00-00 00:00:00',0,'0000-00-00 00:00:00',0),(351,195,'Lugo','LUG','27',0,0,'0000-00-00 00:00:00',1,'0000-00-00 00:00:00',0,'0000-00-00 00:00:00',0),(352,195,'Madrid','MAD','28',0,0,'0000-00-00 00:00:00',1,'0000-00-00 00:00:00',0,'0000-00-00 00:00:00',0),(353,195,'Malaga','MAL','29',0,0,'0000-00-00 00:00:00',1,'0000-00-00 00:00:00',0,'0000-00-00 00:00:00',0),(354,195,'Melilla','MEL','52',0,0,'0000-00-00 00:00:00',1,'0000-00-00 00:00:00',0,'0000-00-00 00:00:00',0),(355,195,'Murcia','MUR','30',0,0,'0000-00-00 00:00:00',1,'0000-00-00 00:00:00',0,'0000-00-00 00:00:00',0),(356,195,'Navarra','NAV','31',0,0,'0000-00-00 00:00:00',1,'0000-00-00 00:00:00',0,'0000-00-00 00:00:00',0),(357,195,'Ourense','OUR','32',0,0,'0000-00-00 00:00:00',1,'0000-00-00 00:00:00',0,'0000-00-00 00:00:00',0),(358,195,'Palencia','PAL','34',0,0,'0000-00-00 00:00:00',1,'0000-00-00 00:00:00',0,'0000-00-00 00:00:00',0),(359,195,'Pontevedra','PON','36',0,0,'0000-00-00 00:00:00',1,'0000-00-00 00:00:00',0,'0000-00-00 00:00:00',0),(360,195,'Salamanca','SAL','37',0,0,'0000-00-00 00:00:00',1,'0000-00-00 00:00:00',0,'0000-00-00 00:00:00',0),(361,195,'Santa Cruz de Tenerife','SCT','38',0,0,'0000-00-00 00:00:00',1,'0000-00-00 00:00:00',0,'0000-00-00 00:00:00',0),(362,195,'Segovia','SEG','40',0,0,'0000-00-00 00:00:00',1,'0000-00-00 00:00:00',0,'0000-00-00 00:00:00',0),(363,195,'Sevilla','SEV','41',0,0,'0000-00-00 00:00:00',1,'0000-00-00 00:00:00',0,'0000-00-00 00:00:00',0),(364,195,'Soria','SOR','42',0,0,'0000-00-00 00:00:00',1,'0000-00-00 00:00:00',0,'0000-00-00 00:00:00',0),(365,195,'Tarragona','TAR','43',0,0,'0000-00-00 00:00:00',1,'0000-00-00 00:00:00',0,'0000-00-00 00:00:00',0),(366,195,'Teruel','TER','44',0,0,'0000-00-00 00:00:00',1,'0000-00-00 00:00:00',0,'0000-00-00 00:00:00',0),(367,195,'Toledo','TOL','45',0,0,'0000-00-00 00:00:00',1,'0000-00-00 00:00:00',0,'0000-00-00 00:00:00',0),(368,195,'Valencia','VAL','46',0,0,'0000-00-00 00:00:00',1,'0000-00-00 00:00:00',0,'0000-00-00 00:00:00',0),(369,195,'Valladolid','VLL','47',0,0,'0000-00-00 00:00:00',1,'0000-00-00 00:00:00',0,'0000-00-00 00:00:00',0),(370,195,'Vizcaya','VIZ','48',0,0,'0000-00-00 00:00:00',1,'0000-00-00 00:00:00',0,'0000-00-00 00:00:00',0),(371,195,'Zamora','ZAM','49',0,0,'0000-00-00 00:00:00',1,'0000-00-00 00:00:00',0,'0000-00-00 00:00:00',0),(372,195,'Zaragoza','ZAR','50',0,0,'0000-00-00 00:00:00',1,'0000-00-00 00:00:00',0,'0000-00-00 00:00:00',0),(373,10,'Buenos Aires','BAS','BA',0,0,'0000-00-00 00:00:00',1,'0000-00-00 00:00:00',0,'0000-00-00 00:00:00',0),(374,10,'Ciudad Autonoma De Buenos Aires','CBA','CB',0,0,'0000-00-00 00:00:00',1,'0000-00-00 00:00:00',0,'0000-00-00 00:00:00',0),(375,10,'Catamarca','CAT','CA',0,0,'0000-00-00 00:00:00',1,'0000-00-00 00:00:00',0,'0000-00-00 00:00:00',0),(376,10,'Chaco','CHO','CH',0,0,'0000-00-00 00:00:00',1,'0000-00-00 00:00:00',0,'0000-00-00 00:00:00',0),(377,10,'Chubut','CTT','CT',0,0,'0000-00-00 00:00:00',1,'0000-00-00 00:00:00',0,'0000-00-00 00:00:00',0),(378,10,'Cordoba','COD','CO',0,0,'0000-00-00 00:00:00',1,'0000-00-00 00:00:00',0,'0000-00-00 00:00:00',0),(379,10,'Corrientes','CRI','CR',0,0,'0000-00-00 00:00:00',1,'0000-00-00 00:00:00',0,'0000-00-00 00:00:00',0),(380,10,'Entre Rios','ERS','ER',0,0,'0000-00-00 00:00:00',1,'0000-00-00 00:00:00',0,'0000-00-00 00:00:00',0),(381,10,'Formosa','FRM','FR',0,0,'0000-00-00 00:00:00',1,'0000-00-00 00:00:00',0,'0000-00-00 00:00:00',0),(382,10,'Jujuy','JUJ','JU',0,0,'0000-00-00 00:00:00',1,'0000-00-00 00:00:00',0,'0000-00-00 00:00:00',0),(383,10,'La Pampa','LPM','LP',0,0,'0000-00-00 00:00:00',1,'0000-00-00 00:00:00',0,'0000-00-00 00:00:00',0),(384,10,'La Rioja','LRI','LR',0,0,'0000-00-00 00:00:00',1,'0000-00-00 00:00:00',0,'0000-00-00 00:00:00',0),(385,10,'Mendoza','MED','ME',0,0,'0000-00-00 00:00:00',1,'0000-00-00 00:00:00',0,'0000-00-00 00:00:00',0),(386,10,'Misiones','MIS','MI',0,0,'0000-00-00 00:00:00',1,'0000-00-00 00:00:00',0,'0000-00-00 00:00:00',0),(387,10,'Neuquen','NQU','NQ',0,0,'0000-00-00 00:00:00',1,'0000-00-00 00:00:00',0,'0000-00-00 00:00:00',0),(388,10,'Rio Negro','RNG','RN',0,0,'0000-00-00 00:00:00',1,'0000-00-00 00:00:00',0,'0000-00-00 00:00:00',0),(389,10,'Salta','SAL','SA',0,0,'0000-00-00 00:00:00',1,'0000-00-00 00:00:00',0,'0000-00-00 00:00:00',0),(390,10,'San Juan','SJN','SJ',0,0,'0000-00-00 00:00:00',1,'0000-00-00 00:00:00',0,'0000-00-00 00:00:00',0),(391,10,'San Luis','SLU','SL',0,0,'0000-00-00 00:00:00',1,'0000-00-00 00:00:00',0,'0000-00-00 00:00:00',0),(392,10,'Santa Cruz','SCZ','SC',0,0,'0000-00-00 00:00:00',1,'0000-00-00 00:00:00',0,'0000-00-00 00:00:00',0),(393,10,'Santa Fe','SFE','SF',0,0,'0000-00-00 00:00:00',1,'0000-00-00 00:00:00',0,'0000-00-00 00:00:00',0),(394,10,'Santiago Del Estero','SEN','SE',0,0,'0000-00-00 00:00:00',1,'0000-00-00 00:00:00',0,'0000-00-00 00:00:00',0),(395,10,'Tierra Del Fuego','TFE','TF',0,0,'0000-00-00 00:00:00',1,'0000-00-00 00:00:00',0,'0000-00-00 00:00:00',0),(396,10,'Tucuman','TUC','TU',0,0,'0000-00-00 00:00:00',1,'0000-00-00 00:00:00',0,'0000-00-00 00:00:00',0),(397,11,'Aragatsotn','ARG','AG',0,0,'0000-00-00 00:00:00',1,'0000-00-00 00:00:00',0,'0000-00-00 00:00:00',0),(398,11,'Ararat','ARR','AR',0,0,'0000-00-00 00:00:00',1,'0000-00-00 00:00:00',0,'0000-00-00 00:00:00',0),(399,11,'Armavir','ARM','AV',0,0,'0000-00-00 00:00:00',1,'0000-00-00 00:00:00',0,'0000-00-00 00:00:00',0),(400,11,'Gegharkunik','GEG','GR',0,0,'0000-00-00 00:00:00',1,'0000-00-00 00:00:00',0,'0000-00-00 00:00:00',0),(401,11,'Kotayk','KOT','KT',0,0,'0000-00-00 00:00:00',1,'0000-00-00 00:00:00',0,'0000-00-00 00:00:00',0),(402,11,'Lori','LOR','LO',0,0,'0000-00-00 00:00:00',1,'0000-00-00 00:00:00',0,'0000-00-00 00:00:00',0),(403,11,'Shirak','SHI','SH',0,0,'0000-00-00 00:00:00',1,'0000-00-00 00:00:00',0,'0000-00-00 00:00:00',0),(404,11,'Syunik','SYU','SU',0,0,'0000-00-00 00:00:00',1,'0000-00-00 00:00:00',0,'0000-00-00 00:00:00',0),(405,11,'Tavush','TAV','TV',0,0,'0000-00-00 00:00:00',1,'0000-00-00 00:00:00',0,'0000-00-00 00:00:00',0),(406,11,'Vayots-Dzor','VAD','VD',0,0,'0000-00-00 00:00:00',1,'0000-00-00 00:00:00',0,'0000-00-00 00:00:00',0),(407,11,'Yerevan','YER','ER',0,0,'0000-00-00 00:00:00',1,'0000-00-00 00:00:00',0,'0000-00-00 00:00:00',0),(408,99,'Andaman & Nicobar Islands','ANI','AI',0,0,'0000-00-00 00:00:00',1,'0000-00-00 00:00:00',0,'0000-00-00 00:00:00',0),(409,99,'Andhra Pradesh','AND','AN',0,0,'0000-00-00 00:00:00',1,'0000-00-00 00:00:00',0,'0000-00-00 00:00:00',0),(410,99,'Arunachal Pradesh','ARU','AR',0,0,'0000-00-00 00:00:00',1,'0000-00-00 00:00:00',0,'0000-00-00 00:00:00',0),(411,99,'Assam','ASS','AS',0,0,'0000-00-00 00:00:00',1,'0000-00-00 00:00:00',0,'0000-00-00 00:00:00',0),(412,99,'Bihar','BIH','BI',0,0,'0000-00-00 00:00:00',1,'0000-00-00 00:00:00',0,'0000-00-00 00:00:00',0),(413,99,'Chandigarh','CHA','CA',0,0,'0000-00-00 00:00:00',1,'0000-00-00 00:00:00',0,'0000-00-00 00:00:00',0),(414,99,'Chhatisgarh','CHH','CH',0,0,'0000-00-00 00:00:00',1,'0000-00-00 00:00:00',0,'0000-00-00 00:00:00',0),(415,99,'Dadra & Nagar Haveli','DAD','DD',0,0,'0000-00-00 00:00:00',1,'0000-00-00 00:00:00',0,'0000-00-00 00:00:00',0),(416,99,'Daman & Diu','DAM','DA',0,0,'0000-00-00 00:00:00',1,'0000-00-00 00:00:00',0,'0000-00-00 00:00:00',0),(417,99,'Delhi','DEL','DE',0,0,'0000-00-00 00:00:00',1,'0000-00-00 00:00:00',0,'0000-00-00 00:00:00',0),(418,99,'Goa','GOA','GO',0,0,'0000-00-00 00:00:00',1,'0000-00-00 00:00:00',0,'0000-00-00 00:00:00',0),(419,99,'Gujarat','GUJ','GU',0,0,'0000-00-00 00:00:00',1,'0000-00-00 00:00:00',0,'0000-00-00 00:00:00',0),(420,99,'Haryana','HAR','HA',0,0,'0000-00-00 00:00:00',1,'0000-00-00 00:00:00',0,'0000-00-00 00:00:00',0),(421,99,'Himachal Pradesh','HIM','HI',0,0,'0000-00-00 00:00:00',1,'0000-00-00 00:00:00',0,'0000-00-00 00:00:00',0),(422,99,'Jammu & Kashmir','JAM','JA',0,0,'0000-00-00 00:00:00',1,'0000-00-00 00:00:00',0,'0000-00-00 00:00:00',0),(423,99,'Jharkhand','JHA','JH',0,0,'0000-00-00 00:00:00',1,'0000-00-00 00:00:00',0,'0000-00-00 00:00:00',0),(424,99,'Karnataka','KAR','KA',0,0,'0000-00-00 00:00:00',1,'0000-00-00 00:00:00',0,'0000-00-00 00:00:00',0),(425,99,'Kerala','KER','KE',0,0,'0000-00-00 00:00:00',1,'0000-00-00 00:00:00',0,'0000-00-00 00:00:00',0),(426,99,'Lakshadweep','LAK','LA',0,0,'0000-00-00 00:00:00',1,'0000-00-00 00:00:00',0,'0000-00-00 00:00:00',0),(427,99,'Madhya Pradesh','MAD','MD',0,0,'0000-00-00 00:00:00',1,'0000-00-00 00:00:00',0,'0000-00-00 00:00:00',0),(428,99,'Maharashtra','MAH','MH',0,0,'0000-00-00 00:00:00',1,'0000-00-00 00:00:00',0,'0000-00-00 00:00:00',0),(429,99,'Manipur','MAN','MN',0,0,'0000-00-00 00:00:00',1,'0000-00-00 00:00:00',0,'0000-00-00 00:00:00',0),(430,99,'Meghalaya','MEG','ME',0,0,'0000-00-00 00:00:00',1,'0000-00-00 00:00:00',0,'0000-00-00 00:00:00',0),(431,99,'Mizoram','MIZ','MI',0,0,'0000-00-00 00:00:00',1,'0000-00-00 00:00:00',0,'0000-00-00 00:00:00',0),(432,99,'Nagaland','NAG','NA',0,0,'0000-00-00 00:00:00',1,'0000-00-00 00:00:00',0,'0000-00-00 00:00:00',0),(433,99,'Orissa','ORI','OR',0,0,'0000-00-00 00:00:00',1,'0000-00-00 00:00:00',0,'0000-00-00 00:00:00',0),(434,99,'Pondicherry','PON','PO',0,0,'0000-00-00 00:00:00',1,'0000-00-00 00:00:00',0,'0000-00-00 00:00:00',0),(435,99,'Punjab','PUN','PU',0,0,'0000-00-00 00:00:00',1,'0000-00-00 00:00:00',0,'0000-00-00 00:00:00',0),(436,99,'Rajasthan','RAJ','RA',0,0,'0000-00-00 00:00:00',1,'0000-00-00 00:00:00',0,'0000-00-00 00:00:00',0),(437,99,'Sikkim','SIK','SI',0,0,'0000-00-00 00:00:00',1,'0000-00-00 00:00:00',0,'0000-00-00 00:00:00',0),(438,99,'Tamil Nadu','TAM','TA',0,0,'0000-00-00 00:00:00',1,'0000-00-00 00:00:00',0,'0000-00-00 00:00:00',0),(439,99,'Tripura','TRI','TR',0,0,'0000-00-00 00:00:00',1,'0000-00-00 00:00:00',0,'0000-00-00 00:00:00',0),(440,99,'Uttaranchal','UAR','UA',0,0,'0000-00-00 00:00:00',1,'0000-00-00 00:00:00',0,'0000-00-00 00:00:00',0),(441,99,'Uttar Pradesh','UTT','UT',0,0,'0000-00-00 00:00:00',1,'0000-00-00 00:00:00',0,'0000-00-00 00:00:00',0),(442,99,'West Bengal','WES','WE',0,0,'0000-00-00 00:00:00',1,'0000-00-00 00:00:00',0,'0000-00-00 00:00:00',0),(443,101,'Ahmadi va Kohkiluyeh','BOK','BO',0,0,'0000-00-00 00:00:00',1,'0000-00-00 00:00:00',0,'0000-00-00 00:00:00',0),(444,101,'Ardabil','ARD','AR',0,0,'0000-00-00 00:00:00',1,'0000-00-00 00:00:00',0,'0000-00-00 00:00:00',0),(445,101,'Azarbayjan-e Gharbi','AZG','AG',0,0,'0000-00-00 00:00:00',1,'0000-00-00 00:00:00',0,'0000-00-00 00:00:00',0),(446,101,'Azarbayjan-e Sharqi','AZS','AS',0,0,'0000-00-00 00:00:00',1,'0000-00-00 00:00:00',0,'0000-00-00 00:00:00',0),(447,101,'Bushehr','BUS','BU',0,0,'0000-00-00 00:00:00',1,'0000-00-00 00:00:00',0,'0000-00-00 00:00:00',0),(448,101,'Chaharmahal va Bakhtiari','CMB','CM',0,0,'0000-00-00 00:00:00',1,'0000-00-00 00:00:00',0,'0000-00-00 00:00:00',0),(449,101,'Esfahan','ESF','ES',0,0,'0000-00-00 00:00:00',1,'0000-00-00 00:00:00',0,'0000-00-00 00:00:00',0),(450,101,'Fars','FAR','FA',0,0,'0000-00-00 00:00:00',1,'0000-00-00 00:00:00',0,'0000-00-00 00:00:00',0),(451,101,'Gilan','GIL','GI',0,0,'0000-00-00 00:00:00',1,'0000-00-00 00:00:00',0,'0000-00-00 00:00:00',0),(452,101,'Gorgan','GOR','GO',0,0,'0000-00-00 00:00:00',1,'0000-00-00 00:00:00',0,'0000-00-00 00:00:00',0),(453,101,'Hamadan','HAM','HA',0,0,'0000-00-00 00:00:00',1,'0000-00-00 00:00:00',0,'0000-00-00 00:00:00',0),(454,101,'Hormozgan','HOR','HO',0,0,'0000-00-00 00:00:00',1,'0000-00-00 00:00:00',0,'0000-00-00 00:00:00',0),(455,101,'Ilam','ILA','IL',0,0,'0000-00-00 00:00:00',1,'0000-00-00 00:00:00',0,'0000-00-00 00:00:00',0),(456,101,'Kerman','KER','KE',0,0,'0000-00-00 00:00:00',1,'0000-00-00 00:00:00',0,'0000-00-00 00:00:00',0),(457,101,'Kermanshah','BAK','BA',0,0,'0000-00-00 00:00:00',1,'0000-00-00 00:00:00',0,'0000-00-00 00:00:00',0),(458,101,'Khorasan-e Junoubi','KHJ','KJ',0,0,'0000-00-00 00:00:00',1,'0000-00-00 00:00:00',0,'0000-00-00 00:00:00',0),(459,101,'Khorasan-e Razavi','KHR','KR',0,0,'0000-00-00 00:00:00',1,'0000-00-00 00:00:00',0,'0000-00-00 00:00:00',0),(460,101,'Khorasan-e Shomali','KHS','KS',0,0,'0000-00-00 00:00:00',1,'0000-00-00 00:00:00',0,'0000-00-00 00:00:00',0),(461,101,'Khuzestan','KHU','KH',0,0,'0000-00-00 00:00:00',1,'0000-00-00 00:00:00',0,'0000-00-00 00:00:00',0),(462,101,'Kordestan','KOR','KO',0,0,'0000-00-00 00:00:00',1,'0000-00-00 00:00:00',0,'0000-00-00 00:00:00',0),(463,101,'Lorestan','LOR','LO',0,0,'0000-00-00 00:00:00',1,'0000-00-00 00:00:00',0,'0000-00-00 00:00:00',0),(464,101,'Markazi','MAR','MR',0,0,'0000-00-00 00:00:00',1,'0000-00-00 00:00:00',0,'0000-00-00 00:00:00',0),(465,101,'Mazandaran','MAZ','MZ',0,0,'0000-00-00 00:00:00',1,'0000-00-00 00:00:00',0,'0000-00-00 00:00:00',0),(466,101,'Qazvin','QAS','QA',0,0,'0000-00-00 00:00:00',1,'0000-00-00 00:00:00',0,'0000-00-00 00:00:00',0),(467,101,'Qom','QOM','QO',0,0,'0000-00-00 00:00:00',1,'0000-00-00 00:00:00',0,'0000-00-00 00:00:00',0),(468,101,'Semnan','SEM','SE',0,0,'0000-00-00 00:00:00',1,'0000-00-00 00:00:00',0,'0000-00-00 00:00:00',0),(469,101,'Sistan va Baluchestan','SBA','SB',0,0,'0000-00-00 00:00:00',1,'0000-00-00 00:00:00',0,'0000-00-00 00:00:00',0),(470,101,'Tehran','TEH','TE',0,0,'0000-00-00 00:00:00',1,'0000-00-00 00:00:00',0,'0000-00-00 00:00:00',0),(471,101,'Yazd','YAZ','YA',0,0,'0000-00-00 00:00:00',1,'0000-00-00 00:00:00',0,'0000-00-00 00:00:00',0),(472,101,'Zanjan','ZAN','ZA',0,0,'0000-00-00 00:00:00',1,'0000-00-00 00:00:00',0,'0000-00-00 00:00:00',0),(503,84,'ΑΡΓΟΛΙΔΑΣ','ΑΡΓ','ΑΡ',0,0,'0000-00-00 00:00:00',1,'0000-00-00 00:00:00',0,'0000-00-00 00:00:00',0),(504,84,'ΑΡΚΑΔΙΑΣ','ΑΡΚ','ΑΚ',0,0,'0000-00-00 00:00:00',1,'0000-00-00 00:00:00',0,'0000-00-00 00:00:00',0),(505,84,'ΑΡΤΑΣ','ΑΡΤ','ΑΑ',0,0,'0000-00-00 00:00:00',1,'0000-00-00 00:00:00',0,'0000-00-00 00:00:00',0),(506,84,'ΑΤΤΙΚΗΣ','ΑΤΤ','ΑΤ',0,0,'0000-00-00 00:00:00',1,'0000-00-00 00:00:00',0,'0000-00-00 00:00:00',0),(507,84,'ΑΧΑΪΑΣ','ΑΧΑ','ΑΧ',0,0,'0000-00-00 00:00:00',1,'0000-00-00 00:00:00',0,'0000-00-00 00:00:00',0),(508,84,'ΒΟΙΩΤΙΑΣ','ΒΟΙ','ΒΟ',0,0,'0000-00-00 00:00:00',1,'0000-00-00 00:00:00',0,'0000-00-00 00:00:00',0),(509,84,'ΓΡΕΒΕΝΩΝ','ΓΡΕ','ΓΡ',0,0,'0000-00-00 00:00:00',1,'0000-00-00 00:00:00',0,'0000-00-00 00:00:00',0),(510,84,'ΔΡΑΜΑΣ','ΔΡΑ','ΔΡ',0,0,'0000-00-00 00:00:00',1,'0000-00-00 00:00:00',0,'0000-00-00 00:00:00',0),(511,84,'ΔΩΔΕΚΑΝΗΣΟΥ','ΔΩΔ','ΔΩ',0,0,'0000-00-00 00:00:00',1,'0000-00-00 00:00:00',0,'0000-00-00 00:00:00',0),(512,84,'ΕΒΡΟΥ','ΕΒΡ','ΕΒ',0,0,'0000-00-00 00:00:00',1,'0000-00-00 00:00:00',0,'0000-00-00 00:00:00',0),(513,84,'ΕΥΒΟΙΑΣ','ΕΥΒ','ΕΥ',0,0,'0000-00-00 00:00:00',1,'0000-00-00 00:00:00',0,'0000-00-00 00:00:00',0),(514,84,'ΕΥΡΥΤΑΝΙΑΣ','ΕΥΡ','ΕΡ',0,0,'0000-00-00 00:00:00',1,'0000-00-00 00:00:00',0,'0000-00-00 00:00:00',0),(515,84,'ΖΑΚΥΝΘΟΥ','ΖΑΚ','ΖΑ',0,0,'0000-00-00 00:00:00',1,'0000-00-00 00:00:00',0,'0000-00-00 00:00:00',0),(516,84,'ΗΛΕΙΑΣ','ΗΛΕ','ΗΛ',0,0,'0000-00-00 00:00:00',1,'0000-00-00 00:00:00',0,'0000-00-00 00:00:00',0),(517,84,'ΗΜΑΘΙΑΣ','ΗΜΑ','ΗΜ',0,0,'0000-00-00 00:00:00',1,'0000-00-00 00:00:00',0,'0000-00-00 00:00:00',0),(518,84,'ΗΡΑΚΛΕΙΟΥ','ΗΡΑ','ΗΡ',0,0,'0000-00-00 00:00:00',1,'0000-00-00 00:00:00',0,'0000-00-00 00:00:00',0),(519,84,'ΘΕΣΠΡΩΤΙΑΣ','ΘΕΠ','ΘΠ',0,0,'0000-00-00 00:00:00',1,'0000-00-00 00:00:00',0,'0000-00-00 00:00:00',0),(520,84,'ΘΕΣΣΑΛΟΝΙΚΗΣ','ΘΕΣ','ΘΕ',0,0,'0000-00-00 00:00:00',1,'0000-00-00 00:00:00',0,'0000-00-00 00:00:00',0),(521,84,'ΙΩΑΝΝΙΝΩΝ','ΙΩΑ','ΙΩ',0,0,'0000-00-00 00:00:00',1,'0000-00-00 00:00:00',0,'0000-00-00 00:00:00',0),(522,84,'ΚΑΒΑΛΑΣ','ΚΑΒ','ΚΒ',0,0,'0000-00-00 00:00:00',1,'0000-00-00 00:00:00',0,'0000-00-00 00:00:00',0),(523,84,'ΚΑΡΔΙΤΣΑΣ','ΚΑΡ','ΚΡ',0,0,'0000-00-00 00:00:00',1,'0000-00-00 00:00:00',0,'0000-00-00 00:00:00',0),(524,84,'ΚΑΣΤΟΡΙΑΣ','ΚΑΣ','ΚΣ',0,0,'0000-00-00 00:00:00',1,'0000-00-00 00:00:00',0,'0000-00-00 00:00:00',0),(525,84,'ΚΕΡΚΥΡΑΣ','ΚΕΡ','ΚΕ',0,0,'0000-00-00 00:00:00',1,'0000-00-00 00:00:00',0,'0000-00-00 00:00:00',0),(526,84,'ΚΕΦΑΛΛΗΝΙΑΣ','ΚΕΦ','ΚΦ',0,0,'0000-00-00 00:00:00',1,'0000-00-00 00:00:00',0,'0000-00-00 00:00:00',0),(527,84,'ΚΙΛΚΙΣ','ΚΙΛ','ΚΙ',0,0,'0000-00-00 00:00:00',1,'0000-00-00 00:00:00',0,'0000-00-00 00:00:00',0),(528,84,'ΚΟΖΑΝΗΣ','ΚΟΖ','ΚZ',0,0,'0000-00-00 00:00:00',1,'0000-00-00 00:00:00',0,'0000-00-00 00:00:00',0),(529,84,'ΚΟΡΙΝΘΙΑΣ','ΚΟΡ','ΚΟ',0,0,'0000-00-00 00:00:00',1,'0000-00-00 00:00:00',0,'0000-00-00 00:00:00',0),(530,84,'ΚΥΚΛΑΔΩΝ','ΚΥΚ','ΚΥ',0,0,'0000-00-00 00:00:00',1,'0000-00-00 00:00:00',0,'0000-00-00 00:00:00',0),(531,84,'ΛΑΚΩΝΙΑΣ','ΛΑΚ','ΛK',0,0,'0000-00-00 00:00:00',1,'0000-00-00 00:00:00',0,'0000-00-00 00:00:00',0),(532,84,'ΛΑΡΙΣΑΣ','ΛΑΡ','ΛΡ',0,0,'0000-00-00 00:00:00',1,'0000-00-00 00:00:00',0,'0000-00-00 00:00:00',0),(533,84,'ΛΑΣΙΘΙΟΥ','ΛΑΣ','ΛΑ',0,0,'0000-00-00 00:00:00',1,'0000-00-00 00:00:00',0,'0000-00-00 00:00:00',0),(534,84,'ΛΕΣΒΟΥ','ΛΕΣ','ΛΣ',0,0,'0000-00-00 00:00:00',1,'0000-00-00 00:00:00',0,'0000-00-00 00:00:00',0),(535,84,'ΛΕΥΚΑΔΑΣ','ΛΕΥ','ΛΕ',0,0,'0000-00-00 00:00:00',1,'0000-00-00 00:00:00',0,'0000-00-00 00:00:00',0),(536,84,'ΜΑΓΝΗΣΙΑΣ','ΜΑΓ','ΜΑ',0,0,'0000-00-00 00:00:00',1,'0000-00-00 00:00:00',0,'0000-00-00 00:00:00',0),(537,84,'ΜΕΣΣΗΝΙΑΣ','ΜΕΣ','ΜΕ',0,0,'0000-00-00 00:00:00',1,'0000-00-00 00:00:00',0,'0000-00-00 00:00:00',0),(538,84,'ΞΑΝΘΗΣ','ΞΑΝ','ΞΑ',0,0,'0000-00-00 00:00:00',1,'0000-00-00 00:00:00',0,'0000-00-00 00:00:00',0),(539,84,'ΠΕΛΛΗΣ','ΠΕΛ','ΠΕ',0,0,'0000-00-00 00:00:00',1,'0000-00-00 00:00:00',0,'0000-00-00 00:00:00',0),(540,84,'ΠΙΕΡΙΑΣ','ΠΙΕ','ΠΙ',0,0,'0000-00-00 00:00:00',1,'0000-00-00 00:00:00',0,'0000-00-00 00:00:00',0),(541,84,'ΠΡΕΒΕΖΑΣ','ΠΡΕ','ΠΡ',0,0,'0000-00-00 00:00:00',1,'0000-00-00 00:00:00',0,'0000-00-00 00:00:00',0),(542,84,'ΡΕΘΥΜΝΗΣ','ΡΕΘ','ΡΕ',0,0,'0000-00-00 00:00:00',1,'0000-00-00 00:00:00',0,'0000-00-00 00:00:00',0),(543,84,'ΡΟΔΟΠΗΣ','ΡΟΔ','ΡΟ',0,0,'0000-00-00 00:00:00',1,'0000-00-00 00:00:00',0,'0000-00-00 00:00:00',0),(544,84,'ΣΑΜΟΥ','ΣΑΜ','ΣΑ',0,0,'0000-00-00 00:00:00',1,'0000-00-00 00:00:00',0,'0000-00-00 00:00:00',0),(545,84,'ΣΕΡΡΩΝ','ΣΕΡ','ΣΕ',0,0,'0000-00-00 00:00:00',1,'0000-00-00 00:00:00',0,'0000-00-00 00:00:00',0),(546,84,'ΤΡΙΚΑΛΩΝ','ΤΡΙ','ΤΡ',0,0,'0000-00-00 00:00:00',1,'0000-00-00 00:00:00',0,'0000-00-00 00:00:00',0),(547,84,'ΦΘΙΩΤΙΔΑΣ','ΦΘΙ','ΦΘ',0,0,'0000-00-00 00:00:00',1,'0000-00-00 00:00:00',0,'0000-00-00 00:00:00',0),(548,84,'ΦΛΩΡΙΝΑΣ','ΦΛΩ','ΦΛ',0,0,'0000-00-00 00:00:00',1,'0000-00-00 00:00:00',0,'0000-00-00 00:00:00',0),(549,84,'ΦΩΚΙΔΑΣ','ΦΩΚ','ΦΩ',0,0,'0000-00-00 00:00:00',1,'0000-00-00 00:00:00',0,'0000-00-00 00:00:00',0),(550,84,'ΧΑΛΚΙΔΙΚΗΣ','ΧΑΛ','ΧΑ',0,0,'0000-00-00 00:00:00',1,'0000-00-00 00:00:00',0,'0000-00-00 00:00:00',0),(551,84,'ΧΑΝΙΩΝ','ΧΑΝ','ΧΝ',0,0,'0000-00-00 00:00:00',1,'0000-00-00 00:00:00',0,'0000-00-00 00:00:00',0),(552,84,'ΧΙΟΥ','ΧΙΟ','ΧΙ',0,0,'0000-00-00 00:00:00',1,'0000-00-00 00:00:00',0,'0000-00-00 00:00:00',0),(553,84,'ΑΙΤΩΛΟΑΚΑΡΝΑΝΙΑΣ','ΑΙΤ','ΑΙ',0,0,'0000-00-00 00:00:00',1,'0000-00-00 00:00:00',0,'0000-00-00 00:00:00',0),(554,81,'Freie und Hansestadt Hamburg','HAM','HH',0,0,'0000-00-00 00:00:00',1,'0000-00-00 00:00:00',0,'0000-00-00 00:00:00',0),(555,81,'Niedersachsen','NIS','NI',0,0,'0000-00-00 00:00:00',1,'0000-00-00 00:00:00',0,'0000-00-00 00:00:00',0),(556,81,'Freie Hansestadt Bremen','HBR','HB',0,0,'0000-00-00 00:00:00',1,'0000-00-00 00:00:00',0,'0000-00-00 00:00:00',0),(557,81,'Nordrhein-Westfalen','NRW','NW',0,0,'0000-00-00 00:00:00',1,'0000-00-00 00:00:00',0,'0000-00-00 00:00:00',0),(558,81,'Hessen','HES','HE',0,0,'0000-00-00 00:00:00',1,'0000-00-00 00:00:00',0,'0000-00-00 00:00:00',0),(559,81,'Rheinland-Pfalz','RLP','RP',0,0,'0000-00-00 00:00:00',1,'0000-00-00 00:00:00',0,'0000-00-00 00:00:00',0),(560,81,'Baden-Württemberg','BWÜ','BW',0,0,'0000-00-00 00:00:00',1,'0000-00-00 00:00:00',0,'0000-00-00 00:00:00',0),(561,81,'Freistaat Bayern','BAV','BY',0,0,'0000-00-00 00:00:00',1,'0000-00-00 00:00:00',0,'0000-00-00 00:00:00',0),(562,81,'Saarland','SLA','SL',0,0,'0000-00-00 00:00:00',1,'0000-00-00 00:00:00',0,'0000-00-00 00:00:00',0),(563,81,'Berlin','BER','BE',0,0,'0000-00-00 00:00:00',1,'0000-00-00 00:00:00',0,'0000-00-00 00:00:00',0),(564,81,'Brandenburg','BRB','BB',0,0,'0000-00-00 00:00:00',1,'0000-00-00 00:00:00',0,'0000-00-00 00:00:00',0),(565,81,'Mecklenburg-Vorpommern','MVO','MV',0,0,'0000-00-00 00:00:00',1,'0000-00-00 00:00:00',0,'0000-00-00 00:00:00',0),(566,81,'Freistaat Sachsen','SAC','SN',0,0,'0000-00-00 00:00:00',1,'0000-00-00 00:00:00',0,'0000-00-00 00:00:00',0),(567,81,'Sachsen-Anhalt','SAA','ST',0,0,'0000-00-00 00:00:00',1,'0000-00-00 00:00:00',0,'0000-00-00 00:00:00',0),(568,81,'Freistaat Thüringen','THÜ','TH',0,0,'0000-00-00 00:00:00',1,'0000-00-00 00:00:00',0,'0000-00-00 00:00:00',0),(569,81,'Schleswig-Holstein','SHO','SH',0,0,'0000-00-00 00:00:00',1,'0000-00-00 00:00:00',0,'0000-00-00 00:00:00',0),(570,176,'Адыгея Республика','AD','01',1,0,'0000-00-00 00:00:00',1,'0000-00-00 00:00:00',0,'0000-00-00 00:00:00',0),(571,176,'Алтай Республика','AL','04',2,0,'0000-00-00 00:00:00',1,'0000-00-00 00:00:00',0,'0000-00-00 00:00:00',0),(572,176,'Алтайский край','ALT','22',3,0,'0000-00-00 00:00:00',1,'0000-00-00 00:00:00',0,'0000-00-00 00:00:00',0),(573,176,'Амурская область','AMU','28',4,0,'0000-00-00 00:00:00',1,'0000-00-00 00:00:00',0,'0000-00-00 00:00:00',0),(574,176,'Архангельская область','ARK','29',5,0,'0000-00-00 00:00:00',1,'0000-00-00 00:00:00',0,'0000-00-00 00:00:00',0),(575,176,'Астраханская область','AST','30',6,0,'0000-00-00 00:00:00',1,'0000-00-00 00:00:00',0,'0000-00-00 00:00:00',0),(576,176,'Башкортостан Республика','BA','02',7,0,'0000-00-00 00:00:00',1,'0000-00-00 00:00:00',0,'0000-00-00 00:00:00',0),(577,176,'Белгородская область','BEL','31',8,0,'0000-00-00 00:00:00',1,'0000-00-00 00:00:00',0,'0000-00-00 00:00:00',0),(578,176,'Брянская область','BRY','32',9,0,'0000-00-00 00:00:00',1,'0000-00-00 00:00:00',0,'0000-00-00 00:00:00',0),(579,176,'Бурятия Республика','BU','03',10,0,'0000-00-00 00:00:00',1,'0000-00-00 00:00:00',0,'0000-00-00 00:00:00',0),(580,176,'Владимирская область','VLA','33',11,0,'0000-00-00 00:00:00',1,'0000-00-00 00:00:00',0,'0000-00-00 00:00:00',0),(581,176,'Волгоградская область','VGG','34',12,0,'0000-00-00 00:00:00',1,'0000-00-00 00:00:00',0,'0000-00-00 00:00:00',0),(582,176,'Вологодская область','VLG','35',13,0,'0000-00-00 00:00:00',1,'0000-00-00 00:00:00',0,'0000-00-00 00:00:00',0),(583,176,'Воронежская область','VOR','36',14,0,'0000-00-00 00:00:00',1,'0000-00-00 00:00:00',0,'0000-00-00 00:00:00',0),(584,176,'Дагестан Республика','DA','05',15,0,'0000-00-00 00:00:00',1,'0000-00-00 00:00:00',0,'0000-00-00 00:00:00',0),(585,176,'Еврейская автономная область','YEV','79',16,0,'0000-00-00 00:00:00',1,'0000-00-00 00:00:00',0,'0000-00-00 00:00:00',0),(586,176,'Забайкальский край','ZAB','75',17,0,'0000-00-00 00:00:00',1,'0000-00-00 00:00:00',0,'0000-00-00 00:00:00',0),(587,176,'Ивановская область','IVA','37',18,0,'0000-00-00 00:00:00',1,'0000-00-00 00:00:00',0,'0000-00-00 00:00:00',0),(588,176,'Ингушетия Республика','IN','06',19,0,'0000-00-00 00:00:00',1,'0000-00-00 00:00:00',0,'0000-00-00 00:00:00',0),(589,176,'Иркутская область','IRK','38',20,0,'0000-00-00 00:00:00',1,'0000-00-00 00:00:00',0,'0000-00-00 00:00:00',0),(590,176,'Кабардино-Балкарская Республика','KB','07',21,0,'0000-00-00 00:00:00',1,'0000-00-00 00:00:00',0,'0000-00-00 00:00:00',0),(591,176,'Калининградская область','KGD','39',22,0,'0000-00-00 00:00:00',1,'0000-00-00 00:00:00',0,'0000-00-00 00:00:00',0),(592,176,'Калмыкия Республика','KL','08',23,0,'0000-00-00 00:00:00',1,'0000-00-00 00:00:00',0,'0000-00-00 00:00:00',0),(593,176,'Калужская область','KLU','40',24,0,'0000-00-00 00:00:00',1,'0000-00-00 00:00:00',0,'0000-00-00 00:00:00',0),(594,176,'Камчатский край','KAM','41',25,0,'0000-00-00 00:00:00',1,'0000-00-00 00:00:00',0,'0000-00-00 00:00:00',0),(595,176,'Карачаево-Черкесская Республика','KC','09',26,0,'0000-00-00 00:00:00',1,'0000-00-00 00:00:00',0,'0000-00-00 00:00:00',0),(596,176,'Карелия Республика','KR','10',27,0,'0000-00-00 00:00:00',1,'0000-00-00 00:00:00',0,'0000-00-00 00:00:00',0),(597,176,'Кемеровская область','KEM','42',28,0,'0000-00-00 00:00:00',1,'0000-00-00 00:00:00',0,'0000-00-00 00:00:00',0),(598,176,'Кировская область','KIR','43',29,0,'0000-00-00 00:00:00',1,'0000-00-00 00:00:00',0,'0000-00-00 00:00:00',0),(599,176,'Коми Республика','KO','11',30,0,'0000-00-00 00:00:00',1,'0000-00-00 00:00:00',0,'0000-00-00 00:00:00',0),(600,176,'Костромская область','KOS','44',31,0,'0000-00-00 00:00:00',1,'0000-00-00 00:00:00',0,'0000-00-00 00:00:00',0),(601,176,'Краснодарский край','KDA','23',32,0,'0000-00-00 00:00:00',1,'0000-00-00 00:00:00',0,'0000-00-00 00:00:00',0),(602,176,'Красноярский край','KIA','24',33,0,'0000-00-00 00:00:00',1,'0000-00-00 00:00:00',0,'0000-00-00 00:00:00',0),(603,176,'Курганская область','KGN','45',34,0,'0000-00-00 00:00:00',1,'0000-00-00 00:00:00',0,'0000-00-00 00:00:00',0),(604,176,'Курская область','KRS','46',35,0,'0000-00-00 00:00:00',1,'0000-00-00 00:00:00',0,'0000-00-00 00:00:00',0),(605,176,'Ленинградская область','LEN','47',36,0,'0000-00-00 00:00:00',1,'0000-00-00 00:00:00',0,'0000-00-00 00:00:00',0),(606,176,'Липецкая область','LIP','48',37,0,'0000-00-00 00:00:00',1,'0000-00-00 00:00:00',0,'0000-00-00 00:00:00',0),(607,176,'Магаданская область','MAG','49',38,0,'0000-00-00 00:00:00',1,'0000-00-00 00:00:00',0,'0000-00-00 00:00:00',0),(608,176,'Марий Эл Республика','ME','12',39,0,'0000-00-00 00:00:00',1,'0000-00-00 00:00:00',0,'0000-00-00 00:00:00',0),(609,176,'Мордовия Республика','MO','13',40,0,'0000-00-00 00:00:00',1,'0000-00-00 00:00:00',0,'0000-00-00 00:00:00',0),(610,176,'Москва','MOW','77',41,0,'0000-00-00 00:00:00',1,'0000-00-00 00:00:00',0,'0000-00-00 00:00:00',0),(611,176,'Московская область','MOS','50',42,0,'0000-00-00 00:00:00',1,'0000-00-00 00:00:00',0,'0000-00-00 00:00:00',0),(612,176,'Мурманская область','MUR','51',43,0,'0000-00-00 00:00:00',1,'0000-00-00 00:00:00',0,'0000-00-00 00:00:00',0),(613,176,'Ненецкий автономный округ','NEN','83',44,0,'0000-00-00 00:00:00',1,'0000-00-00 00:00:00',0,'0000-00-00 00:00:00',0),(614,176,'Нижегородская область','NIZ','52',45,0,'0000-00-00 00:00:00',1,'0000-00-00 00:00:00',0,'0000-00-00 00:00:00',0),(615,176,'Новгородская область','NGR','53',46,0,'0000-00-00 00:00:00',1,'0000-00-00 00:00:00',0,'0000-00-00 00:00:00',0),(616,176,'Новосибирская область','NVS','54',47,0,'0000-00-00 00:00:00',1,'0000-00-00 00:00:00',0,'0000-00-00 00:00:00',0),(617,176,'Омская область','OMS','55',48,0,'0000-00-00 00:00:00',1,'0000-00-00 00:00:00',0,'0000-00-00 00:00:00',0),(618,176,'Оренбургская область','ORE','56',49,0,'0000-00-00 00:00:00',1,'0000-00-00 00:00:00',0,'0000-00-00 00:00:00',0),(619,176,'Орловская область','ORL','57',50,0,'0000-00-00 00:00:00',1,'0000-00-00 00:00:00',0,'0000-00-00 00:00:00',0),(620,176,'Пензенская область','PNZ','58',51,0,'0000-00-00 00:00:00',1,'0000-00-00 00:00:00',0,'0000-00-00 00:00:00',0),(621,176,'Пермский край','PER','59',52,0,'0000-00-00 00:00:00',1,'0000-00-00 00:00:00',0,'0000-00-00 00:00:00',0),(622,176,'Приморский край','PRI','25',53,0,'0000-00-00 00:00:00',1,'0000-00-00 00:00:00',0,'0000-00-00 00:00:00',0),(623,176,'Псковская область','PSK','60',54,0,'0000-00-00 00:00:00',1,'0000-00-00 00:00:00',0,'0000-00-00 00:00:00',0),(624,176,'Ростовская область','ROS','61',55,0,'0000-00-00 00:00:00',1,'0000-00-00 00:00:00',0,'0000-00-00 00:00:00',0),(625,176,'Рязанская область','RYA','62',56,0,'0000-00-00 00:00:00',1,'0000-00-00 00:00:00',0,'0000-00-00 00:00:00',0),(626,176,'Самарская область','SAM','63',57,0,'0000-00-00 00:00:00',1,'0000-00-00 00:00:00',0,'0000-00-00 00:00:00',0),(627,176,'Санкт-Петербург','SPE','78',58,0,'0000-00-00 00:00:00',1,'0000-00-00 00:00:00',0,'0000-00-00 00:00:00',0),(628,176,'Саратовская область','SAR','64',59,0,'0000-00-00 00:00:00',1,'0000-00-00 00:00:00',0,'0000-00-00 00:00:00',0),(629,176,'Саха (Якутия) Республика','SA','14',60,0,'0000-00-00 00:00:00',1,'0000-00-00 00:00:00',0,'0000-00-00 00:00:00',0),(630,176,'Сахалинская область','SAK','65',61,0,'0000-00-00 00:00:00',1,'0000-00-00 00:00:00',0,'0000-00-00 00:00:00',0),(631,176,'Свердловская область','SVE','66',62,0,'0000-00-00 00:00:00',1,'0000-00-00 00:00:00',0,'0000-00-00 00:00:00',0),(632,176,'Северная Осетия-Алания Республика','SE','15',63,0,'0000-00-00 00:00:00',1,'0000-00-00 00:00:00',0,'0000-00-00 00:00:00',0),(633,176,'Смоленская область','SMO','67',64,0,'0000-00-00 00:00:00',1,'0000-00-00 00:00:00',0,'0000-00-00 00:00:00',0),(634,176,'Ставропольский край','STA','26',65,0,'0000-00-00 00:00:00',1,'0000-00-00 00:00:00',0,'0000-00-00 00:00:00',0),(635,176,'Тамбовская область','TAM','68',66,0,'0000-00-00 00:00:00',1,'0000-00-00 00:00:00',0,'0000-00-00 00:00:00',0),(636,176,'Татарстан Республика','TA','16',67,0,'0000-00-00 00:00:00',1,'0000-00-00 00:00:00',0,'0000-00-00 00:00:00',0),(637,176,'Тверская область','TVE','69',68,0,'0000-00-00 00:00:00',1,'0000-00-00 00:00:00',0,'0000-00-00 00:00:00',0),(638,176,'Томская область','TOM','70',69,0,'0000-00-00 00:00:00',1,'0000-00-00 00:00:00',0,'0000-00-00 00:00:00',0),(639,176,'Тульская область','TUL','71',70,0,'0000-00-00 00:00:00',1,'0000-00-00 00:00:00',0,'0000-00-00 00:00:00',0),(640,176,'Тыва Республика','TY','17',71,0,'0000-00-00 00:00:00',1,'0000-00-00 00:00:00',0,'0000-00-00 00:00:00',0),(641,176,'Тюменская область','TYU','72',72,0,'0000-00-00 00:00:00',1,'0000-00-00 00:00:00',0,'0000-00-00 00:00:00',0),(642,176,'Удмуртская Республика','UD','18',73,0,'0000-00-00 00:00:00',1,'0000-00-00 00:00:00',0,'0000-00-00 00:00:00',0),(643,176,'Ульяновская область','ULY','73',74,0,'0000-00-00 00:00:00',1,'0000-00-00 00:00:00',0,'0000-00-00 00:00:00',0),(644,176,'Хакасия Республика','KK','19',75,0,'0000-00-00 00:00:00',1,'0000-00-00 00:00:00',0,'0000-00-00 00:00:00',0),(645,176,'Челябинская область','CHE','74',76,0,'0000-00-00 00:00:00',1,'0000-00-00 00:00:00',0,'0000-00-00 00:00:00',0),(646,176,'Чеченская Республика','CE','20',77,0,'0000-00-00 00:00:00',1,'0000-00-00 00:00:00',0,'0000-00-00 00:00:00',0),(647,176,'Чувашская Республика','CU','21',78,0,'0000-00-00 00:00:00',1,'0000-00-00 00:00:00',0,'0000-00-00 00:00:00',0),(648,176,'Чукотский автономный округ','CHU','87',79,0,'0000-00-00 00:00:00',1,'0000-00-00 00:00:00',0,'0000-00-00 00:00:00',0),(649,176,'Хабаровский край','KHA','27',80,0,'0000-00-00 00:00:00',1,'0000-00-00 00:00:00',0,'0000-00-00 00:00:00',0),(650,176,'Ханты-Мансийский автономный округ','KHM','86',81,0,'0000-00-00 00:00:00',1,'0000-00-00 00:00:00',0,'0000-00-00 00:00:00',0),(651,176,'Ямало-Ненецкий автономный округ','YAN','89',82,0,'0000-00-00 00:00:00',1,'0000-00-00 00:00:00',0,'0000-00-00 00:00:00',0),(652,176,'Ярославская область','YAR','76',83,0,'0000-00-00 00:00:00',1,'0000-00-00 00:00:00',0,'0000-00-00 00:00:00',0),(653,18,'Chittagong Division','CHT','CH',3,1,NULL,1,'2013-11-19 00:00:00',1,NULL,NULL),(654,18,'Dhaka Division','DHK','DH',1,1,'2013-11-19 00:00:00',1,NULL,NULL,NULL,NULL),(655,18,'Barisal Division','BAR','BA',2,1,'2013-11-19 00:00:00',1,NULL,NULL,NULL,NULL),(656,18,'Khulna Division','KHL','KH',4,1,'2013-11-19 00:00:00',1,NULL,NULL,NULL,NULL),(657,18,'Rajshahi Division','RAJ','RJ',5,1,'2013-11-19 00:00:00',1,NULL,NULL,NULL,NULL),(658,18,'Rangpur Division','RAG','RG',6,1,'2013-11-19 00:00:00',1,NULL,NULL,NULL,NULL),(659,18,'Sylhet Division','SHY','SH',7,1,'2013-11-19 00:00:00',1,NULL,NULL,NULL,NULL);

/*Table structure for table `os_subscriber` */

DROP TABLE IF EXISTS `os_subscriber`;

CREATE TABLE `os_subscriber` (
  `id` int(10) NOT NULL AUTO_INCREMENT,
  `groups` varchar(250) DEFAULT NULL,
  `full_name` varchar(250) DEFAULT NULL,
  `email` varchar(200) NOT NULL,
  `created_on` timestamp NULL DEFAULT CURRENT_TIMESTAMP ON UPDATE CURRENT_TIMESTAMP,
  `confirmed` tinyint(1) DEFAULT '1',
  `enabled` tinyint(1) DEFAULT '1',
  PRIMARY KEY (`id`),
  UNIQUE KEY `email` (`email`)
) ENGINE=InnoDB DEFAULT CHARSET=utf8;

/*Data for the table `os_subscriber` */

/*Table structure for table `os_subscriber_group` */

DROP TABLE IF EXISTS `os_subscriber_group`;

CREATE TABLE `os_subscriber_group` (
  `id` int(11) NOT NULL AUTO_INCREMENT COMMENT 'ID',
  `parent` int(11) DEFAULT NULL COMMENT 'Parent',
  `title` varchar(150) NOT NULL COMMENT 'Category',
  `details` text COMMENT 'Details',
  `status` tinyint(1) DEFAULT '1' COMMENT 'Status',
  PRIMARY KEY (`id`),
  KEY `cat_idx` (`status`)
) ENGINE=InnoDB AUTO_INCREMENT=2 DEFAULT CHARSET=utf8;

/*Data for the table `os_subscriber_group` */

insert  into `os_subscriber_group`(`id`,`parent`,`title`,`details`,`status`) values (1,NULL,'Default','',1);

/*Table structure for table `os_thana` */

DROP TABLE IF EXISTS `os_thana`;

CREATE TABLE `os_thana` (
  `id` int(10) unsigned NOT NULL AUTO_INCREMENT,
  `country_id` int(11) NOT NULL DEFAULT '18',
  `state_id` int(11) NOT NULL,
  `city_id` int(11) NOT NULL,
  `district_id` int(11) NOT NULL,
  `title` varchar(100) COLLATE utf8_unicode_ci NOT NULL,
  `published` tinyint(1) NOT NULL DEFAULT '1',
  PRIMARY KEY (`id`)
) ENGINE=InnoDB AUTO_INCREMENT=528 DEFAULT CHARSET=utf8 COLLATE=utf8_unicode_ci;

/*Data for the table `os_thana` */

insert  into `os_thana`(`id`,`country_id`,`state_id`,`city_id`,`district_id`,`title`,`published`) values (1,18,654,19,13,'Adabor Thana',1),(2,18,654,19,13,'Badda Thana',1),(3,18,654,19,13,'Bangsal Thana',1),(4,18,654,19,13,'Bimanbandar Thana',1),(5,18,654,19,13,'Cantonment Thana',1),(6,18,654,19,13,'Chak Bazar Thana',1),(7,18,654,19,13,'Dakshinkhan Thana',1),(8,18,654,19,13,'Darus Salam Thana',1),(9,18,654,19,13,'Demra Thana',1),(10,18,654,19,13,' Dhamrai Upazila',1),(11,18,654,19,13,' Dhanmondi Thana',1),(12,18,654,19,13,' Dohar Upazila',1),(13,18,654,19,13,' Gendaria Thana',1),(14,18,654,19,13,' Gulshan Thana',1),(15,18,654,19,13,' Hazaribagh Thana',1),(16,18,654,19,13,' Jatrabari Thana',1),(17,18,654,19,13,' Kadamtali Thana',1),(18,18,654,19,13,' Kafrul Thana',1),(19,18,654,19,13,' Kalabagan Thana',1),(20,18,654,19,13,' Kamrangirchar Thana',1),(21,18,654,19,13,' Keraniganj Upazila',1),(22,18,654,19,13,' Khilgaon Thana',1),(23,18,654,19,13,' Khilkhet Thana',1),(24,18,654,19,13,' Kotwali Thana',1),(25,18,654,19,13,' Lalbagh Thana',1),(26,18,654,19,13,' Mirpur Thana',1),(27,18,654,19,13,' Mohammadpur Thana',1),(28,18,654,19,13,' Motijheel Thana',1),(29,18,654,19,13,' Nawabganj Upazila',1),(30,18,654,19,13,' Newmarket Thana',1),(31,18,654,19,13,' Pallabi Thana',1),(32,18,654,19,13,' Paltan Thana',1),(33,18,654,19,13,' Ramna Thana',1),(34,18,654,19,13,' Rampura Thana',1),(35,18,654,19,13,' Sabujbagh Thana',1),(36,18,654,19,13,' Savar Upazila',1),(37,18,654,19,13,' Shah Ali Thana',1),(38,18,654,19,13,' Shahbag Thana',1),(39,18,654,19,13,' Sher-E-Bangla Nagar Thana',1),(40,18,654,19,13,' Shyampur Thana',1),(41,18,654,19,13,' Sutrapur Thana',1),(42,18,654,19,13,' Tejgaon Thana',1),(43,18,654,19,13,' Mohakhali Thana',1),(44,18,654,19,13,' Tejgaon Industrial Area Thana',1),(45,18,654,19,13,' Turag Thana',1),(46,18,654,19,13,' Uttara Thana',1),(47,18,654,19,13,' Uttar Khan Thana ',1),(48,18,654,24,15,'Alfadanga Upazila',1),(49,18,654,24,15,'Bhanga Upazila',1),(50,18,654,24,15,'Boalmari Upazila',1),(51,18,654,24,15,'Charbhadrasan Upazila',1),(52,18,654,24,15,'Faridpur Sadar Upazila',1),(53,18,654,24,15,'Madhukhali Upazila',1),(54,18,654,24,15,'Nagarkanda Upazila',1),(55,18,654,24,15,'Sadarpur Upazila',1),(56,18,654,24,15,'Saltha Upazila',1),(57,18,654,21,18,'Gazipur Sadar Upazila',1),(58,18,654,21,18,'Kaliakair Upazila',1),(59,18,654,21,18,'Kaliganj Upazila',1),(60,18,654,21,18,'Kapasia Upazila',1),(61,18,654,21,18,'Tongi Upazila',1),(62,18,654,21,18,'Sreepur Upazila',1),(63,18,654,24,19,'Gopalganj Sadar Upazila',1),(64,18,654,24,19,'Kashiani Upazila',1),(65,18,654,24,19,'Kotalipara Upazila',1),(66,18,654,24,19,'Muksudpur Upazila',1),(67,18,654,24,19,'Tungipara Upazila',1),(68,18,654,25,21,'Baksiganj Upazila',1),(69,18,654,25,21,'Dewanganj Upazila',1),(70,18,654,25,21,'Islampur Upazila',1),(71,18,654,25,21,'Jamalpur Sadar Upazila',1),(72,18,654,25,21,'Madarganj Upazila',1),(73,18,654,25,21,'Melandaha Upazila',1),(74,18,654,25,21,'Sarishabari Upazila',1),(75,18,654,26,27,'Astagram Upazila',1),(76,18,654,26,27,'Bajitpur Upazila',1),(77,18,654,26,27,'Bhairab Upazila',1),(78,18,654,26,27,'Hossainpur Upazila',1),(79,18,654,26,27,'Itna Upazila',1),(80,18,654,26,27,'Karimganj Upazila',1),(81,18,654,26,27,'Katiadi Upazila',1),(82,18,654,26,27,'Kishoreganj Sadar Upazila',1),(83,18,654,26,27,'Kuliarchar Upazila',1),(84,18,654,26,27,' Mithamain Upazila',1),(85,18,654,26,27,' Nikli Upazila',1),(86,18,654,26,27,' Pakundia Upazila',1),(87,18,654,26,27,' Tarail Upazila',1),(88,18,654,28,32,'Rajoir Upazila',1),(89,18,654,28,32,'Madaripur Sadar Upazila',1),(90,18,654,28,32,'Kalkini Upazila',1),(91,18,654,28,32,'Shibchar Upazila',1),(92,18,654,27,34,'Daulatpur Upazila',1),(93,18,654,27,34,'Ghior Upazila',1),(94,18,654,27,34,'Harirampur Upazila',1),(95,18,654,27,34,'Manikgonj Sadar Upazila',1),(96,18,654,27,34,'Saturia Upazila',1),(97,18,654,27,34,'Shivalaya Upazila',1),(98,18,654,27,34,'Singair Upazila',1),(99,18,654,29,37,'Gazaria Upazila',1),(100,18,654,29,37,'Lohajang Upazila',1),(101,18,654,29,37,'Munshiganj Sadar Upazila',1),(102,18,654,29,37,'Sirajdikhan Upazila',1),(103,18,654,29,37,'Sreenagar Upazila',1),(104,18,654,29,37,'Tongibari Upazila',1),(105,18,654,20,41,'Araihazar Upazila',1),(106,18,654,20,41,'Bandar Upazila',1),(107,18,654,20,41,'Narayanganj Sadar Upazila',1),(108,18,654,20,41,'Rupganj Upazila',1),(109,18,654,20,41,'Sonargaon Upazila',1),(110,18,654,20,41,'Fatullah Upazila',1),(111,18,654,20,41,'Siddhirganj Upazila',1),(112,18,654,32,45,'Atpara Upazila',1),(113,18,654,32,45,'Barhatta Upazila',1),(114,18,654,32,45,'Durgapur Upazila',1),(115,18,654,32,45,'Khaliajuri Upazila',1),(116,18,654,32,45,'Kalmakanda Upazila',1),(117,18,654,32,45,'Kendua Upazila',1),(118,18,654,32,45,'Madan Upazila',1),(119,18,654,32,45,'Mohanganj Upazila',1),(120,18,654,32,45,'Netrokona Sadar Upazila',1),(121,18,654,32,45,' Purbadhala Upazila',1),(122,18,654,33,52,'Baliakandi Upazila',1),(123,18,654,33,52,'Goalandaghat Upazila',1),(124,18,654,33,52,'Pangsha Upazila',1),(125,18,654,33,52,'Rajbari Sadar Upazila',1),(126,18,654,33,52,'Kalukhali Upazila',1),(127,18,654,34,57,'Bhedarganj Upazila',1),(128,18,654,34,57,'Damudya Upazila',1),(129,18,654,34,57,'Gosairhat Upazila',1),(130,18,654,34,57,'Naria Upazila',1),(131,18,654,34,57,'Shariatpur Sadar Upazila',1),(132,18,654,34,57,'Zanjira Upazila',1),(133,18,654,34,57,'Sakhipur Upazila',1),(134,18,654,35,58,'Jhenaigati Upazila',1),(135,18,654,35,58,'Nakla Upazila',1),(136,18,654,35,58,'Nalitabari Upazila',1),(137,18,654,35,58,'Sherpur Sadar Upazila',1),(138,18,654,35,58,'Sreebardi Upazila',1),(139,18,654,36,62,'Gopalpur Upazila',1),(140,18,654,36,62,'Basail Upazila',1),(141,18,654,36,62,'Bhuapur Upazila',1),(142,18,654,36,62,'Delduar Upazila',1),(143,18,654,36,62,'Ghatail Upazila',1),(144,18,654,36,62,'Kalihati Upazila',1),(145,18,654,36,62,'Madhupur Upazila',1),(146,18,654,36,62,'Mirzapur Upazila',1),(147,18,654,36,62,'Nagarpur Upazila',1),(148,18,654,36,62,' Sakhipur Upazila',1),(149,18,654,36,62,' Dhanbari Upazila',1),(150,18,654,36,62,' Tangail Sadar Upazila',1),(151,18,654,31,42,'Narsingdi Sadar Upazila',1),(152,18,654,31,42,'Belabo Upazila',1),(153,18,654,31,42,'Monohardi Upazila',1),(154,18,654,31,42,'Palash Upazila',1),(155,18,654,31,42,'Raipura Upazila',1),(156,18,654,31,42,'Shibpur Upazila',1),(157,18,657,56,6,'Adamdighi Upazila',1),(158,18,657,56,6,'Bogra Sadar Upazila',1),(159,18,657,56,6,'Dhunat Upazila',1),(160,18,657,56,6,'Dupchanchia Upazila',1),(161,18,657,56,6,'Gabtali Upazila',1),(162,18,657,56,6,'Kahaloo Upazila',1),(163,18,657,56,6,'Nandigram Upazila',1),(164,18,657,56,6,'Sariakandi Upazila',1),(165,18,657,56,6,'Sahajanpur Upazila',1),(166,18,657,56,6,' Sherpur Upazila',1),(167,18,657,56,6,' Shibganj Upazila',1),(168,18,657,56,6,' Sonatola Upazila',1),(169,18,657,57,24,'Akkelpur Upazila',1),(170,18,657,57,24,'Joypurhat Sadar Upazila',1),(171,18,657,57,24,'Kalai Upazila',1),(172,18,657,57,24,'Khetlal Upazila',1),(173,18,657,57,24,'Panchbibi Upazila',1),(174,18,657,58,39,'Atrai Upazila',1),(175,18,657,58,39,'Badalgachhi Upazila',1),(176,18,657,58,39,'Manda Upazila',1),(177,18,657,58,39,'Dhamoirhat Upazila',1),(178,18,657,58,39,'Mohadevpur Upazila',1),(179,18,657,58,39,'Naogaon Sadar Upazila',1),(180,18,657,58,39,'Niamatpur Upazila',1),(181,18,657,58,39,'Patnitala Upazila',1),(182,18,657,58,39,'Porsha Upazila',1),(183,18,657,58,39,' Raninagar Upazila',1),(184,18,657,58,39,' Sapahar Upazila',1),(185,18,657,59,43,'Bagatipara Upazila',1),(186,18,657,59,43,'Baraigram Upazila',1),(187,18,657,59,43,'Gurudaspur Upazila',1),(188,18,657,59,43,'Lalpur Upazila',1),(189,18,657,59,43,'Natore Sadar Upazila',1),(190,18,657,59,43,'Singra Upazila',1),(191,18,657,59,43,'Naldanga Upazila',1),(192,18,657,60,44,'Bholahat Upazila',1),(193,18,657,60,44,'Gomastapur Upazila',1),(194,18,657,60,44,'Nachole Upazila',1),(195,18,657,60,44,'Nawabganj Sadar Upazila',1),(196,18,657,60,44,'Shibganj Upazila',1),(197,18,657,61,48,'Atgharia Upazila',1),(198,18,657,61,48,'Bera Upazila',1),(199,18,657,61,48,'Bhangura Upazila',1),(200,18,657,61,48,'Chatmohar Upazila',1),(201,18,657,61,48,'Faridpur Upazila',1),(202,18,657,61,48,'Ishwardi Upazila',1),(203,18,657,61,48,'Pabna Sadar Upazila',1),(204,18,657,61,48,'Santhia Upazila',1),(205,18,657,61,48,'Sujanagar Upazila',1),(206,18,657,61,48,' Ataikula Upazila',1),(207,18,657,61,48,' Aminpur Upazila',1),(208,18,657,55,53,'Bagha Upazila',1),(209,18,657,55,53,'Bagmara Upazila',1),(210,18,657,55,53,'Charghat Upazila',1),(211,18,657,55,53,'Durgapur Upazila',1),(212,18,657,55,53,'Godagari Upazila',1),(213,18,657,55,53,'Mohanpur Upazila',1),(214,18,657,55,53,'Paba Upazila',1),(215,18,657,55,53,'Puthia Upazila',1),(216,18,657,55,53,'Tanore Upazila',1),(217,18,657,62,59,'Belkuchi Upazila',1),(218,18,657,62,59,'Chauhali Upazila',1),(219,18,657,62,59,'Kamarkhanda Upazila',1),(220,18,657,62,59,'Kazipur Upazila',1),(221,18,657,62,59,'Raiganj Upazila',1),(222,18,657,62,59,'Shahjadpur Upazila',1),(223,18,657,62,59,'Sirajganj Sadar Upazila',1),(224,18,657,62,59,'Tarash Upazila',1),(225,18,657,62,59,'Ullahpara Upazila',1),(226,18,658,65,14,'Birampur Upazila',1),(227,18,658,65,14,'Birganj Upazila',1),(228,18,658,65,14,'Biral Upazila',1),(229,18,658,65,14,'Bochaganj Upazila',1),(230,18,658,65,14,'Chirirbandar Upazila',1),(231,18,658,65,14,'Phulbari Upazila',1),(232,18,658,65,14,'Ghoraghat Upazila',1),(233,18,658,65,14,'Hakimpur Upazila',1),(234,18,658,65,14,'Kaharole Upazila',1),(235,18,658,65,14,' Khansama Upazila',1),(236,18,658,65,14,' Dinajpur Sadar Upazila',1),(237,18,658,65,14,' Nawabganj Upazila',1),(238,18,658,65,14,' Parbatipur Upazila',1),(239,18,658,66,17,'Phulchhari Upazila',1),(240,18,658,66,17,'Gaibandha Sadar Upazila',1),(241,18,658,66,17,'Gobindaganj Upazila',1),(242,18,658,66,17,'Palashbari Upazila',1),(243,18,658,66,17,'Sadullapur Upazila',1),(244,18,658,66,17,'Sughatta Upazila',1),(245,18,658,66,17,'Sundarganj Upazila',1),(246,18,658,67,28,'Bhurungamari Upazila',1),(247,18,658,67,28,'Char Rajibpur Upazila',1),(248,18,658,67,28,'Chilmari Upazila',1),(249,18,658,67,28,'Phulbari Upazila',1),(250,18,658,67,28,'Kurigram Sadar Upazila',1),(251,18,658,67,28,'Nageshwari Upazila',1),(252,18,658,67,28,'Rajarhat Upazila',1),(253,18,658,67,28,'Raomari Upazila',1),(254,18,658,67,28,'Ulipur Upazila',1),(255,18,658,68,31,'Aditmari Upazila',1),(256,18,658,68,31,'Hatibandha Upazila',1),(257,18,658,68,31,'Kaliganj Upazila',1),(258,18,658,68,31,'Lalmonirhat Sadar Upazila',1),(259,18,658,68,31,'Patgram Upazila',1),(260,18,658,69,46,'Dimla Upazila',1),(261,18,658,69,46,'Domar Upazila',1),(262,18,658,69,46,'Jaldhaka Upazila',1),(263,18,658,69,46,'Kishoreganj Upazila',1),(264,18,658,69,46,'Nilphamari Sadar Upazila',1),(265,18,658,69,46,'Saidpur Upazila',1),(266,18,658,70,49,'Atwari Upazila',1),(267,18,658,70,49,'Boda Upazila',1),(268,18,658,70,49,'Debiganj Upazila',1),(269,18,658,70,49,'Panchagarh Sadar Upazila',1),(270,18,658,70,49,'Tetulia Upazila',1),(271,18,658,63,55,'Badarganj Upazila',1),(272,18,658,63,55,'Gangachhara Upazila',1),(273,18,658,63,55,'Kaunia Upazila',1),(274,18,658,63,55,'Rangpur Sadar Upazila',1),(275,18,658,63,55,'Mithapukur Upazila',1),(276,18,658,63,55,'Pirgachha Upazila',1),(277,18,658,63,55,'Pirganj Upazila',1),(278,18,658,63,55,'Taraganj Upazila',1),(279,18,658,71,63,'Baliadangi Upazila',1),(280,18,658,71,63,'Haripur Upazila',1),(281,18,658,71,63,'Pirganj Upazila',1),(282,18,658,71,63,'Ranisankail Upazila',1),(283,18,658,71,63,'Thakurgaon Sadar Upazila',1),(284,18,655,39,3,'Amtali Upazila',1),(285,18,655,39,3,'Bamna Upazila',1),(286,18,655,39,3,'Barguna Sadar Upazila',1),(287,18,655,39,3,'Betagi Upazila',1),(288,18,655,39,3,'Patharghata Upazila',1),(289,18,655,39,3,'Taltoli Upazila',1),(290,18,655,38,4,'Agailjhara Upazila',1),(291,18,655,38,4,'Babuganj Upazila',1),(292,18,655,38,4,'Bakerganj Upazila',1),(293,18,655,38,4,'Banaripara Upazila',1),(294,18,655,38,4,'Gaurnadi Upazila',1),(295,18,655,38,4,'Hizla Upazila',1),(296,18,655,38,4,'Barisal Sadar Upazila',1),(297,18,655,38,4,'Mehendiganj Upazila',1),(298,18,655,38,4,'Muladi Upazila',1),(299,18,655,38,4,' Wazirpur Upazila',1),(300,18,655,41,5,'Bhola Sadar Upazila',1),(301,18,655,41,5,'Burhanuddin Upazila',1),(302,18,655,41,5,'Char Fasson Upazila',1),(303,18,655,41,5,'Daulatkhan Upazila',1),(304,18,655,41,5,'Lalmohan Upazila',1),(305,18,655,41,5,'Manpura Upazila',1),(306,18,655,41,5,'Tazumuddin Upazila',1),(307,18,655,42,64,'Jhalokati Sadar Upazila',1),(308,18,655,42,64,'Kathalia Upazila',1),(309,18,655,42,64,'Nalchity Upazila',1),(310,18,655,42,64,'Rajapur Upazila',1),(311,18,655,43,50,'Bauphal Upazila',1),(312,18,655,43,50,'Dasmina Upazila',1),(313,18,655,43,50,'Galachipa Upazila',1),(314,18,655,43,50,'Kalapara Upazila',1),(315,18,655,43,50,'Mirzaganj Upazila',1),(316,18,655,43,50,'Patuakhali Sadar Upazila',1),(317,18,655,43,50,'Rangabali Upazila',1),(318,18,655,43,50,'Dumki Upazila',1),(319,18,655,44,51,'Bhandaria Upazila',1),(320,18,655,44,51,'Kawkhali Upazila',1),(321,18,655,44,51,'Mathbaria Upazila',1),(322,18,655,44,51,'Nazirpur Upazila',1),(323,18,655,44,51,'Pirojpur Sadar Upazila',1),(324,18,655,44,51,'Nesarabad (Swarupkati) Upazila',1),(325,18,655,44,51,'Zianagor Upazila',1),(326,18,653,3,2,'Ali Kadam Upazila',1),(327,18,653,3,2,'Bandarban Sadar Upazila',1),(328,18,653,3,2,'Lama Upazila',1),(329,18,653,3,2,'Naikhongchhari Upazila',1),(330,18,653,3,2,'Rowangchhari Upazila',1),(331,18,653,3,2,'Ruma Upazila',1),(332,18,653,3,2,'Thanchi Upazila',1),(333,18,653,4,7,'Akhaura Upazila',1),(334,18,653,4,7,'Bancharampur Upazila',1),(335,18,653,4,7,'Brahmanbaria Sadar Upazila',1),(336,18,653,4,7,'Kasba Upazila',1),(337,18,653,4,7,'Nabinagar Upazila',1),(338,18,653,4,7,'Nasirnagar Upazila',1),(339,18,653,4,7,'Sarail Upazila',1),(340,18,653,4,7,'Ashuganj Upazila',1),(341,18,653,4,7,'Bijoynagar Upazila',1),(342,18,653,7,8,'Chandpur Sadar Upazila',1),(343,18,653,7,8,'Faridganj Upazila',1),(344,18,653,7,8,'Haimchar Upazila',1),(345,18,653,7,8,'Haziganj Upazila',1),(346,18,653,7,8,'Kachua Upazila',1),(347,18,653,7,8,'Matlab Upazila',1),(348,18,653,7,8,'Matlob Uttar Upazila',1),(349,18,653,7,8,'Shahrasti Upazila',1),(350,18,653,17,9,'Anwara Upazila',1),(351,18,653,17,9,'Banshkhali Upazila',1),(352,18,653,17,9,'Boalkhali Upazila',1),(353,18,653,17,9,'Chandanaish Upazila',1),(354,18,653,17,9,'Fatikchhari Upazila',1),(355,18,653,17,9,'Hathazari Upazila',1),(356,18,653,17,9,'Lohagara Upazila',1),(357,18,653,17,9,'Mirsharai Upazila',1),(358,18,653,17,9,'Patiya Upazila',1),(359,18,653,17,9,' Rangunia Upazila',1),(360,18,653,17,9,' Raozan Upazila',1),(361,18,653,17,9,' Sandwip Upazila',1),(362,18,653,17,9,' Satkania Upazila',1),(363,18,653,17,9,' Sitakunda Upazila',1),(364,18,653,18,11,'Barura Upazila',1),(365,18,653,18,11,'Brahmanpara Upazila',1),(366,18,653,18,11,'Burichong Upazila',1),(367,18,653,18,11,'Chandina Upazila',1),(368,18,653,18,11,'Chauddagram Upazila',1),(369,18,653,18,11,'Daudkandi Upazila',1),(370,18,653,18,11,'Debidwar Upazila',1),(371,18,653,18,11,'Homna Upazila',1),(372,18,653,18,11,'Laksam Upazila',1),(373,18,653,18,11,' Muradnagar Upazila',1),(374,18,653,18,11,' Nangalkot Upazila',1),(375,18,653,18,11,' Comilla Sadar Upazila',1),(376,18,653,18,11,' Meghna Upazila',1),(377,18,653,18,11,' Titas Upazila',1),(378,18,653,18,11,' Monohargonj Upazila',1),(379,18,653,18,11,' Sadar South Upazila',1),(380,18,653,18,11,' Bangodda Upazila',1),(381,18,653,2,12,'Chakaria Upazila',1),(382,18,653,2,12,'Cox\'s Bazar Sadar Upazila',1),(383,18,653,2,12,'Kutubdia Upazila',1),(384,18,653,2,12,'Maheshkhali Upazila',1),(385,18,653,2,12,'Ramu Upazila',1),(386,18,653,2,12,'Teknaf Upazila',1),(387,18,653,2,12,'Ukhia Upazila',1),(388,18,653,2,12,'Pekua Upazila',1),(389,18,653,9,16,'Chhagalnaiya Upazila',1),(390,18,653,9,16,'Daganbhuiyan Upazila',1),(391,18,653,9,16,'Feni Sadar Upazila',1),(392,18,653,9,16,'Parshuram Upazila',1),(393,18,653,9,16,'Sonagazi Upazila',1),(394,18,653,9,16,'Fulgazi Upazila',1),(395,18,653,10,25,'Dighinala Upazila',1),(396,18,653,10,25,'Khagrachhari Upazila',1),(397,18,653,10,25,'Lakshmichhari Upazila',1),(398,18,653,10,25,'Mahalchhari Upazila',1),(399,18,653,10,25,'Manikchhari Upazila',1),(400,18,653,10,25,'Matiranga Upazila',1),(401,18,653,10,25,'Panchhari Upazila',1),(402,18,653,10,25,'Ramgarh Upazila',1),(403,18,653,12,30,'Lakshmipur Sadar Upazila',1),(404,18,653,12,30,'Raipur Upazila',1),(405,18,653,12,30,'Ramganj Upazila',1),(406,18,653,12,30,'Ramgati Upazila',1),(407,18,653,12,30,'Komolnagar Upazila',1),(408,18,653,9,47,'Begumganj Upazila',1),(409,18,653,9,47,'Noakhali Sadar Upazila',1),(410,18,653,9,47,'Chatkhil Upazila',1),(411,18,653,9,47,'Companiganj Upazila',1),(412,18,653,9,47,'Hatiya Upazila',1),(413,18,653,9,47,'Senbagh Upazila',1),(414,18,653,9,47,'Sonaimuri Upazila',1),(415,18,653,9,47,'Subarnachar Upazila',1),(416,18,653,9,47,'Kabirhat Upazila',1),(417,18,653,14,54,'Bagaichhari Upazila',1),(418,18,653,14,54,'Barkal Upazila',1),(419,18,653,14,54,'Kawkhali (Betbunia) Upazila',1),(420,18,653,14,54,'Belaichhari Upazila',1),(421,18,653,14,54,'Kaptai Upazila',1),(422,18,653,14,54,'Juraichhari Upazila',1),(423,18,653,14,54,'Langadu Upazila',1),(424,18,653,14,54,'Mannerchar Upazila',1),(425,18,653,14,54,'Rajasthali Upazila',1),(426,18,653,14,54,' Rangamati Sadar Upazila',1),(427,18,659,73,20,'Ajmiriganj Upazila',1),(428,18,659,73,20,'Bahubal Upazila',1),(429,18,659,73,20,'Baniyachong Upazila',1),(430,18,659,73,20,'Chunarughat Upazila',1),(431,18,659,73,20,'Habiganj Sadar Upazila',1),(432,18,659,73,20,'Lakhai Upazila',1),(433,18,659,73,20,'Madhabpur Upazila',1),(434,18,659,73,20,'Nabiganj Upazila',1),(435,18,659,72,35,'Barlekha Upazila',1),(436,18,659,72,35,'Kamalganj Upazila',1),(437,18,659,72,35,'Kulaura Upazila',1),(438,18,659,72,35,'Moulvibazar Sadar Upazila',1),(439,18,659,72,35,'Rajnagar Upazila',1),(440,18,659,72,35,'Sreemangal Upazila',1),(441,18,659,72,35,'Juri Upazila',1),(442,18,659,72,60,'Bishwamvarpur Upazila',1),(443,18,659,72,60,'Chhatak Upazila',1),(444,18,659,72,60,'Derai Upazila',1),(445,18,659,72,60,'Dharampasha Upazila',1),(446,18,659,72,60,'Dowarabazar Upazila',1),(447,18,659,72,60,'Jagannathpur Upazila',1),(448,18,659,72,60,'Jamalganj Upazila',1),(449,18,659,72,60,'Sullah Upazila',1),(450,18,659,72,60,'Sunamganj Sadar Upazila',1),(451,18,659,72,60,' Tahirpur Upazila',1),(452,18,659,72,60,' South Sunamganj Upazila',1),(453,18,659,72,61,'Balaganj Upazila',1),(454,18,659,72,61,'Beanibazar Upazila',1),(455,18,659,72,61,'Bishwanath Upazila',1),(456,18,659,72,61,'Companigonj Upazila',1),(457,18,659,72,61,'Fenchuganj Upazila',1),(458,18,659,72,61,'Golapganj Upazila',1),(459,18,659,72,61,'Gowainghat Upazila',1),(460,18,659,72,61,'Jaintiapur Upazila',1),(461,18,659,72,61,'Kanaighat Upazila',1),(462,18,659,72,61,' Sylhet Sadar Upazila',1),(463,18,659,72,61,' Zakiganj Upazila',1),(464,18,659,72,61,' South Shurma Upazila',1),(465,18,656,46,1,'Bagerhat Sadar Upazila',1),(466,18,656,46,1,'Chitalmari Upazila',1),(467,18,656,46,1,'Fakirhat Upazila',1),(468,18,656,46,1,'Kachua Upazila',1),(469,18,656,46,1,'Mollahat Upazila',1),(470,18,656,46,1,'Mongla Upazila',1),(471,18,656,46,1,'Morrelganj Upazila',1),(472,18,656,46,1,'Rampal Upazila',1),(473,18,656,46,1,'Sarankhola Upazila',1),(474,18,656,47,10,'Alamdanga Upazila',1),(475,18,656,47,10,'Chuadanga Sadar Upazila',1),(476,18,656,47,10,'Damurhuda Upazila',1),(477,18,656,47,10,'Jibannagar Upazila',1),(478,18,656,48,22,'Abhaynagar Upazila',1),(479,18,656,48,22,'Bagherpara Upazila',1),(480,18,656,48,22,'Chaugachha Upazila',1),(481,18,656,48,22,'Jhikargachha Upazila',1),(482,18,656,48,22,'Keshabpur Upazila',1),(483,18,656,48,22,'Jessore Sadar Upazila',1),(484,18,656,48,22,'Manirampur Upazila',1),(485,18,656,48,22,'Sharsha Upazila',1),(486,18,656,49,23,'Harinakunda Upazila',1),(487,18,656,49,23,'Jhenaidah Sadar Upazila',1),(488,18,656,49,23,'Kaliganj Upazila',1),(489,18,656,49,23,'Kotchandpur Upazila',1),(490,18,656,49,23,'Maheshpur Upazila',1),(491,18,656,49,23,'Shailkupa Upazila',1),(492,18,656,45,26,'Batiaghata Upazila',1),(493,18,656,45,26,'Dacope Upazila',1),(494,18,656,45,26,'Dumuria Upazila',1),(495,18,656,45,26,'Dighalia Upazila',1),(496,18,656,45,26,'Koyra Upazila',1),(497,18,656,45,26,'Paikgachha Upazila',1),(498,18,656,45,26,'Phultala Upazila',1),(499,18,656,45,26,'Rupsha Upazila',1),(500,18,656,45,26,'Terokhada Upazila',1),(501,18,656,45,26,' Khulna Sadar Thana',1),(502,18,656,45,26,' Boyra Thana',1),(503,18,656,50,29,'Bheramara Upazila',1),(504,18,656,50,29,'Daulatpur Upazila',1),(505,18,656,50,29,'Khoksa Upazila',1),(506,18,656,50,29,'Kumarkhali Upazila',1),(507,18,656,50,29,'Kushtia Sadar Upazila',1),(508,18,656,50,29,'Mirpur Upazila',1),(509,18,656,50,29,'Shekhpara Upazila',1),(510,18,656,51,33,'Magura Sadar Upazila',1),(511,18,656,51,33,'Mohammadpur Upazila',1),(512,18,656,51,33,'Shalikha Upazila',1),(513,18,656,51,33,'Sreepur Upazila',1),(514,18,656,52,36,'Gangni Upazila',1),(515,18,656,52,36,'Meherpur Sadar Upazila',1),(516,18,656,52,36,'Mujibnagar Upazila',1),(517,18,656,53,40,'Kalia Upazila',1),(518,18,656,53,40,'Lohagara Upazila',1),(519,18,656,53,40,'Narail Sadar Upazila',1),(520,18,656,53,40,'Naragati Thana',1),(521,18,656,54,56,'Assasuni Upazila',1),(522,18,656,54,56,'Debhata Upazila',1),(523,18,656,54,56,'Kalaroa Upazila',1),(524,18,656,54,56,'Kaliganj Upazila',1),(525,18,656,54,56,'Satkhira Sadar Upazila',1),(526,18,656,54,56,'Shyamnagar Upazila',1),(527,18,656,54,56,'Tala Upazila',1);

/*Table structure for table `os_title` */

DROP TABLE IF EXISTS `os_title`;

CREATE TABLE `os_title` (
  `id` int(11) NOT NULL AUTO_INCREMENT COMMENT 'ID',
  `title` varchar(100) COLLATE utf8_unicode_ci NOT NULL COMMENT 'Title',
  `details` text COLLATE utf8_unicode_ci COMMENT 'Details',
  PRIMARY KEY (`id`)
) ENGINE=InnoDB AUTO_INCREMENT=9 DEFAULT CHARSET=utf8 COLLATE=utf8_unicode_ci;

/*Data for the table `os_title` */

insert  into `os_title`(`id`,`title`,`details`) values (1,'প্রচ্ছদ',NULL),(2,'সর্বশেষ',NULL),(3,'জনপ্রিয়',NULL),(4,'মতামত',NULL),(5,'শীর্ষ সংবাদ',NULL),(6,'অডিও/ভিডিও',NULL),(7,'ফটো এলবাম',NULL),(8,'নির্বাচিত সংবাদ',NULL);

/*Table structure for table `os_user` */

DROP TABLE IF EXISTS `os_user`;

CREATE TABLE `os_user` (
  `id` int(11) NOT NULL AUTO_INCREMENT,
  `name` varchar(255) NOT NULL,
  `username` varchar(150) NOT NULL,
  `email` varchar(100) NOT NULL,
  `password` varchar(100) NOT NULL,
  `registerDate` datetime NOT NULL DEFAULT '0000-00-00 00:00:00',
  `lastvisitDate` datetime NOT NULL DEFAULT '0000-00-00 00:00:00',
  `activation` varchar(100) NOT NULL DEFAULT '',
  `group_id` int(11) DEFAULT '0',
  `status` tinyint(1) DEFAULT NULL,
  `user_type` tinyint(1) NOT NULL DEFAULT '0',
  PRIMARY KEY (`id`),
  KEY `idx_name` (`name`),
  KEY `username` (`username`),
  KEY `email` (`email`)
) ENGINE=InnoDB AUTO_INCREMENT=1002 DEFAULT CHARSET=utf8;

/*Data for the table `os_user` */

insert  into `os_user`(`id`,`name`,`username`,`email`,`password`,`registerDate`,`lastvisitDate`,`activation`,`group_id`,`status`,`user_type`) values (1001,'Saidur Rahman','rana','saidurwd@gmail.com','80c0ff172a69c5068916cffbdad2d0b67ed77c97','2013-04-04 23:18:41','0000-00-00 00:00:00','',7,1,0);

/*Table structure for table `os_user_admin` */

DROP TABLE IF EXISTS `os_user_admin`;

CREATE TABLE `os_user_admin` (
  `id` int(11) NOT NULL AUTO_INCREMENT,
  `name` varchar(255) NOT NULL,
  `username` varchar(150) NOT NULL,
  `email` varchar(100) NOT NULL,
  `password` varchar(100) NOT NULL,
  `registerDate` datetime NOT NULL DEFAULT '0000-00-00 00:00:00',
  `lastvisitDate` datetime NOT NULL DEFAULT '0000-00-00 00:00:00',
  `profile_picture` varchar(250) DEFAULT NULL,
  `activation` varchar(100) NOT NULL DEFAULT '',
  `group_id` int(11) DEFAULT '0',
  `status` tinyint(1) DEFAULT NULL,
  `user_type` tinyint(1) NOT NULL DEFAULT '1',
  PRIMARY KEY (`id`),
  KEY `idx_name` (`name`),
  KEY `username` (`username`),
  KEY `email` (`email`)
) ENGINE=InnoDB AUTO_INCREMENT=3 DEFAULT CHARSET=utf8;

/*Data for the table `os_user_admin` */

insert  into `os_user_admin`(`id`,`name`,`username`,`email`,`password`,`registerDate`,`lastvisitDate`,`profile_picture`,`activation`,`group_id`,`status`,`user_type`) values (1,'Optimo Solution','admin','optimosolution@gmail.com','b4fed6e1adafaadaddad05923c52c709b0af1f08','2013-02-01 00:00:00','2016-11-03 22:57:47','1472595023_tst.jpg','',1,1,1),(2,'Aysha Akter','aysha','aysha_akter82@yahoo.com','fa832495588ed9fa80bb73838f7f557e5832d695','2016-06-18 00:21:12','2016-08-08 11:03:54',NULL,'19446b43ddcad7d00208ca93eb6b09da',1,1,1);

/*Table structure for table `os_user_group` */

DROP TABLE IF EXISTS `os_user_group`;

CREATE TABLE `os_user_group` (
  `id` int(10) unsigned NOT NULL AUTO_INCREMENT COMMENT 'Primary Key',
  `title` varchar(100) NOT NULL,
  `details` text,
  PRIMARY KEY (`id`),
  UNIQUE KEY `idx_usergroup_parent_title_lookup` (`title`),
  KEY `idx_usergroup_title_lookup` (`title`)
) ENGINE=InnoDB AUTO_INCREMENT=8 DEFAULT CHARSET=utf8;

/*Data for the table `os_user_group` */

insert  into `os_user_group`(`id`,`title`,`details`) values (1,'Super Users',NULL),(2,'Administrator',NULL),(3,'Manager',''),(4,'Publisher',NULL),(5,'Editor',NULL),(6,'Author',NULL),(7,'Registered',NULL);

/*Table structure for table `os_user_profile` */

DROP TABLE IF EXISTS `os_user_profile`;

CREATE TABLE `os_user_profile` (
  `id` int(11) NOT NULL AUTO_INCREMENT,
  `user_id` int(11) NOT NULL,
  `profile_picture` varchar(255) DEFAULT NULL,
  `country_id` int(11) DEFAULT NULL,
  `state_id` int(11) DEFAULT NULL,
  `city_id` int(11) DEFAULT NULL,
  `address` varchar(255) DEFAULT NULL,
  `mobile` varchar(100) DEFAULT NULL,
  `phone` varchar(100) DEFAULT NULL,
  `fax` varchar(100) DEFAULT NULL,
  `website` varchar(150) DEFAULT NULL,
  `expiry` date DEFAULT '0000-00-00',
  `birth_date` date DEFAULT '0000-00-00',
  PRIMARY KEY (`id`),
  UNIQUE KEY `idx_user_id_profile_key` (`user_id`)
) ENGINE=InnoDB AUTO_INCREMENT=2 DEFAULT CHARSET=utf8 COMMENT='Simple user profile storage table';

/*Data for the table `os_user_profile` */

insert  into `os_user_profile`(`id`,`user_id`,`profile_picture`,`country_id`,`state_id`,`city_id`,`address`,`mobile`,`phone`,`fax`,`website`,`expiry`,`birth_date`) values (1,1001,'1396694224_rana-bb.png',18,653,1,'','+8801911731214','','','http://www.saidur-rahman.com','0000-00-00','0000-00-00');

/*Table structure for table `os_user_status` */

DROP TABLE IF EXISTS `os_user_status`;

CREATE TABLE `os_user_status` (
  `id` int(11) NOT NULL AUTO_INCREMENT,
  `status` varchar(255) NOT NULL,
  PRIMARY KEY (`id`)
) ENGINE=InnoDB AUTO_INCREMENT=5 DEFAULT CHARSET=latin1;

/*Data for the table `os_user_status` */

insert  into `os_user_status`(`id`,`status`) values (1,'Active'),(2,'Not Active'),(3,'Blocked'),(4,'Expired');

/*Table structure for table `os_visitor` */

DROP TABLE IF EXISTS `os_visitor`;

CREATE TABLE `os_visitor` (
  `id` bigint(20) unsigned NOT NULL AUTO_INCREMENT,
  `user_type` tinyint(1) DEFAULT NULL,
  `user_id` int(11) DEFAULT NULL,
  `user_name` varchar(100) DEFAULT NULL,
  `page_title` varchar(255) CHARACTER SET utf8 DEFAULT NULL,
  `page_link` varchar(150) CHARACTER SET utf8 DEFAULT NULL,
  `server_time` timestamp NULL DEFAULT NULL,
  `browser` varchar(100) CHARACTER SET utf8 DEFAULT NULL,
  `visitor_ip` varchar(100) CHARACTER SET utf8 DEFAULT NULL,
  PRIMARY KEY (`id`)
) ENGINE=InnoDB DEFAULT CHARSET=latin1;

/*Data for the table `os_visitor` */

/*Table structure for table `os_weblink` */

DROP TABLE IF EXISTS `os_weblink`;

CREATE TABLE `os_weblink` (
  `id` int(10) unsigned NOT NULL AUTO_INCREMENT,
  `category_id` int(11) NOT NULL,
  `title` varchar(255) COLLATE utf8_unicode_ci NOT NULL,
  `description` text COLLATE utf8_unicode_ci,
  `click_url` varchar(250) COLLATE utf8_unicode_ci NOT NULL,
  `created_on` datetime DEFAULT '0000-00-00 00:00:00',
  `created_by` int(11) DEFAULT NULL,
  `hits` int(11) DEFAULT NULL,
  `published` tinyint(1) DEFAULT '1',
  PRIMARY KEY (`id`)
) ENGINE=InnoDB DEFAULT CHARSET=utf8 COLLATE=utf8_unicode_ci;

/*Data for the table `os_weblink` */

/*Table structure for table `os_weblink_category` */

DROP TABLE IF EXISTS `os_weblink_category`;

CREATE TABLE `os_weblink_category` (
  `id` int(11) NOT NULL AUTO_INCREMENT,
  `parent_id` int(11) unsigned NOT NULL DEFAULT '0',
  `title` varchar(255) NOT NULL,
  `alias` varchar(255) CHARACTER SET utf8 COLLATE utf8_bin NOT NULL,
  `description` mediumtext NOT NULL,
  `published` tinyint(1) NOT NULL DEFAULT '1',
  `created_by` int(11) DEFAULT NULL,
  `created_time` datetime NOT NULL DEFAULT '0000-00-00 00:00:00',
  `modified_by` int(11) DEFAULT NULL,
  `modified_time` datetime NOT NULL DEFAULT '0000-00-00 00:00:00',
  PRIMARY KEY (`id`),
  KEY `cat_idx` (`published`),
  KEY `idx_alias` (`alias`)
) ENGINE=InnoDB DEFAULT CHARSET=utf8;

/*Data for the table `os_weblink_category` */

/*Table structure for table `os_yiisession` */

DROP TABLE IF EXISTS `os_yiisession`;

CREATE TABLE `os_yiisession` (
  `id` char(32) COLLATE utf8_unicode_ci NOT NULL,
  `expire` int(11) DEFAULT NULL,
  `data` longblob,
  `userId` int(11) DEFAULT NULL,
  `userType` tinyint(1) DEFAULT NULL,
  PRIMARY KEY (`id`)
) ENGINE=InnoDB DEFAULT CHARSET=utf8 COLLATE=utf8_unicode_ci;

/*Data for the table `os_yiisession` */

/*Table structure for table `os_youtube` */

DROP TABLE IF EXISTS `os_youtube`;

CREATE TABLE `os_youtube` (
  `id` int(10) unsigned NOT NULL AUTO_INCREMENT,
  `youtube_id` varchar(100) COLLATE utf8_unicode_ci DEFAULT NULL,
  `published` tinyint(1) NOT NULL DEFAULT '1',
  `created_on` datetime DEFAULT '0000-00-00 00:00:00',
  `created_by` int(11) DEFAULT NULL,
  `district` int(11) DEFAULT NULL,
  `thana` int(11) DEFAULT NULL,
  `featured` tinyint(1) DEFAULT '0',
  PRIMARY KEY (`id`)
) ENGINE=InnoDB AUTO_INCREMENT=2 DEFAULT CHARSET=utf8 COLLATE=utf8_unicode_ci;

/*Data for the table `os_youtube` */

insert  into `os_youtube`(`id`,`youtube_id`,`published`,`created_on`,`created_by`,`district`,`thana`,`featured`) values (1,'W82IiZi4KJc',1,'2015-05-30 00:21:27',1,NULL,NULL,1);

/*!40101 SET SQL_MODE=@OLD_SQL_MODE */;
/*!40014 SET FOREIGN_KEY_CHECKS=@OLD_FOREIGN_KEY_CHECKS */;
/*!40014 SET UNIQUE_CHECKS=@OLD_UNIQUE_CHECKS */;
/*!40111 SET SQL_NOTES=@OLD_SQL_NOTES */;
